date,shift,wait_min,complaint,weekend,monday
2026-08-01,Manhã,2.0164462349584995,0,True,False
2026-08-01,Manhã,3.876125852282149,0,True,False
2026-08-01,Manhã,4.6139609831357555,0,True,False
2026-08-01,Manhã,3.87195826119322,0,True,False
2026-08-01,Manhã,2.2178464264560587,0,True,False
2026-08-01,Manhã,6.5358796414165425,0,True,False
2026-08-01,Manhã,3.787720300072738,0,True,False
2026-08-01,Manhã,5.1938025245189285,0,True,False
2026-08-01,Manhã,4.524491803480713,0,True,False
2026-08-01,Manhã,4.836373683115227,0,True,False
2026-08-01,Manhã,11.08729603362493,0,True,False
2026-08-01,Manhã,2.2883478316420156,0,True,False
2026-08-01,Manhã,2.087496875423823,0,True,False
2026-08-01,Manhã,5.043951345169193,0,True,False
2026-08-01,Manhã,5.808510315723774,0,True,False
2026-08-01,Manhã,4.868450970716551,0,True,False
2026-08-01,Manhã,2.8080212944102594,0,True,False
2026-08-01,Manhã,4.7571091571501665,0,True,False
2026-08-01,Manhã,5.274368171731643,0,True,False
2026-08-01,Manhã,6.471388034218155,0,True,False
2026-08-01,Manhã,4.916007367575012,0,True,False
2026-08-01,Manhã,6.412032121660731,0,True,False
2026-08-01,Manhã,4.423996873673604,0,True,False
2026-08-01,Manhã,5.009298976974181,0,True,False
2026-08-01,Manhã,5.438577214142279,0,True,False
2026-08-01,Manhã,2.440573099521499,0,True,False
2026-08-01,Manhã,3.180243121346437,0,True,False
2026-08-01,Manhã,6.279209960632635,0,True,False
2026-08-01,Manhã,5.164079190912283,0,True,False
2026-08-01,Manhã,2.2321387680883036,0,True,False
2026-08-01,Manhã,2.074588852410838,0,True,False
2026-08-01,Manhã,3.320291850079913,0,True,False
2026-08-01,Manhã,4.966268595629723,0,True,False
2026-08-01,Manhã,3.7853007888109507,0,True,False
2026-08-01,Manhã,4.982059769410584,0,True,False
2026-08-01,Manhã,5.77020001695113,0,True,False
2026-08-01,Manhã,7.608889683973606,0,True,False
2026-08-01,Manhã,5.444074251295817,0,True,False
2026-08-01,Manhã,8.277811792901616,0,True,False
2026-08-01,Manhã,4.442182879637738,0,True,False
2026-08-01,Manhã,3.256972006091059,0,True,False
2026-08-01,Manhã,3.3887376955458395,0,True,False
2026-08-01,Manhã,4.089697388317275,0,True,False
2026-08-01,Manhã,3.1045842485314137,0,True,False
2026-08-01,Manhã,1.7893397019972288,1,True,False
2026-08-01,Manhã,7.056528197708549,0,True,False
2026-08-01,Manhã,3.0752429074868184,0,True,False
2026-08-01,Manhã,2.667842023389621,0,True,False
2026-08-01,Manhã,4.11941154044727,0,True,False
2026-08-01,Manhã,6.862358029584118,0,True,False
2026-08-01,Manhã,7.058707771194235,0,True,False
2026-08-01,Manhã,6.14473283546759,0,True,False
2026-08-01,Manhã,4.9339215263640295,0,True,False
2026-08-01,Manhã,4.329910356710966,0,True,False
2026-08-01,Manhã,3.0009674369141823,0,True,False
2026-08-01,Manhã,8.799851041195856,0,True,False
2026-08-01,Manhã,2.7584596580564478,0,True,False
2026-08-01,Manhã,6.7580487021954765,0,True,False
2026-08-01,Manhã,19.913495072162505,0,True,False
2026-08-01,Manhã,2.8122960099960257,0,True,False
2026-08-01,Manhã,3.9300871218819973,0,True,False
2026-08-01,Manhã,7.786426802012466,0,True,False
2026-08-01,Manhã,2.5972393439140498,0,True,False
2026-08-01,Manhã,2.154118104806639,0,True,False
2026-08-01,Manhã,4.892337896618617,0,True,False
2026-08-01,Tarde,2.49645292388849,0,True,False
2026-08-01,Tarde,2.600539077845582,0,True,False
2026-08-01,Tarde,3.1963893166917665,0,True,False
2026-08-01,Tarde,9.644647477926034,0,True,False
2026-08-01,Tarde,1.390560065397089,0,True,False
2026-08-01,Tarde,2.1655591091603577,0,True,False
2026-08-01,Tarde,5.511501263246368,0,True,False
2026-08-01,Tarde,3.389102629089932,0,True,False
2026-08-01,Tarde,1.940834844416735,0,True,False
2026-08-01,Tarde,5.457103375392842,0,True,False
2026-08-01,Tarde,7.018733032024996,0,True,False
2026-08-01,Tarde,7.457000926788134,0,True,False
2026-08-01,Tarde,3.7978018508767653,0,True,False
2026-08-01,Tarde,4.193900258994285,0,True,False
2026-08-01,Tarde,5.51825272511004,0,True,False
2026-08-01,Tarde,2.550228579535259,0,True,False
2026-08-01,Tarde,2.2916426918260675,0,True,False
2026-08-01,Tarde,1.9321909735279945,0,True,False
2026-08-01,Tarde,9.23456089364571,0,True,False
2026-08-01,Tarde,7.810513732626762,0,True,False
2026-08-01,Tarde,9.004047349254087,0,True,False
2026-08-01,Tarde,6.447644312252825,0,True,False
2026-08-01,Tarde,6.2984958653652585,0,True,False
2026-08-01,Tarde,4.5024489429903625,0,True,False
2026-08-01,Tarde,4.073772936214638,0,True,False
2026-08-01,Tarde,4.8827091314185145,0,True,False
2026-08-01,Tarde,4.523410108315801,0,True,False
2026-08-01,Tarde,6.220209366641103,0,True,False
2026-08-01,Tarde,3.027638254041674,0,True,False
2026-08-01,Tarde,5.58538235922641,0,True,False
2026-08-01,Tarde,9.379083636465623,0,True,False
2026-08-01,Tarde,13.578676083611256,0,True,False
2026-08-01,Tarde,4.455141486028384,0,True,False
2026-08-01,Tarde,12.80761174685113,0,True,False
2026-08-01,Tarde,3.798333538668023,0,True,False
2026-08-01,Tarde,2.991236263277655,1,True,False
2026-08-01,Tarde,2.7055768754154275,0,True,False
2026-08-01,Tarde,5.53608217983094,0,True,False
2026-08-01,Tarde,4.897123791809466,0,True,False
2026-08-01,Tarde,3.1070427364721556,0,True,False
2026-08-01,Tarde,9.044022098127746,0,True,False
2026-08-01,Tarde,7.548854157541501,0,True,False
2026-08-01,Tarde,3.6899105767779727,0,True,False
2026-08-01,Tarde,7.618172181126963,0,True,False
2026-08-01,Tarde,3.121815228352203,1,True,False
2026-08-01,Tarde,6.702612103174655,0,True,False
2026-08-01,Tarde,11.260613329037813,0,True,False
2026-08-01,Tarde,2.7894975053204036,0,True,False
2026-08-01,Tarde,7.4576204369414825,0,True,False
2026-08-01,Noite,4.97746082689075,0,True,False
2026-08-01,Noite,4.655755003225131,0,True,False
2026-08-01,Noite,1.3317909745820342,0,True,False
2026-08-01,Noite,6.18062029160719,0,True,False
2026-08-01,Noite,12.66250421286286,0,True,False
2026-08-01,Noite,4.490842764892676,0,True,False
2026-08-01,Noite,12.007210581043003,0,True,False
2026-08-01,Noite,4.16754112577793,0,True,False
2026-08-01,Noite,5.148630163123559,0,True,False
2026-08-01,Noite,3.2802929588650205,0,True,False
2026-08-01,Noite,2.1855401333927706,1,True,False
2026-08-01,Noite,12.523477342526588,0,True,False
2026-08-01,Noite,13.188821205641375,0,True,False
2026-08-01,Noite,8.878531809783295,0,True,False
2026-08-01,Noite,3.6575138997701315,0,True,False
2026-08-01,Noite,3.888192736098469,0,True,False
2026-08-01,Noite,1.778434292358513,0,True,False
2026-08-01,Noite,6.890467644364715,0,True,False
2026-08-01,Noite,3.206906680941184,0,True,False
2026-08-01,Noite,2.437571022694224,0,True,False
2026-08-01,Noite,5.829969690518297,0,True,False
2026-08-01,Noite,5.607209032386989,0,True,False
2026-08-01,Madrugada,3.4158107186879336,0,True,False
2026-08-01,Madrugada,7.952384799752517,0,True,False
2026-08-01,Madrugada,6.265699915558262,0,True,False
2026-08-01,Madrugada,4.338650084449225,0,True,False
2026-08-01,Madrugada,6.668892700972373,0,True,False
2026-08-01,Madrugada,5.3320455674138865,0,True,False
2026-08-01,Madrugada,5.955367913345739,0,True,False
2026-08-01,Madrugada,6.741510647544403,0,True,False
2026-08-01,Madrugada,3.376460547044334,0,True,False
2026-08-01,Madrugada,8.221699437581037,0,True,False
2026-08-01,Madrugada,5.704931105374978,0,True,False
2026-08-01,Madrugada,13.131313710705474,0,True,False
2026-08-01,Madrugada,9.747633452379311,0,True,False
2026-08-01,Madrugada,2.518108426798255,1,True,False
2026-08-02,Manhã,4.187958972077454,0,True,False
2026-08-02,Manhã,2.295799928034188,0,True,False
2026-08-02,Manhã,4.750323611137224,0,True,False
2026-08-02,Manhã,1.468938817585051,0,True,False
2026-08-02,Manhã,4.575336026083894,0,True,False
2026-08-02,Manhã,2.3551120228973565,0,True,False
2026-08-02,Manhã,5.448649782384707,0,True,False
2026-08-02,Manhã,4.363547153207372,0,True,False
2026-08-02,Manhã,2.362038618429973,0,True,False
2026-08-02,Manhã,5.649973061299948,0,True,False
2026-08-02,Manhã,3.2936294008271103,0,True,False
2026-08-02,Manhã,3.0439474744535397,0,True,False
2026-08-02,Manhã,4.100382911229137,0,True,False
2026-08-02,Manhã,1.4574846347921115,0,True,False
2026-08-02,Manhã,2.6608525160577736,0,True,False
2026-08-02,Manhã,1.545360943356357,0,True,False
2026-08-02,Manhã,8.522578817040102,0,True,False
2026-08-02,Manhã,1.2884845168281833,0,True,False
2026-08-02,Manhã,4.498407400542138,0,True,False
2026-08-02,Manhã,2.9691056005314267,0,True,False
2026-08-02,Manhã,2.2201510105984252,0,True,False
2026-08-02,Manhã,2.7219255766371533,0,True,False
2026-08-02,Manhã,2.3953540061428957,0,True,False
2026-08-02,Manhã,1.359387849546098,0,True,False
2026-08-02,Manhã,2.4966106315902294,0,True,False
2026-08-02,Manhã,3.3272373534763604,0,True,False
2026-08-02,Manhã,3.765399228642103,0,True,False
2026-08-02,Manhã,1.6663597245487753,0,True,False
2026-08-02,Manhã,2.246779936609839,0,True,False
2026-08-02,Manhã,2.5509920409948323,0,True,False
2026-08-02,Manhã,3.212447769834412,0,True,False
2026-08-02,Manhã,2.4428762032590554,0,True,False
2026-08-02,Manhã,2.4647117200699604,0,True,False
2026-08-02,Manhã,3.1442624997930935,0,True,False
2026-08-02,Manhã,1.5190755787441552,0,True,False
2026-08-02,Manhã,3.0458169084075246,0,True,False
2026-08-02,Manhã,4.5882779153722035,0,True,False
2026-08-02,Manhã,2.300895263421291,0,True,False
2026-08-02,Manhã,3.805660609206228,0,True,False
2026-08-02,Manhã,2.7918834352899298,0,True,False
2026-08-02,Manhã,2.361833048790206,0,True,False
2026-08-02,Manhã,3.8044574102034874,0,True,False
2026-08-02,Manhã,1.790873282593644,0,True,False
2026-08-02,Manhã,7.5026809078279095,0,True,False
2026-08-02,Manhã,2.8120051540771427,0,True,False
2026-08-02,Manhã,5.670777933262211,0,True,False
2026-08-02,Manhã,2.0027928049263597,0,True,False
2026-08-02,Manhã,4.787799067175775,0,True,False
2026-08-02,Manhã,7.211929702454386,0,True,False
2026-08-02,Manhã,2.8278797091563237,0,True,False
2026-08-02,Tarde,6.658837296577556,0,True,False
2026-08-02,Tarde,8.528904499137132,0,True,False
2026-08-02,Tarde,5.753769442724039,0,True,False
2026-08-02,Tarde,4.065498215754518,0,True,False
2026-08-02,Tarde,11.9106205524924,0,True,False
2026-08-02,Tarde,3.1884892438341477,0,True,False
2026-08-02,Tarde,4.660927351415769,0,True,False
2026-08-02,Tarde,9.655922575237291,0,True,False
2026-08-02,Tarde,4.172835096015596,0,True,False
2026-08-02,Tarde,9.654356975009803,0,True,False
2026-08-02,Tarde,2.9497393433223382,0,True,False
2026-08-02,Tarde,4.709296948047255,0,True,False
2026-08-02,Tarde,10.267829383549886,0,True,False
2026-08-02,Tarde,5.300454680519155,0,True,False
2026-08-02,Tarde,5.674046157539616,0,True,False
2026-08-02,Tarde,7.140985583423291,0,True,False
2026-08-02,Tarde,5.284055012931286,0,True,False
2026-08-02,Tarde,5.500469721694061,0,True,False
2026-08-02,Tarde,4.459185101345227,0,True,False
2026-08-02,Tarde,3.511027292263343,0,True,False
2026-08-02,Tarde,3.9664130210793087,0,True,False
2026-08-02,Tarde,7.549992612164884,0,True,False
2026-08-02,Tarde,2.7918069308958144,0,True,False
2026-08-02,Tarde,3.543288005880028,0,True,False
2026-08-02,Tarde,7.4503016192241285,0,True,False
2026-08-02,Tarde,7.631254480805763,0,True,False
2026-08-02,Tarde,4.389673887659541,0,True,False
2026-08-02,Tarde,3.5360547176638812,0,True,False
2026-08-02,Tarde,4.911398980709318,0,True,False
2026-08-02,Tarde,2.407397582070695,0,True,False
2026-08-02,Tarde,9.342674119277733,0,True,False
2026-08-02,Tarde,5.426227271564146,0,True,False
2026-08-02,Tarde,3.8497984229308506,0,True,False
2026-08-02,Tarde,2.374361829349031,0,True,False
2026-08-02,Tarde,6.641519031638573,0,True,False
2026-08-02,Tarde,11.00506741166922,0,True,False
2026-08-02,Tarde,6.07665292703547,0,True,False
2026-08-02,Tarde,6.458094369137759,0,True,False
2026-08-02,Tarde,6.478925002033894,0,True,False
2026-08-02,Tarde,6.655197998318089,0,True,False
2026-08-02,Tarde,3.1257464437822806,0,True,False
2026-08-02,Tarde,4.307453101182719,0,True,False
2026-08-02,Noite,6.35350834584315,0,True,False
2026-08-02,Noite,5.492511485710339,0,True,False
2026-08-02,Noite,4.629807896451003,0,True,False
2026-08-02,Noite,8.385326319083573,0,True,False
2026-08-02,Noite,2.901691458745274,0,True,False
2026-08-02,Noite,12.637788871444766,0,True,False
2026-08-02,Noite,1.9157556526755395,0,True,False
2026-08-02,Noite,3.5058246873377605,0,True,False
2026-08-02,Noite,4.728276194166295,0,True,False
2026-08-02,Noite,12.476295448500952,0,True,False
2026-08-02,Noite,2.804560384991302,0,True,False
2026-08-02,Noite,7.496841615664771,0,True,False
2026-08-02,Noite,9.483084124014395,0,True,False
2026-08-02,Noite,7.822025364832847,0,True,False
2026-08-02,Noite,4.2885463923618845,0,True,False
2026-08-02,Noite,10.896810052494734,0,True,False
2026-08-02,Noite,3.890665219833669,0,True,False
2026-08-02,Noite,7.499347508215363,0,True,False
2026-08-02,Noite,6.359530969423962,1,True,False
2026-08-02,Noite,2.0615424672357827,0,True,False
2026-08-02,Noite,2.5327782690879217,0,True,False
2026-08-02,Noite,4.8277405715742105,0,True,False
2026-08-02,Noite,2.068907407682971,0,True,False
2026-08-02,Noite,3.515253551646726,0,True,False
2026-08-02,Noite,4.231247526321882,0,True,False
2026-08-02,Noite,3.653547089456703,0,True,False
2026-08-02,Noite,7.215340966975758,0,True,False
2026-08-02,Noite,8.901684205131101,0,True,False
2026-08-02,Noite,4.617976201401991,0,True,False
2026-08-02,Madrugada,4.326293595427558,0,True,False
2026-08-02,Madrugada,7.259322496444187,0,True,False
2026-08-02,Madrugada,8.047644789450239,0,True,False
2026-08-02,Madrugada,1.935619952952243,0,True,False
2026-08-02,Madrugada,6.031801383607202,0,True,False
2026-08-02,Madrugada,6.320831450646108,0,True,False
2026-08-02,Madrugada,4.471564323650675,0,True,False
2026-08-02,Madrugada,6.123332470210425,0,True,False
2026-08-02,Madrugada,3.3074532073963248,0,True,False
2026-08-02,Madrugada,4.420529057128843,0,True,False
2026-08-02,Madrugada,12.030920308636427,0,True,False
2026-08-03,Manhã,6.012856632166727,0,False,True
2026-08-03,Manhã,3.0359100926526663,0,False,True
2026-08-03,Manhã,3.364054690532367,0,False,True
2026-08-03,Manhã,4.089297651148236,0,False,True
2026-08-03,Manhã,5.611135456801918,0,False,True
2026-08-03,Manhã,4.681602967601457,0,False,True
2026-08-03,Manhã,2.8726656830162134,0,False,True
2026-08-03,Manhã,3.4591055649429068,0,False,True
2026-08-03,Manhã,3.2477515918032034,0,False,True
2026-08-03,Manhã,12.352701123589057,0,False,True
2026-08-03,Manhã,10.315588250379799,0,False,True
2026-08-03,Manhã,7.07830825150218,0,False,True
2026-08-03,Manhã,1.6628321302081341,0,False,True
2026-08-03,Manhã,5.6249180587702705,0,False,True
2026-08-03,Manhã,6.084539785499737,0,False,True
2026-08-03,Manhã,4.149042883841193,0,False,True
2026-08-03,Manhã,4.191873242537462,0,False,True
2026-08-03,Manhã,5.094406207274378,0,False,True
2026-08-03,Manhã,6.241506110451496,0,False,True
2026-08-03,Manhã,4.521862729641269,0,False,True
2026-08-03,Manhã,7.235450294798171,0,False,True
2026-08-03,Manhã,11.521681591261046,0,False,True
2026-08-03,Manhã,6.2366657284502445,0,False,True
2026-08-03,Manhã,3.578929165649512,0,False,True
2026-08-03,Manhã,4.304105261652366,0,False,True
2026-08-03,Manhã,5.092856205060924,0,False,True
2026-08-03,Manhã,3.157041769587708,0,False,True
2026-08-03,Manhã,5.187330894724126,0,False,True
2026-08-03,Manhã,3.5758730904179847,0,False,True
2026-08-03,Manhã,3.806359642899331,0,False,True
2026-08-03,Manhã,4.468792900113225,0,False,True
2026-08-03,Manhã,2.742421930598027,0,False,True
2026-08-03,Manhã,3.5691259162381823,0,False,True
2026-08-03,Manhã,8.307597315829167,0,False,True
2026-08-03,Manhã,8.289471570279822,0,False,True
2026-08-03,Manhã,5.169625488836257,0,False,True
2026-08-03,Manhã,9.311473977587461,0,False,True
2026-08-03,Manhã,3.7568820905136078,0,False,True
2026-08-03,Manhã,7.535070645928604,0,False,True
2026-08-03,Manhã,2.7145628672718827,0,False,True
2026-08-03,Manhã,5.5860893862346765,0,False,True
2026-08-03,Manhã,3.673142568717156,0,False,True
2026-08-03,Manhã,3.7769053006114053,0,False,True
2026-08-03,Manhã,4.538929923483329,0,False,True
2026-08-03,Manhã,6.189614188079584,0,False,True
2026-08-03,Manhã,4.982449368165401,0,False,True
2026-08-03,Manhã,3.3890082222294846,0,False,True
2026-08-03,Manhã,5.668958618278261,1,False,True
2026-08-03,Manhã,5.22818980783268,0,False,True
2026-08-03,Manhã,5.460687507517621,0,False,True
2026-08-03,Manhã,3.3653500458511765,0,False,True
2026-08-03,Manhã,3.7219325624244797,0,False,True
2026-08-03,Manhã,4.7987008745437985,0,False,True
2026-08-03,Manhã,5.9763523642976875,0,False,True
2026-08-03,Manhã,4.824508453359189,0,False,True
2026-08-03,Manhã,4.35188659679274,0,False,True
2026-08-03,Manhã,7.508079125826245,0,False,True
2026-08-03,Manhã,4.472715799791209,0,False,True
2026-08-03,Manhã,4.293645529373573,0,False,True
2026-08-03,Manhã,3.261530128854364,0,False,True
2026-08-03,Manhã,6.375388092890207,0,False,True
2026-08-03,Manhã,5.144064621131043,0,False,True
2026-08-03,Manhã,4.761419897659152,0,False,True
2026-08-03,Manhã,3.3658834338454224,0,False,True
2026-08-03,Manhã,5.9913217032095565,0,False,True
2026-08-03,Manhã,4.545300922482642,0,False,True
2026-08-03,Manhã,3.4667590287985397,0,False,True
2026-08-03,Manhã,3.496194100581891,0,False,True
2026-08-03,Manhã,2.137788505907952,0,False,True
2026-08-03,Manhã,5.979101241628562,0,False,True
2026-08-03,Manhã,4.655540305768574,1,False,True
2026-08-03,Manhã,4.788273431246584,0,False,True
2026-08-03,Manhã,5.595484276112771,0,False,True
2026-08-03,Manhã,8.245084861265894,0,False,True
2026-08-03,Manhã,6.612051242446495,0,False,True
2026-08-03,Manhã,4.156415922937048,0,False,True
2026-08-03,Manhã,3.4681132675046107,0,False,True
2026-08-03,Manhã,1.7341917876526767,0,False,True
2026-08-03,Manhã,4.419483757089144,0,False,True
2026-08-03,Manhã,4.173521151290011,0,False,True
2026-08-03,Manhã,3.315079997250307,0,False,True
2026-08-03,Tarde,10.953834962272312,0,False,True
2026-08-03,Tarde,9.074459305128636,0,False,True
2026-08-03,Tarde,6.4910547721824345,0,False,True
2026-08-03,Tarde,5.855822139563689,0,False,True
2026-08-03,Tarde,5.6891619805984,0,False,True
2026-08-03,Tarde,3.5322725849285987,0,False,True
2026-08-03,Tarde,6.014421925808036,0,False,True
2026-08-03,Tarde,6.994667357525147,0,False,True
2026-08-03,Tarde,3.4885242908369607,0,False,True
2026-08-03,Tarde,21.052684668151883,0,False,True
2026-08-03,Tarde,5.0399270339627975,0,False,True
2026-08-03,Tarde,8.271462830865579,0,False,True
2026-08-03,Tarde,4.091809669934112,0,False,True
2026-08-03,Tarde,8.058082005238088,0,False,True
2026-08-03,Tarde,8.51544208788155,1,False,True
2026-08-03,Tarde,6.268479987791248,0,False,True
2026-08-03,Tarde,3.325102546440579,0,False,True
2026-08-03,Tarde,4.475557937424159,0,False,True
2026-08-03,Tarde,5.361753553541889,0,False,True
2026-08-03,Tarde,11.538131877226528,0,False,True
2026-08-03,Tarde,11.955794847131607,0,False,True
2026-08-03,Tarde,4.749727199675812,0,False,True
2026-08-03,Tarde,4.024124086848332,0,False,True
2026-08-03,Tarde,12.413794111412804,0,False,True
2026-08-03,Tarde,9.991856934679394,0,False,True
2026-08-03,Tarde,5.233857145084122,0,False,True
2026-08-03,Tarde,4.1324970505429235,0,False,True
2026-08-03,Tarde,4.867861892108749,0,False,True
2026-08-03,Tarde,4.981413819786847,0,False,True
2026-08-03,Tarde,5.576062001431596,0,False,True
2026-08-03,Tarde,10.965896571588253,0,False,True
2026-08-03,Tarde,7.0574591711726296,0,False,True
2026-08-03,Tarde,2.7190958283432787,0,False,True
2026-08-03,Tarde,4.414203352777569,0,False,True
2026-08-03,Tarde,7.407901408370029,0,False,True
2026-08-03,Tarde,10.213925856150029,0,False,True
2026-08-03,Tarde,3.7555372096848396,1,False,True
2026-08-03,Tarde,4.522643045865317,0,False,True
2026-08-03,Tarde,4.063700881027966,0,False,True
2026-08-03,Tarde,8.541574476237162,0,False,True
2026-08-03,Tarde,5.114025369570359,0,False,True
2026-08-03,Tarde,7.073819813253795,0,False,True
2026-08-03,Tarde,4.963267273405099,1,False,True
2026-08-03,Tarde,4.152251721464739,0,False,True
2026-08-03,Tarde,6.431534940853266,0,False,True
2026-08-03,Tarde,16.44271642023248,0,False,True
2026-08-03,Tarde,4.681067912405607,0,False,True
2026-08-03,Tarde,17.738950992267863,0,False,True
2026-08-03,Tarde,2.9247331395065173,0,False,True
2026-08-03,Tarde,5.598733000245463,0,False,True
2026-08-03,Tarde,6.220704775855739,0,False,True
2026-08-03,Tarde,6.871330647727775,0,False,True
2026-08-03,Tarde,3.8301507397728236,0,False,True
2026-08-03,Tarde,10.698895978761161,0,False,True
2026-08-03,Tarde,6.7186314305348285,0,False,True
2026-08-03,Tarde,7.971142089141938,0,False,True
2026-08-03,Tarde,3.9122123483360833,0,False,True
2026-08-03,Tarde,3.174523604469186,0,False,True
2026-08-03,Tarde,6.426306507270383,0,False,True
2026-08-03,Tarde,3.367175148036405,0,False,True
2026-08-03,Tarde,4.56782405272036,0,False,True
2026-08-03,Tarde,9.306229998351586,0,False,True
2026-08-03,Tarde,5.69157637961454,0,False,True
2026-08-03,Tarde,12.996469106156795,0,False,True
2026-08-03,Noite,6.682336564589696,0,False,True
2026-08-03,Noite,3.2881143424248744,0,False,True
2026-08-03,Noite,8.89374408127664,0,False,True
2026-08-03,Noite,4.178253644794522,1,False,True
2026-08-03,Noite,4.177132863644694,0,False,True
2026-08-03,Noite,9.582550988936756,0,False,True
2026-08-03,Noite,4.679244067732839,0,False,True
2026-08-03,Noite,4.7610698939374405,0,False,True
2026-08-03,Noite,9.892862919941772,0,False,True
2026-08-03,Noite,9.506397267195943,0,False,True
2026-08-03,Noite,3.2836877307711183,0,False,True
2026-08-03,Noite,6.482543675759809,0,False,True
2026-08-03,Noite,6.087645755797493,0,False,True
2026-08-03,Noite,5.338537189573179,0,False,True
2026-08-03,Noite,6.25380720641429,0,False,True
2026-08-03,Noite,5.687582174862454,0,False,True
2026-08-03,Noite,8.607237255566154,0,False,True
2026-08-03,Noite,3.3651043609182425,0,False,True
2026-08-03,Noite,3.9075866618441277,0,False,True
2026-08-03,Noite,7.739162005007694,0,False,True
2026-08-03,Noite,12.894316771204391,0,False,True
2026-08-03,Noite,2.666147229707209,0,False,True
2026-08-03,Noite,7.220429749100831,0,False,True
2026-08-03,Noite,3.736072990146214,0,False,True
2026-08-03,Noite,10.136185296334123,0,False,True
2026-08-03,Noite,6.669508044792672,0,False,True
2026-08-03,Noite,14.062159875711146,0,False,True
2026-08-03,Noite,20.914310109632048,0,False,True
2026-08-03,Noite,18.165365603130997,0,False,True
2026-08-03,Noite,3.120607871576356,0,False,True
2026-08-03,Noite,6.400638254754996,0,False,True
2026-08-03,Noite,13.224152864488373,0,False,True
2026-08-03,Noite,2.22861406254195,0,False,True
2026-08-03,Noite,6.876635807129068,0,False,True
2026-08-03,Noite,4.685367788240122,0,False,True
2026-08-03,Noite,3.6043907667188093,0,False,True
2026-08-03,Noite,13.958483143918324,0,False,True
2026-08-03,Noite,5.831178887126042,0,False,True
2026-08-03,Noite,4.3038592946428444,0,False,True
2026-08-03,Noite,6.400593758050755,0,False,True
2026-08-03,Noite,6.661292826759749,0,False,True
2026-08-03,Noite,1.3738541904527195,0,False,True
2026-08-03,Noite,5.1133056797448795,0,False,True
2026-08-03,Noite,10.427362194317306,0,False,True
2026-08-03,Noite,3.1836296785242086,0,False,True
2026-08-03,Noite,2.479368296818128,0,False,True
2026-08-03,Noite,4.303106394269748,0,False,True
2026-08-03,Noite,5.25230871569699,0,False,True
2026-08-03,Madrugada,5.10575265843621,0,False,True
2026-08-03,Madrugada,3.664677777404857,0,False,True
2026-08-03,Madrugada,12.651051045214482,0,False,True
2026-08-03,Madrugada,11.406511852630596,0,False,True
2026-08-03,Madrugada,4.774375759758118,0,False,True
2026-08-03,Madrugada,7.170870545503045,0,False,True
2026-08-03,Madrugada,12.299105849592637,0,False,True
2026-08-03,Madrugada,8.213154078087275,0,False,True
2026-08-03,Madrugada,6.821937528420494,0,False,True
2026-08-03,Madrugada,6.929299559792502,0,False,True
2026-08-03,Madrugada,9.051687089408698,0,False,True
2026-08-03,Madrugada,4.9755589892080305,0,False,True
2026-08-03,Madrugada,4.3737354445462335,0,False,True
2026-08-03,Madrugada,14.298212994656087,1,False,True
2026-08-03,Madrugada,3.262487353663266,0,False,True
2026-08-03,Madrugada,9.292416534340497,0,False,True
2026-08-03,Madrugada,15.205142675570478,0,False,True
2026-08-03,Madrugada,5.461657117978797,0,False,True
2026-08-03,Madrugada,3.932795147002919,0,False,True
2026-08-03,Madrugada,10.829220947183417,0,False,True
2026-08-03,Madrugada,7.264656219211482,0,False,True
2026-08-03,Madrugada,3.516067646182551,0,False,True
2026-08-03,Madrugada,2.8163930231720196,0,False,True
2026-08-03,Madrugada,9.591782091391316,0,False,True
2026-08-03,Madrugada,4.624705426230728,0,False,True
2026-08-03,Madrugada,6.556263278169942,0,False,True
2026-08-04,Manhã,4.822587391869404,0,False,False
2026-08-04,Manhã,5.011442971302384,0,False,False
2026-08-04,Manhã,6.880392317598367,0,False,False
2026-08-04,Manhã,4.930192524852418,0,False,False
2026-08-04,Manhã,2.1519475084328845,0,False,False
2026-08-04,Manhã,3.961177103224027,0,False,False
2026-08-04,Manhã,4.5596127537642195,0,False,False
2026-08-04,Manhã,6.2046105898732105,0,False,False
2026-08-04,Manhã,6.440952283288204,0,False,False
2026-08-04,Manhã,9.929305932411538,0,False,False
2026-08-04,Manhã,3.740335121463694,0,False,False
2026-08-04,Manhã,5.064936115145638,0,False,False
2026-08-04,Manhã,6.800358474367272,0,False,False
2026-08-04,Manhã,4.783950759360131,0,False,False
2026-08-04,Manhã,4.553444624845319,0,False,False
2026-08-04,Manhã,3.848126114996174,0,False,False
2026-08-04,Manhã,5.443430081077971,0,False,False
2026-08-04,Manhã,8.23841721422122,0,False,False
2026-08-04,Manhã,3.415203628372085,0,False,False
2026-08-04,Manhã,4.443183479851545,0,False,False
2026-08-04,Manhã,3.3920095818625593,0,False,False
2026-08-04,Manhã,4.541396926702069,0,False,False
2026-08-04,Manhã,2.4874832935081512,0,False,False
2026-08-04,Manhã,5.17231878374976,0,False,False
2026-08-04,Manhã,7.329476300678406,0,False,False
2026-08-04,Manhã,7.7298370885879,0,False,False
2026-08-04,Manhã,2.904752153739728,0,False,False
2026-08-04,Manhã,8.44310271343915,0,False,False
2026-08-04,Manhã,3.7497439258378766,0,False,False
2026-08-04,Manhã,12.44589461869687,0,False,False
2026-08-04,Manhã,5.32123315469872,0,False,False
2026-08-04,Manhã,5.226889132425273,1,False,False
2026-08-04,Manhã,6.5653872261985455,0,False,False
2026-08-04,Manhã,4.031299394229019,0,False,False
2026-08-04,Manhã,3.777819537847262,0,False,False
2026-08-04,Manhã,5.012237046624719,0,False,False
2026-08-04,Manhã,3.7369761932363503,0,False,False
2026-08-04,Manhã,2.1886841707946663,0,False,False
2026-08-04,Manhã,4.396067094768934,0,False,False
2026-08-04,Manhã,4.845104516098079,0,False,False
2026-08-04,Manhã,3.592846538332727,0,False,False
2026-08-04,Manhã,4.519241387845245,0,False,False
2026-08-04,Manhã,3.2079019260170787,0,False,False
2026-08-04,Manhã,6.086934472874641,0,False,False
2026-08-04,Manhã,4.24311709752996,0,False,False
2026-08-04,Manhã,4.722910353763887,0,False,False
2026-08-04,Manhã,3.8453766380056025,0,False,False
2026-08-04,Manhã,2.1738641037739357,0,False,False
2026-08-04,Manhã,9.472264847890608,0,False,False
2026-08-04,Manhã,2.4514609628896205,0,False,False
2026-08-04,Manhã,4.432771349933417,0,False,False
2026-08-04,Manhã,6.628803929248034,0,False,False
2026-08-04,Manhã,2.3344114691413758,0,False,False
2026-08-04,Manhã,4.291951787338583,0,False,False
2026-08-04,Manhã,4.662680449226007,0,False,False
2026-08-04,Manhã,4.432738693120922,0,False,False
2026-08-04,Manhã,4.976190832202617,0,False,False
2026-08-04,Manhã,3.7111106821389646,0,False,False
2026-08-04,Manhã,7.966131017694478,0,False,False
2026-08-04,Manhã,3.6348396945813586,0,False,False
2026-08-04,Manhã,3.4994737554178004,0,False,False
2026-08-04,Manhã,3.3303932539852883,0,False,False
2026-08-04,Manhã,23.41368685905913,0,False,False
2026-08-04,Manhã,1.5434235780559382,0,False,False
2026-08-04,Manhã,7.857680865969579,0,False,False
2026-08-04,Manhã,5.019429878408075,0,False,False
2026-08-04,Manhã,4.6621946143533,0,False,False
2026-08-04,Manhã,5.121827950119438,0,False,False
2026-08-04,Manhã,2.036610012214814,0,False,False
2026-08-04,Manhã,3.5966591769610927,0,False,False
2026-08-04,Manhã,3.2127185619549357,0,False,False
2026-08-04,Manhã,5.536247388151023,0,False,False
2026-08-04,Manhã,6.5713497784065265,0,False,False
2026-08-04,Manhã,3.287519500562261,0,False,False
2026-08-04,Manhã,6.857619112447056,0,False,False
2026-08-04,Tarde,4.047647352324647,0,False,False
2026-08-04,Tarde,4.340268753756342,0,False,False
2026-08-04,Tarde,5.980630084137009,0,False,False
2026-08-04,Tarde,5.673762390797352,0,False,False
2026-08-04,Tarde,2.5991564493979147,0,False,False
2026-08-04,Tarde,4.431699564657898,0,False,False
2026-08-04,Tarde,9.62100745051315,0,False,False
2026-08-04,Tarde,4.018967852407258,0,False,False
2026-08-04,Tarde,9.075611046272654,0,False,False
2026-08-04,Tarde,3.7755605334941524,0,False,False
2026-08-04,Tarde,9.339909359055431,0,False,False
2026-08-04,Tarde,3.94130255345193,0,False,False
2026-08-04,Tarde,10.80261667355121,0,False,False
2026-08-04,Tarde,7.538322554011487,0,False,False
2026-08-04,Tarde,12.699681341066956,0,False,False
2026-08-04,Tarde,2.297091105466173,0,False,False
2026-08-04,Tarde,5.143459069753987,0,False,False
2026-08-04,Tarde,3.6811012669706185,0,False,False
2026-08-04,Tarde,3.9505583014354593,0,False,False
2026-08-04,Tarde,17.867717741689372,0,False,False
2026-08-04,Tarde,9.570002101041554,0,False,False
2026-08-04,Tarde,3.5465641641266457,0,False,False
2026-08-04,Tarde,5.4124426442510565,0,False,False
2026-08-04,Tarde,3.4510923307521884,0,False,False
2026-08-04,Tarde,5.344958426508347,0,False,False
2026-08-04,Tarde,7.0141822636305555,0,False,False
2026-08-04,Tarde,4.732840648403536,0,False,False
2026-08-04,Tarde,10.236693731604246,0,False,False
2026-08-04,Tarde,3.0384610155021985,0,False,False
2026-08-04,Tarde,17.73019427523184,0,False,False
2026-08-04,Tarde,10.521531739995917,0,False,False
2026-08-04,Tarde,10.731235609635645,1,False,False
2026-08-04,Tarde,5.138903524472875,0,False,False
2026-08-04,Tarde,7.063339629217882,0,False,False
2026-08-04,Tarde,6.287089743424251,0,False,False
2026-08-04,Tarde,4.37881878632747,0,False,False
2026-08-04,Tarde,4.324000210889528,0,False,False
2026-08-04,Tarde,6.131244125927858,0,False,False
2026-08-04,Tarde,4.1913982720480485,0,False,False
2026-08-04,Tarde,8.373465248084702,0,False,False
2026-08-04,Tarde,9.650839695773755,0,False,False
2026-08-04,Tarde,5.209106693963206,0,False,False
2026-08-04,Tarde,10.212382592216443,0,False,False
2026-08-04,Tarde,3.7077065297861114,0,False,False
2026-08-04,Tarde,4.257038587729155,0,False,False
2026-08-04,Tarde,22.38177052479306,0,False,False
2026-08-04,Tarde,7.970423195433332,0,False,False
2026-08-04,Tarde,4.70030848887198,0,False,False
2026-08-04,Tarde,4.1957497470721705,0,False,False
2026-08-04,Tarde,5.029670173223531,0,False,False
2026-08-04,Tarde,7.851545873361814,0,False,False
2026-08-04,Tarde,5.891284926544881,0,False,False
2026-08-04,Tarde,10.594743290377428,0,False,False
2026-08-04,Tarde,2.45722647707747,0,False,False
2026-08-04,Tarde,5.339360637326152,0,False,False
2026-08-04,Tarde,8.11059628352453,0,False,False
2026-08-04,Tarde,3.6795496751965144,0,False,False
2026-08-04,Tarde,5.832758804137592,0,False,False
2026-08-04,Tarde,3.1985280421073417,0,False,False
2026-08-04,Tarde,3.3096916372632257,0,False,False
2026-08-04,Tarde,6.985397570452055,0,False,False
2026-08-04,Tarde,4.8917171521719505,0,False,False
2026-08-04,Tarde,6.453493938544681,0,False,False
2026-08-04,Tarde,3.406452978149306,0,False,False
2026-08-04,Noite,4.568683958403427,0,False,False
2026-08-04,Noite,5.33962123028547,0,False,False
2026-08-04,Noite,1.7285652628350712,0,False,False
2026-08-04,Noite,7.165458525320048,0,False,False
2026-08-04,Noite,17.698428203470463,0,False,False
2026-08-04,Noite,8.124807584386904,0,False,False
2026-08-04,Noite,10.501810764943924,0,False,False
2026-08-04,Noite,12.85459962433896,0,False,False
2026-08-04,Noite,3.460110805129938,0,False,False
2026-08-04,Noite,6.470482046658843,0,False,False
2026-08-04,Noite,7.322096863632194,0,False,False
2026-08-04,Noite,5.155124401845386,0,False,False
2026-08-04,Noite,2.9977794457754046,0,False,False
2026-08-04,Noite,3.942374364887704,0,False,False
2026-08-04,Noite,9.711789788878113,0,False,False
2026-08-04,Noite,7.4950866982224635,0,False,False
2026-08-04,Noite,3.051508210465301,0,False,False
2026-08-04,Noite,1.1947951272759971,0,False,False
2026-08-04,Noite,3.365709684840451,0,False,False
2026-08-04,Noite,7.479073920018462,0,False,False
2026-08-04,Noite,1.661752609858549,0,False,False
2026-08-04,Noite,6.9981505654848,0,False,False
2026-08-04,Noite,8.563749389630296,0,False,False
2026-08-04,Noite,3.4831093043593975,0,False,False
2026-08-04,Noite,5.480719584904924,0,False,False
2026-08-04,Noite,7.340460004492872,0,False,False
2026-08-04,Noite,6.1355042134876445,0,False,False
2026-08-04,Noite,4.283550064053968,0,False,False
2026-08-04,Noite,7.8089728599153725,0,False,False
2026-08-04,Noite,6.68292198264218,0,False,False
2026-08-04,Noite,7.351431730827546,0,False,False
2026-08-04,Noite,2.724105933188804,0,False,False
2026-08-04,Noite,2.474447007466802,0,False,False
2026-08-04,Noite,6.430661398449769,0,False,False
2026-08-04,Noite,4.738757642667791,0,False,False
2026-08-04,Noite,3.012631950008835,0,False,False
2026-08-04,Noite,4.582321334910093,0,False,False
2026-08-04,Noite,9.039044307569258,0,False,False
2026-08-04,Noite,6.602574036284314,0,False,False
2026-08-04,Noite,6.049034795084712,0,False,False
2026-08-04,Noite,4.782635213437625,0,False,False
2026-08-04,Noite,4.9480781888079095,0,False,False
2026-08-04,Noite,3.9240286942164837,0,False,False
2026-08-04,Noite,9.142478797496683,0,False,False
2026-08-04,Noite,3.3467140141943506,0,False,False
2026-08-04,Noite,7.528790867518454,0,False,False
2026-08-04,Noite,5.667349729202227,0,False,False
2026-08-04,Madrugada,1.3384205913778668,0,False,False
2026-08-04,Madrugada,5.637638613972805,0,False,False
2026-08-04,Madrugada,9.97247967951387,1,False,False
2026-08-04,Madrugada,4.213758742393064,0,False,False
2026-08-04,Madrugada,5.527146644115483,0,False,False
2026-08-04,Madrugada,7.013463982820046,0,False,False
2026-08-04,Madrugada,7.0911048492519315,0,False,False
2026-08-05,Manhã,1.2769431403377765,0,False,False
2026-08-05,Manhã,2.811870648620276,0,False,False
2026-08-05,Manhã,8.70998143628716,0,False,False
2026-08-05,Manhã,2.5494405838466996,0,False,False
2026-08-05,Manhã,4.17546781176774,0,False,False
2026-08-05,Manhã,6.777833048552399,0,False,False
2026-08-05,Manhã,5.46010716950903,0,False,False
2026-08-05,Manhã,4.558935690730281,0,False,False
2026-08-05,Manhã,3.4420425526869645,0,False,False
2026-08-05,Manhã,2.462074720195298,0,False,False
2026-08-05,Manhã,3.17233883870088,0,False,False
2026-08-05,Manhã,6.528762441105199,0,False,False
2026-08-05,Manhã,3.956664263332409,0,False,False
2026-08-05,Manhã,3.1606301900689497,0,False,False
2026-08-05,Manhã,3.763129878408479,0,False,False
2026-08-05,Manhã,3.0677494961421687,0,False,False
2026-08-05,Manhã,2.394740281172057,0,False,False
2026-08-05,Manhã,4.055103349089859,0,False,False
2026-08-05,Manhã,4.404891209182011,0,False,False
2026-08-05,Manhã,3.563906774160789,0,False,False
2026-08-05,Manhã,5.393358080894687,0,False,False
2026-08-05,Manhã,2.9388126989936074,0,False,False
2026-08-05,Manhã,6.001938568998187,0,False,False
2026-08-05,Manhã,2.3609725059565383,0,False,False
2026-08-05,Manhã,2.5543540636500195,0,False,False
2026-08-05,Manhã,3.375133862313883,0,False,False
2026-08-05,Manhã,3.3545505687601342,0,False,False
2026-08-05,Manhã,2.0666062159095535,0,False,False
2026-08-05,Manhã,5.5385709689095,0,False,False
2026-08-05,Manhã,2.326511596445055,0,False,False
2026-08-05,Manhã,5.814892004216585,0,False,False
2026-08-05,Manhã,6.2843181819054195,0,False,False
2026-08-05,Manhã,2.591571545181183,0,False,False
2026-08-05,Manhã,4.47088353902968,0,False,False
2026-08-05,Manhã,3.6251709632093383,0,False,False
2026-08-05,Manhã,3.4368419652802022,0,False,False
2026-08-05,Manhã,5.066035824477335,0,False,False
2026-08-05,Manhã,7.012930838052852,0,False,False
2026-08-05,Manhã,4.011205001448571,0,False,False
2026-08-05,Manhã,2.310586838209252,0,False,False
2026-08-05,Manhã,5.913136046669234,0,False,False
2026-08-05,Manhã,8.287466072448494,0,False,False
2026-08-05,Manhã,5.030006678708556,0,False,False
2026-08-05,Manhã,5.918627377842581,0,False,False
2026-08-05,Manhã,4.049503432211661,0,False,False
2026-08-05,Manhã,6.329469292673317,0,False,False
2026-08-05,Manhã,1.6286808212346207,0,False,False
2026-08-05,Manhã,6.651389223507964,0,False,False
2026-08-05,Manhã,9.563107120203941,0,False,False
2026-08-05,Manhã,2.9366063839573986,0,False,False
2026-08-05,Manhã,5.8258513835546015,0,False,False
2026-08-05,Manhã,4.174324546303667,0,False,False
2026-08-05,Manhã,4.2955763805762395,0,False,False
2026-08-05,Manhã,2.6934693797236755,0,False,False
2026-08-05,Manhã,2.0932812678406916,0,False,False
2026-08-05,Manhã,9.438570418472956,0,False,False
2026-08-05,Manhã,2.335728472644603,0,False,False
2026-08-05,Manhã,2.2328086740432034,0,False,False
2026-08-05,Manhã,3.6845273515310395,0,False,False
2026-08-05,Manhã,5.420013797962325,0,False,False
2026-08-05,Manhã,2.7189668558946547,0,False,False
2026-08-05,Manhã,1.8770950477103756,0,False,False
2026-08-05,Manhã,1.972574845470337,0,False,False
2026-08-05,Manhã,7.9605422905459085,0,False,False
2026-08-05,Manhã,4.324870094911395,0,False,False
2026-08-05,Manhã,3.583428310843435,0,False,False
2026-08-05,Manhã,3.4570838730833278,0,False,False
2026-08-05,Manhã,2.16069021000763,0,False,False
2026-08-05,Manhã,3.239637278268644,0,False,False
2026-08-05,Manhã,2.138610791407124,0,False,False
2026-08-05,Manhã,3.845870357512798,0,False,False
2026-08-05,Manhã,4.854928159905803,0,False,False
2026-08-05,Manhã,2.490040032318599,0,False,False
2026-08-05,Manhã,3.545552520472226,0,False,False
2026-08-05,Manhã,3.448759217204229,0,False,False
2026-08-05,Manhã,4.263269678131939,0,False,False
2026-08-05,Manhã,2.643727239967275,0,False,False
2026-08-05,Manhã,2.162622671263264,0,False,False
2026-08-05,Tarde,5.564199073417557,0,False,False
2026-08-05,Tarde,6.169870896301861,0,False,False
2026-08-05,Tarde,8.034563981528615,0,False,False
2026-08-05,Tarde,4.599423169089733,0,False,False
2026-08-05,Tarde,2.5670255307006298,0,False,False
2026-08-05,Tarde,12.281912773281682,0,False,False
2026-08-05,Tarde,8.79554648929276,0,False,False
2026-08-05,Tarde,11.946638528202815,0,False,False
2026-08-05,Tarde,5.092238709960212,0,False,False
2026-08-05,Tarde,3.8515302096380104,0,False,False
2026-08-05,Tarde,9.104544117059728,0,False,False
2026-08-05,Tarde,9.737410233480617,0,False,False
2026-08-05,Tarde,3.06684908801096,0,False,False
2026-08-05,Tarde,3.527863575571979,0,False,False
2026-08-05,Tarde,6.317842171140156,0,False,False
2026-08-05,Tarde,6.03227613420977,0,False,False
2026-08-05,Tarde,5.306953445920584,0,False,False
2026-08-05,Tarde,6.589351183377375,0,False,False
2026-08-05,Tarde,9.200029174291448,0,False,False
2026-08-05,Tarde,11.983846371360777,0,False,False
2026-08-05,Tarde,4.589429150737367,0,False,False
2026-08-05,Tarde,4.467488197784161,0,False,False
2026-08-05,Tarde,6.645590945931845,0,False,False
2026-08-05,Tarde,5.0687931724675295,0,False,False
2026-08-05,Tarde,4.621855883581377,0,False,False
2026-08-05,Tarde,8.778376025469399,0,False,False
2026-08-05,Tarde,7.2419111027426135,0,False,False
2026-08-05,Tarde,3.438537329155933,0,False,False
2026-08-05,Tarde,6.88647668828717,0,False,False
2026-08-05,Tarde,5.687102048352231,0,False,False
2026-08-05,Tarde,5.847272177100702,0,False,False
2026-08-05,Tarde,6.129848873799652,0,False,False
2026-08-05,Tarde,5.278407111373687,0,False,False
2026-08-05,Tarde,7.23238443661395,0,False,False
2026-08-05,Tarde,11.65241904460666,0,False,False
2026-08-05,Tarde,4.0122784814078685,0,False,False
2026-08-05,Tarde,6.351959826616813,0,False,False
2026-08-05,Tarde,3.3441913605698,0,False,False
2026-08-05,Tarde,2.015454635860895,0,False,False
2026-08-05,Tarde,7.671769309244324,0,False,False
2026-08-05,Tarde,5.521162389232936,0,False,False
2026-08-05,Tarde,6.60741177180781,0,False,False
2026-08-05,Tarde,15.673597671013924,0,False,False
2026-08-05,Tarde,10.991815109641953,0,False,False
2026-08-05,Tarde,9.24386934935934,0,False,False
2026-08-05,Tarde,3.511001063262237,0,False,False
2026-08-05,Tarde,5.154089847383199,0,False,False
2026-08-05,Tarde,10.621661611029632,1,False,False
2026-08-05,Tarde,4.669211238278134,0,False,False
2026-08-05,Tarde,6.472634331242713,0,False,False
2026-08-05,Tarde,6.553116897626378,0,False,False
2026-08-05,Tarde,4.545379068371375,0,False,False
2026-08-05,Tarde,6.629731784986712,0,False,False
2026-08-05,Tarde,5.680313711838691,0,False,False
2026-08-05,Tarde,10.707416242843033,0,False,False
2026-08-05,Tarde,6.479270535752438,0,False,False
2026-08-05,Tarde,2.9669497369757374,0,False,False
2026-08-05,Tarde,3.4793143821294263,0,False,False
2026-08-05,Tarde,4.379277020277388,0,False,False
2026-08-05,Tarde,7.281310369917914,0,False,False
2026-08-05,Tarde,11.16335723290374,0,False,False
2026-08-05,Tarde,6.1480127476314586,0,False,False
2026-08-05,Tarde,9.708967214409345,0,False,False
2026-08-05,Tarde,6.9680113571295275,0,False,False
2026-08-05,Tarde,6.166447280395242,0,False,False
2026-08-05,Noite,1.237525039953704,0,False,False
2026-08-05,Noite,4.0599277069319255,0,False,False
2026-08-05,Noite,13.73894997930088,0,False,False
2026-08-05,Noite,7.622594883803999,0,False,False
2026-08-05,Noite,2.0559170013701564,0,False,False
2026-08-05,Noite,7.913901358509998,0,False,False
2026-08-05,Noite,3.307188131214258,0,False,False
2026-08-05,Noite,3.4114561550346925,0,False,False
2026-08-05,Noite,3.5671952635527266,1,False,False
2026-08-05,Noite,3.7620096215033647,0,False,False
2026-08-05,Noite,5.369853811959646,0,False,False
2026-08-05,Noite,3.823573192183178,0,False,False
2026-08-05,Noite,4.798268766184506,0,False,False
2026-08-05,Noite,3.287592609219871,0,False,False
2026-08-05,Noite,4.1900849081032625,0,False,False
2026-08-05,Noite,5.712648925494459,0,False,False
2026-08-05,Noite,3.3743956662867403,0,False,False
2026-08-05,Noite,16.23695798848137,0,False,False
2026-08-05,Noite,3.2112453506896648,0,False,False
2026-08-05,Noite,0.9777774428849988,0,False,False
2026-08-05,Noite,11.035584550550023,0,False,False
2026-08-05,Noite,6.887099722987564,0,False,False
2026-08-05,Noite,2.2433659062139797,0,False,False
2026-08-05,Noite,5.759824373430341,0,False,False
2026-08-05,Noite,3.0919753066599127,0,False,False
2026-08-05,Noite,6.477178696747345,0,False,False
2026-08-05,Madrugada,6.8557785284776624,0,False,False
2026-08-05,Madrugada,1.7799249083090665,0,False,False
2026-08-05,Madrugada,4.936441087382662,0,False,False
2026-08-05,Madrugada,8.170118154226703,0,False,False
2026-08-05,Madrugada,9.769960879714317,0,False,False
2026-08-05,Madrugada,6.514796889140434,0,False,False
2026-08-05,Madrugada,2.0752159988145715,0,False,False
2026-08-06,Manhã,3.186463915662279,0,False,False
2026-08-06,Manhã,3.3801339369810552,0,False,False
2026-08-06,Manhã,3.405484369578465,0,False,False
2026-08-06,Manhã,4.766286444359756,0,False,False
2026-08-06,Manhã,10.150715304635884,0,False,False
2026-08-06,Manhã,4.5660812242850035,0,False,False
2026-08-06,Manhã,3.2684155532071895,1,False,False
2026-08-06,Manhã,3.2080111200714363,0,False,False
2026-08-06,Manhã,2.7190718424988254,0,False,False
2026-08-06,Manhã,3.0472334937171737,0,False,False
2026-08-06,Manhã,3.699677550630956,0,False,False
2026-08-06,Manhã,2.545604023326934,0,False,False
2026-08-06,Manhã,3.5396697917899944,0,False,False
2026-08-06,Manhã,2.8315145147814724,0,False,False
2026-08-06,Manhã,6.2446252130565965,0,False,False
2026-08-06,Manhã,2.6558978249128464,0,False,False
2026-08-06,Manhã,4.541412118172142,0,False,False
2026-08-06,Manhã,6.562727608096778,0,False,False
2026-08-06,Manhã,5.875065879680136,0,False,False
2026-08-06,Manhã,3.3034956491296112,0,False,False
2026-08-06,Manhã,2.407481693193349,0,False,False
2026-08-06,Manhã,2.609017318906164,0,False,False
2026-08-06,Manhã,2.9374231346159685,0,False,False
2026-08-06,Manhã,3.395728303170088,0,False,False
2026-08-06,Manhã,3.0069716102756177,0,False,False
2026-08-06,Manhã,10.925805947546428,0,False,False
2026-08-06,Manhã,9.353970659330104,1,False,False
2026-08-06,Manhã,5.438952136807278,0,False,False
2026-08-06,Manhã,1.9723165613546314,0,False,False
2026-08-06,Manhã,3.226495731136287,0,False,False
2026-08-06,Manhã,2.0988970094615036,0,False,False
2026-08-06,Manhã,4.915433137846851,0,False,False
2026-08-06,Manhã,3.976724042885648,0,False,False
2026-08-06,Manhã,4.624049919650038,0,False,False
2026-08-06,Manhã,3.2369907245098637,0,False,False
2026-08-06,Manhã,2.7122674957657176,0,False,False
2026-08-06,Manhã,4.615125928908274,0,False,False
2026-08-06,Manhã,3.0168411843292673,0,False,False
2026-08-06,Manhã,3.5705551040902552,0,False,False
2026-08-06,Manhã,6.719240651898996,0,False,False
2026-08-06,Manhã,5.403202121941787,0,False,False
2026-08-06,Manhã,5.393799175982038,0,False,False
2026-08-06,Manhã,9.357339652294867,0,False,False
2026-08-06,Manhã,5.779925882313879,0,False,False
2026-08-06,Manhã,2.4100699092562023,0,False,False
2026-08-06,Manhã,4.1771166456114015,0,False,False
2026-08-06,Manhã,4.348771463450854,0,False,False
2026-08-06,Manhã,7.578810810491551,0,False,False
2026-08-06,Manhã,1.72015565094196,0,False,False
2026-08-06,Manhã,4.860418064411697,0,False,False
2026-08-06,Manhã,6.578021993428119,0,False,False
2026-08-06,Manhã,3.1755141010963563,0,False,False
2026-08-06,Manhã,2.4888473038762204,0,False,False
2026-08-06,Manhã,1.6385405364496184,0,False,False
2026-08-06,Manhã,3.4308697621666226,0,False,False
2026-08-06,Manhã,6.659718741742569,0,False,False
2026-08-06,Manhã,3.850724282514893,0,False,False
2026-08-06,Manhã,2.7955497097881947,0,False,False
2026-08-06,Manhã,2.308701982351097,0,False,False
2026-08-06,Manhã,5.436037622652218,0,False,False
2026-08-06,Manhã,4.093413032923936,0,False,False
2026-08-06,Manhã,3.5796213703717377,0,False,False
2026-08-06,Manhã,2.521088226037917,0,False,False
2026-08-06,Manhã,4.28546833398005,0,False,False
2026-08-06,Manhã,3.7784948787718946,0,False,False
2026-08-06,Manhã,4.446066016915892,0,False,False
2026-08-06,Manhã,9.40535344159,0,False,False
2026-08-06,Manhã,10.819291695379665,0,False,False
2026-08-06,Tarde,12.359722242931394,0,False,False
2026-08-06,Tarde,2.7822838670369556,1,False,False
2026-08-06,Tarde,7.839497984608999,0,False,False
2026-08-06,Tarde,10.207545946333243,0,False,False
2026-08-06,Tarde,3.3963131414612735,0,False,False
2026-08-06,Tarde,4.152257842898211,0,False,False
2026-08-06,Tarde,1.9940959063460266,0,False,False
2026-08-06,Tarde,5.686362227929921,0,False,False
2026-08-06,Tarde,10.770427660533185,0,False,False
2026-08-06,Tarde,10.19953237698703,0,False,False
2026-08-06,Tarde,10.486052867640344,0,False,False
2026-08-06,Tarde,6.176877972992958,0,False,False
2026-08-06,Tarde,5.461750632558417,0,False,False
2026-08-06,Tarde,4.609716027084139,0,False,False
2026-08-06,Tarde,4.9685949769941145,1,False,False
2026-08-06,Tarde,2.9404351132347,0,False,False
2026-08-06,Tarde,3.0529580950037754,0,False,False
2026-08-06,Tarde,17.139605845912914,0,False,False
2026-08-06,Tarde,10.385925681473948,0,False,False
2026-08-06,Tarde,5.194610358070199,0,False,False
2026-08-06,Tarde,3.0456757697632106,0,False,False
2026-08-06,Tarde,7.559423528215835,0,False,False
2026-08-06,Tarde,5.355527987568663,0,False,False
2026-08-06,Tarde,5.573595287706505,0,False,False
2026-08-06,Tarde,7.29632803466541,0,False,False
2026-08-06,Tarde,3.3608857047057805,0,False,False
2026-08-06,Tarde,5.565882938155086,0,False,False
2026-08-06,Tarde,2.8305029417995615,0,False,False
2026-08-06,Tarde,7.703040291613502,0,False,False
2026-08-06,Tarde,7.271183890187645,0,False,False
2026-08-06,Tarde,7.063552922697041,0,False,False
2026-08-06,Tarde,2.0785421617772415,0,False,False
2026-08-06,Tarde,5.6206570395608155,0,False,False
2026-08-06,Tarde,3.724949250871923,0,False,False
2026-08-06,Tarde,4.039314464194924,0,False,False
2026-08-06,Tarde,3.2528953077759803,0,False,False
2026-08-06,Tarde,6.246461977735078,0,False,False
2026-08-06,Tarde,5.802914810222106,0,False,False
2026-08-06,Tarde,7.00926011170781,0,False,False
2026-08-06,Tarde,7.099534729761791,0,False,False
2026-08-06,Tarde,2.0488772896639302,0,False,False
2026-08-06,Tarde,3.712802406768911,0,False,False
2026-08-06,Tarde,7.711918529115737,0,False,False
2026-08-06,Tarde,7.15625480575318,0,False,False
2026-08-06,Tarde,6.584153032096469,0,False,False
2026-08-06,Noite,2.8077053794370412,0,False,False
2026-08-06,Noite,2.544551354962957,1,False,False
2026-08-06,Noite,3.7021175678089393,0,False,False
2026-08-06,Noite,2.3528004585072115,0,False,False
2026-08-06,Noite,2.2415242780614006,0,False,False
2026-08-06,Noite,3.494886114847058,0,False,False
2026-08-06,Noite,5.385057965341618,0,False,False
2026-08-06,Noite,12.558132832415204,0,False,False
2026-08-06,Noite,4.967836680248542,0,False,False
2026-08-06,Noite,5.975740608084278,0,False,False
2026-08-06,Noite,4.83929347397768,0,False,False
2026-08-06,Noite,6.2129241770897,0,False,False
2026-08-06,Noite,3.4374460022457747,0,False,False
2026-08-06,Noite,10.862781451933055,0,False,False
2026-08-06,Noite,8.755451542585325,0,False,False
2026-08-06,Noite,4.590518840781527,0,False,False
2026-08-06,Noite,3.2845918820712012,0,False,False
2026-08-06,Noite,3.5269731690308213,0,False,False
2026-08-06,Noite,2.7642109846334413,0,False,False
2026-08-06,Noite,7.618073138097786,0,False,False
2026-08-06,Noite,3.9537234535943573,0,False,False
2026-08-06,Noite,5.946904817030282,0,False,False
2026-08-06,Noite,9.174119554826467,0,False,False
2026-08-06,Noite,4.662913621652437,0,False,False
2026-08-06,Noite,2.801085910075094,0,False,False
2026-08-06,Noite,4.952938006774259,0,False,False
2026-08-06,Noite,5.710152095831387,1,False,False
2026-08-06,Noite,2.6227598797860883,0,False,False
2026-08-06,Noite,3.1153738944178513,0,False,False
2026-08-06,Noite,3.150108338363065,0,False,False
2026-08-06,Noite,5.326739376225733,0,False,False
2026-08-06,Noite,3.2385025063286736,0,False,False
2026-08-06,Noite,2.4752111234873384,0,False,False
2026-08-06,Madrugada,3.4236092022262703,0,False,False
2026-08-06,Madrugada,9.019651504921983,0,False,False
2026-08-06,Madrugada,6.235303613833576,0,False,False
2026-08-06,Madrugada,5.774129829318605,0,False,False
2026-08-06,Madrugada,6.516646799168912,1,False,False
2026-08-06,Madrugada,5.161245345701768,0,False,False
2026-08-06,Madrugada,5.737505801770716,0,False,False
2026-08-06,Madrugada,2.990896834063189,0,False,False
2026-08-06,Madrugada,7.541843160994714,0,False,False
2026-08-06,Madrugada,9.085170848718992,0,False,False
2026-08-06,Madrugada,24.24935869579772,0,False,False
2026-08-06,Madrugada,10.95095103851392,0,False,False
2026-08-06,Madrugada,5.735314988604044,0,False,False
2026-08-06,Madrugada,4.592445382784613,0,False,False
2026-08-06,Madrugada,6.245790172377285,0,False,False
2026-08-06,Madrugada,18.719315252907034,0,False,False
2026-08-06,Madrugada,7.288856406667444,0,False,False
2026-08-07,Manhã,4.599520506094922,0,False,False
2026-08-07,Manhã,4.038788871892964,0,False,False
2026-08-07,Manhã,6.390326274429995,1,False,False
2026-08-07,Manhã,4.156195462223955,0,False,False
2026-08-07,Manhã,6.605969815670171,0,False,False
2026-08-07,Manhã,2.042104317797629,0,False,False
2026-08-07,Manhã,9.045428353105653,0,False,False
2026-08-07,Manhã,4.413032789331351,0,False,False
2026-08-07,Manhã,3.8626027105773524,0,False,False
2026-08-07,Manhã,3.234904447376728,0,False,False
2026-08-07,Manhã,1.5550982425066644,0,False,False
2026-08-07,Manhã,4.380875276941386,0,False,False
2026-08-07,Manhã,10.754699310731397,0,False,False
2026-08-07,Manhã,2.9934910999067887,0,False,False
2026-08-07,Manhã,10.958907173320782,0,False,False
2026-08-07,Manhã,4.775238602466681,0,False,False
2026-08-07,Manhã,12.593074050874261,0,False,False
2026-08-07,Manhã,4.440692934266944,0,False,False
2026-08-07,Manhã,2.2800514624444843,0,False,False
2026-08-07,Manhã,5.211143250695873,0,False,False
2026-08-07,Manhã,7.513355681577277,0,False,False
2026-08-07,Manhã,5.290912740166066,0,False,False
2026-08-07,Manhã,6.0075864140664414,0,False,False
2026-08-07,Manhã,6.163405016085876,0,False,False
2026-08-07,Manhã,2.5110304877174916,0,False,False
2026-08-07,Manhã,1.493189373443906,0,False,False
2026-08-07,Manhã,3.8951356467938916,0,False,False
2026-08-07,Manhã,5.354323751335327,0,False,False
2026-08-07,Manhã,4.530683223180064,0,False,False
2026-08-07,Manhã,5.611893348028579,0,False,False
2026-08-07,Manhã,6.972711214762125,0,False,False
2026-08-07,Manhã,2.055531357747162,0,False,False
2026-08-07,Manhã,2.5455305950009004,0,False,False
2026-08-07,Manhã,4.121955842920014,0,False,False
2026-08-07,Manhã,3.487604727693103,0,False,False
2026-08-07,Manhã,2.8025869884014356,0,False,False
2026-08-07,Manhã,1.7820780112802674,0,False,False
2026-08-07,Manhã,3.06679259981098,0,False,False
2026-08-07,Manhã,5.05978512107326,0,False,False
2026-08-07,Manhã,3.9764082887677272,0,False,False
2026-08-07,Manhã,5.458979911787018,0,False,False
2026-08-07,Manhã,3.1332318732097226,0,False,False
2026-08-07,Manhã,5.893247331137574,0,False,False
2026-08-07,Manhã,9.818711051808982,0,False,False
2026-08-07,Manhã,9.470304283799093,0,False,False
2026-08-07,Manhã,4.008332807807281,0,False,False
2026-08-07,Manhã,6.431017211464299,0,False,False
2026-08-07,Manhã,6.187923198772038,0,False,False
2026-08-07,Manhã,4.442544671708004,0,False,False
2026-08-07,Manhã,5.7723568701093235,0,False,False
2026-08-07,Manhã,4.142768624386471,0,False,False
2026-08-07,Manhã,3.27722280947994,0,False,False
2026-08-07,Manhã,5.5124289494149785,0,False,False
2026-08-07,Manhã,3.3248495646396,0,False,False
2026-08-07,Manhã,5.0765990815959015,0,False,False
2026-08-07,Manhã,2.9695361280121224,0,False,False
2026-08-07,Manhã,1.8627615436885123,0,False,False
2026-08-07,Manhã,5.8984356996782665,0,False,False
2026-08-07,Manhã,10.506325988388841,0,False,False
2026-08-07,Manhã,5.767380276547506,0,False,False
2026-08-07,Manhã,9.71644175283537,0,False,False
2026-08-07,Manhã,6.131170503512636,0,False,False
2026-08-07,Manhã,2.536803056018039,1,False,False
2026-08-07,Manhã,2.882339849132071,0,False,False
2026-08-07,Manhã,5.003719832246575,0,False,False
2026-08-07,Manhã,6.3339742930721235,0,False,False
2026-08-07,Manhã,3.4934211981207848,0,False,False
2026-08-07,Manhã,4.627271265055551,0,False,False
2026-08-07,Manhã,3.5209752816357733,0,False,False
2026-08-07,Manhã,4.747077361188914,0,False,False
2026-08-07,Manhã,6.18542021340749,0,False,False
2026-08-07,Manhã,5.097855499425932,0,False,False
2026-08-07,Manhã,4.221681435266012,0,False,False
2026-08-07,Manhã,1.4695970415318216,0,False,False
2026-08-07,Manhã,5.433043706885702,0,False,False
2026-08-07,Manhã,5.150938178603898,0,False,False
2026-08-07,Tarde,4.567719478389792,0,False,False
2026-08-07,Tarde,2.866157258843807,0,False,False
2026-08-07,Tarde,7.6054057495466765,1,False,False
2026-08-07,Tarde,5.619122169249748,0,False,False
2026-08-07,Tarde,4.124644585514356,0,False,False
2026-08-07,Tarde,5.0636306761565635,0,False,False
2026-08-07,Tarde,8.0757877687867,0,False,False
2026-08-07,Tarde,4.749913849233136,0,False,False
2026-08-07,Tarde,8.859504681255405,0,False,False
2026-08-07,Tarde,2.4407838564066124,0,False,False
2026-08-07,Tarde,7.347029270148553,0,False,False
2026-08-07,Tarde,4.2105991127959514,0,False,False
2026-08-07,Tarde,7.714821818374123,0,False,False
2026-08-07,Tarde,4.045722196061733,0,False,False
2026-08-07,Tarde,5.323950554742642,0,False,False
2026-08-07,Tarde,5.175325699431449,1,False,False
2026-08-07,Tarde,3.3890754996442656,0,False,False
2026-08-07,Tarde,8.914506903584192,0,False,False
2026-08-07,Tarde,4.424625486008672,0,False,False
2026-08-07,Tarde,3.540775249728664,0,False,False
2026-08-07,Tarde,2.670091133927929,0,False,False
2026-08-07,Tarde,4.302361740239767,0,False,False
2026-08-07,Tarde,6.356122712843997,0,False,False
2026-08-07,Tarde,4.771537826255987,0,False,False
2026-08-07,Tarde,2.5935898050484276,0,False,False
2026-08-07,Tarde,2.9117258436091964,0,False,False
2026-08-07,Tarde,2.9221766906781377,0,False,False
2026-08-07,Tarde,5.193982162494377,0,False,False
2026-08-07,Tarde,3.0503072411533245,0,False,False
2026-08-07,Tarde,2.375984361880072,0,False,False
2026-08-07,Tarde,8.780712981120164,1,False,False
2026-08-07,Tarde,10.811352264416573,0,False,False
2026-08-07,Tarde,5.023156864376425,0,False,False
2026-08-07,Tarde,2.995642724613909,0,False,False
2026-08-07,Tarde,2.4061300476635035,0,False,False
2026-08-07,Tarde,4.821938962342002,0,False,False
2026-08-07,Tarde,18.557925719501306,0,False,False
2026-08-07,Tarde,5.606413267310543,0,False,False
2026-08-07,Tarde,3.6913795425768425,0,False,False
2026-08-07,Tarde,6.718855853212559,0,False,False
2026-08-07,Tarde,3.9112325308201226,0,False,False
2026-08-07,Tarde,1.8200840720659701,0,False,False
2026-08-07,Tarde,3.612666072728688,0,False,False
2026-08-07,Tarde,5.9420614830629805,0,False,False
2026-08-07,Tarde,4.666051059553853,0,False,False
2026-08-07,Tarde,3.3524132202704022,0,False,False
2026-08-07,Tarde,7.949709045120312,0,False,False
2026-08-07,Tarde,5.85146208862121,0,False,False
2026-08-07,Tarde,4.60045775939488,0,False,False
2026-08-07,Tarde,8.817262507042972,0,False,False
2026-08-07,Tarde,3.9978331335442867,0,False,False
2026-08-07,Tarde,12.064096982642738,1,False,False
2026-08-07,Tarde,4.699613771265255,0,False,False
2026-08-07,Tarde,5.60111864137181,0,False,False
2026-08-07,Tarde,1.9853698755401776,0,False,False
2026-08-07,Tarde,4.077403702554351,0,False,False
2026-08-07,Tarde,3.927316387819979,0,False,False
2026-08-07,Tarde,8.769209715742905,0,False,False
2026-08-07,Tarde,5.932302281239179,0,False,False
2026-08-07,Tarde,1.2296185463923828,0,False,False
2026-08-07,Tarde,4.590839586097945,0,False,False
2026-08-07,Tarde,5.223612083207331,0,False,False
2026-08-07,Tarde,1.7274250911566698,0,False,False
2026-08-07,Noite,7.422622137697828,0,False,False
2026-08-07,Noite,3.1628548072390585,0,False,False
2026-08-07,Noite,5.873894927050437,0,False,False
2026-08-07,Noite,6.844322546585566,0,False,False
2026-08-07,Noite,4.928821275130088,0,False,False
2026-08-07,Noite,11.119313847507467,0,False,False
2026-08-07,Noite,2.5173710462299357,0,False,False
2026-08-07,Noite,2.0661606190674817,0,False,False
2026-08-07,Noite,3.6106410803942186,0,False,False
2026-08-07,Noite,1.8050789164044112,0,False,False
2026-08-07,Noite,2.468581696896641,0,False,False
2026-08-07,Noite,1.9914557297942124,0,False,False
2026-08-07,Noite,5.168010788001306,0,False,False
2026-08-07,Noite,8.954038048191201,0,False,False
2026-08-07,Noite,3.1725786904805493,0,False,False
2026-08-07,Noite,4.584193054546081,0,False,False
2026-08-07,Noite,5.684643061023661,0,False,False
2026-08-07,Noite,7.108022630019921,0,False,False
2026-08-07,Noite,9.692548480427101,0,False,False
2026-08-07,Noite,7.196641587081022,0,False,False
2026-08-07,Noite,4.606692246956088,0,False,False
2026-08-07,Noite,8.699567962103387,0,False,False
2026-08-07,Noite,5.485716479262786,0,False,False
2026-08-07,Noite,6.938378632059992,0,False,False
2026-08-07,Noite,5.280986726452336,0,False,False
2026-08-07,Noite,9.962599709245895,0,False,False
2026-08-07,Noite,6.902503433530525,0,False,False
2026-08-07,Noite,10.681806997922784,0,False,False
2026-08-07,Noite,3.3979809881532934,0,False,False
2026-08-07,Noite,8.712577383099514,0,False,False
2026-08-07,Noite,3.389451506448367,0,False,False
2026-08-07,Noite,7.069889065984436,1,False,False
2026-08-07,Noite,3.7931025416286195,0,False,False
2026-08-07,Noite,7.1781631980336,0,False,False
2026-08-07,Noite,2.146049662751708,0,False,False
2026-08-07,Noite,5.7937676060502605,0,False,False
2026-08-07,Noite,8.737739876908343,0,False,False
2026-08-07,Noite,2.3483401676044546,0,False,False
2026-08-07,Noite,4.421175566030002,0,False,False
2026-08-07,Noite,7.245087063773405,0,False,False
2026-08-07,Noite,1.7932766434151728,0,False,False
2026-08-07,Noite,2.4374076480813134,0,False,False
2026-08-07,Madrugada,2.810366886061457,0,False,False
2026-08-07,Madrugada,3.73675926809699,1,False,False
2026-08-07,Madrugada,2.214816171960578,0,False,False
2026-08-07,Madrugada,3.4370105690428625,0,False,False
2026-08-07,Madrugada,5.866036059822069,0,False,False
2026-08-07,Madrugada,7.6907038343147756,0,False,False
2026-08-07,Madrugada,8.491712778423624,0,False,False
2026-08-07,Madrugada,18.776295096443732,0,False,False
2026-08-07,Madrugada,1.6895779367932682,0,False,False
2026-08-07,Madrugada,7.963169048499609,0,False,False
2026-08-07,Madrugada,11.4931353577594,0,False,False
2026-08-07,Madrugada,7.8961102054708805,0,False,False
2026-08-07,Madrugada,5.902860575889846,0,False,False
2026-08-07,Madrugada,5.433178746992093,0,False,False
2026-08-07,Madrugada,9.820908666032867,0,False,False
2026-08-07,Madrugada,4.784300140012827,0,False,False
2026-08-07,Madrugada,11.4981673504115,0,False,False
2026-08-07,Madrugada,5.713932803853927,0,False,False
2026-08-07,Madrugada,6.692731259426321,0,False,False
2026-08-07,Madrugada,10.136964604181617,0,False,False
2026-08-07,Madrugada,11.254143373303682,0,False,False
2026-08-08,Manhã,7.951816354660802,0,True,False
2026-08-08,Manhã,2.5749169259436333,0,True,False
2026-08-08,Manhã,1.8434976630610729,0,True,False
2026-08-08,Manhã,4.567610961985488,0,True,False
2026-08-08,Manhã,8.097570450697646,0,True,False
2026-08-08,Manhã,3.569992011653377,0,True,False
2026-08-08,Manhã,2.640558862399631,0,True,False
2026-08-08,Manhã,6.789450218355832,0,True,False
2026-08-08,Manhã,4.35418212911112,0,True,False
2026-08-08,Manhã,3.351734440502332,0,True,False
2026-08-08,Manhã,6.93960201823802,0,True,False
2026-08-08,Manhã,4.744163453194746,0,True,False
2026-08-08,Manhã,9.130019823414004,0,True,False
2026-08-08,Manhã,2.619407275078495,0,True,False
2026-08-08,Manhã,3.6947457781043727,0,True,False
2026-08-08,Manhã,4.212956342456815,0,True,False
2026-08-08,Manhã,6.903337650323232,1,True,False
2026-08-08,Manhã,5.04627106028711,0,True,False
2026-08-08,Manhã,5.254570174667222,0,True,False
2026-08-08,Manhã,6.000692311176022,0,True,False
2026-08-08,Manhã,8.234054996714375,0,True,False
2026-08-08,Manhã,6.147248931928278,0,True,False
2026-08-08,Manhã,2.611806305426791,0,True,False
2026-08-08,Manhã,5.891673462972639,0,True,False
2026-08-08,Manhã,5.570122490194187,0,True,False
2026-08-08,Manhã,4.8598687685014745,0,True,False
2026-08-08,Manhã,3.7632723842383022,0,True,False
2026-08-08,Manhã,6.116730048862041,1,True,False
2026-08-08,Manhã,1.7080145584155069,0,True,False
2026-08-08,Manhã,5.350232089459518,0,True,False
2026-08-08,Manhã,1.3072923681336195,0,True,False
2026-08-08,Manhã,9.057183719593219,0,True,False
2026-08-08,Manhã,1.309265684100224,0,True,False
2026-08-08,Manhã,5.128876101765392,0,True,False
2026-08-08,Manhã,5.496262068555903,0,True,False
2026-08-08,Manhã,8.484784271813238,0,True,False
2026-08-08,Manhã,2.334542367601315,0,True,False
2026-08-08,Manhã,3.229017447013603,0,True,False
2026-08-08,Manhã,6.583806971295709,0,True,False
2026-08-08,Manhã,3.6209133193727983,0,True,False
2026-08-08,Manhã,6.159686779541346,0,True,False
2026-08-08,Manhã,4.35066867771317,0,True,False
2026-08-08,Manhã,2.7714976654890577,0,True,False
2026-08-08,Manhã,3.21961450378366,0,True,False
2026-08-08,Manhã,5.227658038459884,0,True,False
2026-08-08,Manhã,4.378562801342647,0,True,False
2026-08-08,Manhã,2.001386278592634,0,True,False
2026-08-08,Manhã,6.501596037275215,0,True,False
2026-08-08,Manhã,4.321342270989692,0,True,False
2026-08-08,Manhã,4.083287214901327,0,True,False
2026-08-08,Manhã,8.296431930908994,0,True,False
2026-08-08,Manhã,7.056801924207973,0,True,False
2026-08-08,Manhã,3.401638626227501,0,True,False
2026-08-08,Manhã,3.7463829727889357,0,True,False
2026-08-08,Manhã,6.216568182560015,0,True,False
2026-08-08,Manhã,1.6581191763010636,1,True,False
2026-08-08,Manhã,3.1158417805325285,0,True,False
2026-08-08,Manhã,5.837564295080161,0,True,False
2026-08-08,Tarde,2.5437258830929177,0,True,False
2026-08-08,Tarde,4.963188813624666,0,True,False
2026-08-08,Tarde,4.437458699288837,0,True,False
2026-08-08,Tarde,10.543056374289147,0,True,False
2026-08-08,Tarde,6.003180353384846,0,True,False
2026-08-08,Tarde,6.141450909117075,0,True,False
2026-08-08,Tarde,7.9609947371225385,0,True,False
2026-08-08,Tarde,7.799016680671978,0,True,False
2026-08-08,Tarde,9.326236339873056,0,True,False
2026-08-08,Tarde,3.5469632366432067,0,True,False
2026-08-08,Tarde,2.874247699025099,0,True,False
2026-08-08,Tarde,19.580093703331983,0,True,False
2026-08-08,Tarde,6.896297674229529,0,True,False
2026-08-08,Tarde,10.368868876393986,0,True,False
2026-08-08,Tarde,9.193975291501292,0,True,False
2026-08-08,Tarde,5.209957954078993,0,True,False
2026-08-08,Tarde,7.634200227245976,0,True,False
2026-08-08,Tarde,6.859669874094848,0,True,False
2026-08-08,Tarde,3.3763357302945938,0,True,False
2026-08-08,Tarde,12.471530898661657,0,True,False
2026-08-08,Tarde,5.074774578501543,0,True,False
2026-08-08,Tarde,2.837693025286818,0,True,False
2026-08-08,Tarde,5.012366935055148,0,True,False
2026-08-08,Tarde,2.8441845084168196,0,True,False
2026-08-08,Tarde,6.884701929471702,0,True,False
2026-08-08,Tarde,4.744808120419814,0,True,False
2026-08-08,Tarde,4.393710133744886,0,True,False
2026-08-08,Tarde,5.864770496353845,0,True,False
2026-08-08,Tarde,7.611934699745579,0,True,False
2026-08-08,Tarde,5.379544566980168,0,True,False
2026-08-08,Tarde,12.158313345215067,0,True,False
2026-08-08,Tarde,5.7496209545298385,0,True,False
2026-08-08,Tarde,4.246046567258348,0,True,False
2026-08-08,Tarde,4.575566459114504,0,True,False
2026-08-08,Tarde,5.253515679155318,0,True,False
2026-08-08,Tarde,4.589712497326195,0,True,False
2026-08-08,Tarde,3.7272863095897644,0,True,False
2026-08-08,Tarde,4.235046815307706,0,True,False
2026-08-08,Tarde,2.928408552754065,1,True,False
2026-08-08,Tarde,7.831521954495289,0,True,False
2026-08-08,Tarde,6.235178444890645,0,True,False
2026-08-08,Tarde,3.734351816327762,0,True,False
2026-08-08,Tarde,3.7766123669996885,0,True,False
2026-08-08,Tarde,12.398095668019465,0,True,False
2026-08-08,Tarde,8.918423201798172,0,True,False
2026-08-08,Noite,9.248217433484257,0,True,False
2026-08-08,Noite,10.163791972640201,0,True,False
2026-08-08,Noite,4.516695598171152,0,True,False
2026-08-08,Noite,3.5811189346606223,0,True,False
2026-08-08,Noite,1.640247452850251,0,True,False
2026-08-08,Noite,6.587015491925543,0,True,False
2026-08-08,Noite,5.505303760601672,0,True,False
2026-08-08,Noite,14.562791145248204,0,True,False
2026-08-08,Noite,4.632813870621144,0,True,False
2026-08-08,Noite,2.3896119743830946,0,True,False
2026-08-08,Noite,2.239481233859184,0,True,False
2026-08-08,Noite,11.588629460440787,0,True,False
2026-08-08,Noite,3.850783316900495,0,True,False
2026-08-08,Noite,5.307391086319704,0,True,False
2026-08-08,Noite,2.4803753025321296,0,True,False
2026-08-08,Noite,4.5170292771358955,0,True,False
2026-08-08,Noite,4.179334936818529,0,True,False
2026-08-08,Noite,3.3513688140730387,0,True,False
2026-08-08,Noite,3.2768590004972764,0,True,False
2026-08-08,Noite,6.810497504327497,0,True,False
2026-08-08,Noite,17.02240792126201,0,True,False
2026-08-08,Noite,10.277770520438676,0,True,False
2026-08-08,Madrugada,10.062244576963593,0,True,False
2026-08-08,Madrugada,9.121073695084442,0,True,False
2026-08-08,Madrugada,2.1613318701607374,0,True,False
2026-08-08,Madrugada,13.398249383965922,0,True,False
2026-08-08,Madrugada,5.398227137570947,0,True,False
2026-08-08,Madrugada,19.286268069505482,0,True,False
2026-08-08,Madrugada,2.782991647734065,0,True,False
2026-08-08,Madrugada,3.2190098120877373,0,True,False
2026-08-08,Madrugada,3.1867549018445174,0,True,False
2026-08-08,Madrugada,5.065881376218385,0,True,False
2026-08-08,Madrugada,9.669854218343554,0,True,False
2026-08-08,Madrugada,6.237472833563451,0,True,False
2026-08-08,Madrugada,5.111396514565766,0,True,False
2026-08-08,Madrugada,7.966592952770404,0,True,False
2026-08-08,Madrugada,2.3389831116862183,0,True,False
2026-08-08,Madrugada,7.471474992250504,0,True,False
2026-08-09,Manhã,5.162167767602103,0,True,False
2026-08-09,Manhã,3.332365495746571,0,True,False
2026-08-09,Manhã,4.3561850885266855,0,True,False
2026-08-09,Manhã,3.960683028831764,0,True,False
2026-08-09,Manhã,3.9890482166057146,0,True,False
2026-08-09,Manhã,4.662362974109363,0,True,False
2026-08-09,Manhã,5.201515309763414,0,True,False
2026-08-09,Manhã,3.7445945712590913,0,True,False
2026-08-09,Manhã,4.557254101317729,0,True,False
2026-08-09,Manhã,1.4943862791870355,0,True,False
2026-08-09,Manhã,2.2698705058707036,0,True,False
2026-08-09,Manhã,1.9861605713403372,0,True,False
2026-08-09,Manhã,6.383649048249983,0,True,False
2026-08-09,Manhã,4.193895357371453,0,True,False
2026-08-09,Manhã,6.174644233150366,0,True,False
2026-08-09,Manhã,2.846399381819471,0,True,False
2026-08-09,Manhã,3.967324023400881,0,True,False
2026-08-09,Manhã,3.9560769098787194,0,True,False
2026-08-09,Manhã,3.1980239041158725,0,True,False
2026-08-09,Manhã,5.017627289006419,0,True,False
2026-08-09,Manhã,2.4856347000797547,0,True,False
2026-08-09,Manhã,1.9806953175695359,0,True,False
2026-08-09,Manhã,4.490644841951025,0,True,False
2026-08-09,Manhã,3.3013607872364354,0,True,False
2026-08-09,Manhã,4.943655138710796,0,True,False
2026-08-09,Manhã,4.105278003445129,0,True,False
2026-08-09,Manhã,2.056631430527919,0,True,False
2026-08-09,Manhã,5.76002232732854,0,True,False
2026-08-09,Manhã,5.1372684003146105,0,True,False
2026-08-09,Manhã,4.438028109174435,0,True,False
2026-08-09,Manhã,3.221236572277703,0,True,False
2026-08-09,Manhã,7.497008022777613,0,True,False
2026-08-09,Manhã,4.616420587667788,0,True,False
2026-08-09,Manhã,3.6211898910558804,0,True,False
2026-08-09,Manhã,7.12317482352225,0,True,False
2026-08-09,Manhã,3.6009738082019265,0,True,False
2026-08-09,Manhã,2.9187772861791808,0,True,False
2026-08-09,Manhã,1.1161995596104375,0,True,False
2026-08-09,Manhã,3.120037532704794,0,True,False
2026-08-09,Manhã,2.434279380823924,0,True,False
2026-08-09,Manhã,4.305772300315052,0,True,False
2026-08-09,Manhã,4.793764280704943,0,True,False
2026-08-09,Manhã,3.9761821428673176,0,True,False
2026-08-09,Manhã,2.8448372420553425,0,True,False
2026-08-09,Manhã,4.043451562827204,0,True,False
2026-08-09,Manhã,1.993728984208567,0,True,False
2026-08-09,Manhã,2.986481284075444,0,True,False
2026-08-09,Manhã,1.7920731014419462,0,True,False
2026-08-09,Manhã,2.527169147038907,0,True,False
2026-08-09,Manhã,8.23145339165052,0,True,False
2026-08-09,Manhã,3.7451495683629727,0,True,False
2026-08-09,Manhã,5.0275076703264965,0,True,False
2026-08-09,Manhã,3.8878952617983824,0,True,False
2026-08-09,Manhã,4.129705743763259,0,True,False
2026-08-09,Manhã,7.2979932684513,0,True,False
2026-08-09,Tarde,4.038315266086682,0,True,False
2026-08-09,Tarde,2.0775265137150347,0,True,False
2026-08-09,Tarde,4.478912075867556,0,True,False
2026-08-09,Tarde,4.785231427515219,0,True,False
2026-08-09,Tarde,4.3958393112528995,0,True,False
2026-08-09,Tarde,4.438493554859181,0,True,False
2026-08-09,Tarde,6.985831185994629,0,True,False
2026-08-09,Tarde,8.201001210605414,0,True,False
2026-08-09,Tarde,8.331698020212869,0,True,False
2026-08-09,Tarde,4.351355744236313,0,True,False
2026-08-09,Tarde,8.04005837203491,0,True,False
2026-08-09,Tarde,6.2949578308482455,0,True,False
2026-08-09,Tarde,7.6522183994199535,0,True,False
2026-08-09,Tarde,9.265979807378452,0,True,False
2026-08-09,Tarde,6.591598364315109,0,True,False
2026-08-09,Tarde,6.250860487213219,0,True,False
2026-08-09,Tarde,2.5194786847610153,0,True,False
2026-08-09,Tarde,5.478561635075953,0,True,False
2026-08-09,Tarde,5.254425501395692,0,True,False
2026-08-09,Tarde,4.34523996692154,0,True,False
2026-08-09,Tarde,5.369383887705613,0,True,False
2026-08-09,Tarde,9.206507189911154,0,True,False
2026-08-09,Tarde,4.850889723846131,0,True,False
2026-08-09,Tarde,7.189546523263283,0,True,False
2026-08-09,Tarde,5.803669882916809,0,True,False
2026-08-09,Tarde,7.858391240789805,0,True,False
2026-08-09,Tarde,12.867139594216166,0,True,False
2026-08-09,Tarde,10.781651141037711,0,True,False
2026-08-09,Tarde,7.297435406681552,0,True,False
2026-08-09,Tarde,5.6184409672416535,0,True,False
2026-08-09,Tarde,3.2064068415559808,0,True,False
2026-08-09,Tarde,2.6546572518292857,0,True,False
2026-08-09,Tarde,2.6856568071395417,0,True,False
2026-08-09,Tarde,14.604891162455246,0,True,False
2026-08-09,Noite,4.189076389169548,0,True,False
2026-08-09,Noite,8.613381693190796,0,True,False
2026-08-09,Noite,6.2403647569874545,0,True,False
2026-08-09,Noite,7.978573994040055,0,True,False
2026-08-09,Noite,3.1558679176756486,0,True,False
2026-08-09,Noite,5.232101913009566,0,True,False
2026-08-09,Noite,2.635639858032361,0,True,False
2026-08-09,Noite,6.301097835804885,0,True,False
2026-08-09,Noite,3.676406259046291,0,True,False
2026-08-09,Noite,3.6374045583565024,0,True,False
2026-08-09,Noite,6.051749815886153,0,True,False
2026-08-09,Noite,7.193176805468165,0,True,False
2026-08-09,Noite,7.150272044485863,0,True,False
2026-08-09,Noite,5.843889754181385,0,True,False
2026-08-09,Noite,3.4179941310954893,0,True,False
2026-08-09,Noite,1.2908459157707162,0,True,False
2026-08-09,Noite,6.654820279534391,0,True,False
2026-08-09,Noite,2.0008065912082498,0,True,False
2026-08-09,Noite,3.6825150212614903,0,True,False
2026-08-09,Noite,4.077373962109646,0,True,False
2026-08-09,Noite,5.385017400378129,0,True,False
2026-08-09,Noite,4.715924329757361,0,True,False
2026-08-09,Noite,7.692360079958121,0,True,False
2026-08-09,Noite,5.551655470924879,0,True,False
2026-08-09,Madrugada,2.213714364472885,0,True,False
2026-08-09,Madrugada,7.468014222346096,0,True,False
2026-08-09,Madrugada,16.857507303525015,0,True,False
2026-08-09,Madrugada,16.327238625002543,0,True,False
2026-08-09,Madrugada,12.076323511271442,0,True,False
2026-08-09,Madrugada,4.273367776805843,0,True,False
2026-08-09,Madrugada,3.937021462287402,0,True,False
2026-08-09,Madrugada,8.087436272672633,0,True,False
2026-08-09,Madrugada,2.5801389534930603,0,True,False
2026-08-09,Madrugada,12.458567968466879,0,True,False
2026-08-09,Madrugada,6.592263018030303,0,True,False
2026-08-09,Madrugada,12.806492806338523,0,True,False
2026-08-09,Madrugada,4.479740069070163,0,True,False
2026-08-10,Manhã,4.57400193189865,0,False,True
2026-08-10,Manhã,6.455497779446235,0,False,True
2026-08-10,Manhã,4.835523531864294,0,False,True
2026-08-10,Manhã,3.6661284294784524,0,False,True
2026-08-10,Manhã,9.07666167263871,0,False,True
2026-08-10,Manhã,22.289383369535432,0,False,True
2026-08-10,Manhã,8.95517296542631,0,False,True
2026-08-10,Manhã,4.397460065251726,0,False,True
2026-08-10,Manhã,3.0645840360920085,0,False,True
2026-08-10,Manhã,7.985142551836982,0,False,True
2026-08-10,Manhã,11.85850168651389,0,False,True
2026-08-10,Manhã,7.590084064929513,0,False,True
2026-08-10,Manhã,7.382996648751885,0,False,True
2026-08-10,Manhã,3.6165908028358142,0,False,True
2026-08-10,Manhã,7.335061457695418,0,False,True
2026-08-10,Manhã,12.393593709969522,0,False,True
2026-08-10,Manhã,3.0146591899620443,0,False,True
2026-08-10,Manhã,7.827296364243641,0,False,True
2026-08-10,Manhã,5.419657922437344,0,False,True
2026-08-10,Manhã,4.780959533276928,0,False,True
2026-08-10,Manhã,17.972675064193762,0,False,True
2026-08-10,Manhã,8.051925964062699,0,False,True
2026-08-10,Manhã,8.661486585254567,0,False,True
2026-08-10,Manhã,3.5227420635107993,0,False,True
2026-08-10,Manhã,6.559260147547291,0,False,True
2026-08-10,Manhã,11.004580014622203,0,False,True
2026-08-10,Manhã,6.136239379435169,0,False,True
2026-08-10,Manhã,2.894781577806113,0,False,True
2026-08-10,Manhã,4.83075065135408,0,False,True
2026-08-10,Manhã,6.501017374876089,0,False,True
2026-08-10,Manhã,11.9708514268139,0,False,True
2026-08-10,Manhã,4.963812266281143,0,False,True
2026-08-10,Manhã,10.550846116087326,0,False,True
2026-08-10,Manhã,8.070022796871639,0,False,True
2026-08-10,Manhã,10.491098083839612,0,False,True
2026-08-10,Manhã,5.882604105797725,0,False,True
2026-08-10,Manhã,4.3851769149712965,0,False,True
2026-08-10,Manhã,4.844215404175259,0,False,True
2026-08-10,Manhã,5.8620807290494215,0,False,True
2026-08-10,Manhã,4.420832812283479,0,False,True
2026-08-10,Manhã,2.5950704688682222,0,False,True
2026-08-10,Manhã,3.7559817381306324,0,False,True
2026-08-10,Manhã,7.41447499385288,0,False,True
2026-08-10,Manhã,5.550323313372469,0,False,True
2026-08-10,Manhã,5.421767622544213,0,False,True
2026-08-10,Manhã,5.751571693689503,0,False,True
2026-08-10,Manhã,6.827789556740992,0,False,True
2026-08-10,Manhã,5.625239241536851,0,False,True
2026-08-10,Manhã,8.697123221320778,0,False,True
2026-08-10,Manhã,5.25014790114828,0,False,True
2026-08-10,Manhã,5.498746758352636,0,False,True
2026-08-10,Manhã,6.78770528911426,0,False,True
2026-08-10,Manhã,4.7569540362340685,0,False,True
2026-08-10,Manhã,3.3511068205135,0,False,True
2026-08-10,Manhã,6.145311463034316,0,False,True
2026-08-10,Manhã,7.823582463301455,0,False,True
2026-08-10,Manhã,3.2079958264620156,0,False,True
2026-08-10,Manhã,4.692196250725227,0,False,True
2026-08-10,Manhã,5.797448964396934,0,False,True
2026-08-10,Manhã,7.395118733397016,0,False,True
2026-08-10,Manhã,5.048410771392813,0,False,True
2026-08-10,Manhã,5.352629768248812,0,False,True
2026-08-10,Manhã,5.322261842748675,0,False,True
2026-08-10,Manhã,9.86803893784947,0,False,True
2026-08-10,Manhã,6.041795203984133,0,False,True
2026-08-10,Manhã,3.4904716755438088,0,False,True
2026-08-10,Manhã,5.194415027068668,0,False,True
2026-08-10,Manhã,16.257889961421448,0,False,True
2026-08-10,Manhã,3.719232413785882,0,False,True
2026-08-10,Manhã,4.385187919726862,0,False,True
2026-08-10,Manhã,4.828346632018262,0,False,True
2026-08-10,Manhã,4.565440897195488,0,False,True
2026-08-10,Manhã,5.157776657296705,0,False,True
2026-08-10,Manhã,8.231702887900866,0,False,True
2026-08-10,Manhã,3.678508889124133,0,False,True
2026-08-10,Manhã,3.0983099674791417,1,False,True
2026-08-10,Manhã,4.776530200151203,0,False,True
2026-08-10,Manhã,2.8220365782240577,0,False,True
2026-08-10,Manhã,8.256465846500648,0,False,True
2026-08-10,Manhã,7.363855736052084,0,False,True
2026-08-10,Manhã,12.191117481324204,0,False,True
2026-08-10,Manhã,7.660594093689614,0,False,True
2026-08-10,Manhã,2.6613417438074163,0,False,True
2026-08-10,Manhã,3.7483812687589304,0,False,True
2026-08-10,Manhã,5.314352496808247,0,False,True
2026-08-10,Manhã,4.929625996230089,0,False,True
2026-08-10,Manhã,3.612578046754487,0,False,True
2026-08-10,Manhã,0.8473568037295985,0,False,True
2026-08-10,Manhã,4.505942716190599,0,False,True
2026-08-10,Manhã,2.1981734113239373,0,False,True
2026-08-10,Manhã,3.4186454059661417,0,False,True
2026-08-10,Manhã,6.875833490751808,0,False,True
2026-08-10,Manhã,5.313551831609182,0,False,True
2026-08-10,Manhã,3.3272243126827163,0,False,True
2026-08-10,Manhã,5.979134089828008,0,False,True
2026-08-10,Manhã,3.718328561305234,0,False,True
2026-08-10,Tarde,18.21844786388879,0,False,True
2026-08-10,Tarde,2.2569371040405275,0,False,True
2026-08-10,Tarde,3.9491020856059054,0,False,True
2026-08-10,Tarde,9.663703155231616,0,False,True
2026-08-10,Tarde,20.97984082466695,0,False,True
2026-08-10,Tarde,3.696973569979936,0,False,True
2026-08-10,Tarde,5.22120551690705,0,False,True
2026-08-10,Tarde,3.062379229198204,0,False,True
2026-08-10,Tarde,20.040143400103464,0,False,True
2026-08-10,Tarde,5.999155723229205,0,False,True
2026-08-10,Tarde,3.951998908389348,0,False,True
2026-08-10,Tarde,3.900623191008256,0,False,True
2026-08-10,Tarde,10.880822370470446,0,False,True
2026-08-10,Tarde,6.448513600844182,0,False,True
2026-08-10,Tarde,3.5101802985824784,0,False,True
2026-08-10,Tarde,5.783552875387009,0,False,True
2026-08-10,Tarde,3.29627740440039,0,False,True
2026-08-10,Tarde,6.975709725764394,0,False,True
2026-08-10,Tarde,12.188370116439174,0,False,True
2026-08-10,Tarde,9.078410926923349,0,False,True
2026-08-10,Tarde,6.316904547307281,0,False,True
2026-08-10,Tarde,5.727578144250727,0,False,True
2026-08-10,Tarde,6.533060469802701,0,False,True
2026-08-10,Tarde,3.2951811798045716,0,False,True
2026-08-10,Tarde,7.166526688040857,0,False,True
2026-08-10,Tarde,8.647082847450537,0,False,True
2026-08-10,Tarde,7.955285654716588,0,False,True
2026-08-10,Tarde,7.224644519290353,0,False,True
2026-08-10,Tarde,5.394832230063778,0,False,True
2026-08-10,Tarde,3.3892295615639423,0,False,True
2026-08-10,Tarde,6.433819932225675,0,False,True
2026-08-10,Tarde,4.113767994631834,1,False,True
2026-08-10,Tarde,5.042011481776461,0,False,True
2026-08-10,Tarde,3.6200963987758494,0,False,True
2026-08-10,Tarde,5.773937903341387,0,False,True
2026-08-10,Tarde,9.053696690912426,0,False,True
2026-08-10,Tarde,6.351354422562482,0,False,True
2026-08-10,Tarde,7.399941758438627,0,False,True
2026-08-10,Tarde,6.031024937332245,0,False,True
2026-08-10,Tarde,9.457760393720964,0,False,True
2026-08-10,Tarde,3.584294251331003,0,False,True
2026-08-10,Tarde,4.365543456171155,0,False,True
2026-08-10,Tarde,9.960411191527044,0,False,True
2026-08-10,Tarde,6.0570217590500866,0,False,True
2026-08-10,Tarde,9.19489292820177,0,False,True
2026-08-10,Tarde,9.518617533161603,0,False,True
2026-08-10,Tarde,3.888709021491002,0,False,True
2026-08-10,Tarde,10.74383117934943,0,False,True
2026-08-10,Tarde,10.141435878974365,0,False,True
2026-08-10,Tarde,14.511607161008971,0,False,True
2026-08-10,Tarde,2.581338529974898,0,False,True
2026-08-10,Tarde,8.510259920730297,0,False,True
2026-08-10,Tarde,7.648228757028679,0,False,True
2026-08-10,Tarde,8.333089346290608,0,False,True
2026-08-10,Tarde,6.549620628470005,0,False,True
2026-08-10,Tarde,16.683473633901357,0,False,True
2026-08-10,Tarde,2.2263656269628185,0,False,True
2026-08-10,Tarde,3.9552700691343428,0,False,True
2026-08-10,Tarde,5.434066168424695,0,False,True
2026-08-10,Tarde,6.999332132663624,0,False,True
2026-08-10,Tarde,4.350032861011688,0,False,True
2026-08-10,Tarde,8.13592636035257,0,False,True
2026-08-10,Tarde,10.31175182125507,0,False,True
2026-08-10,Tarde,5.672734385712753,0,False,True
2026-08-10,Noite,21.236194795617696,0,False,True
2026-08-10,Noite,8.954395530451794,0,False,True
2026-08-10,Noite,18.772856515932624,0,False,True
2026-08-10,Noite,2.363071405433997,0,False,True
2026-08-10,Noite,3.3539327991148173,0,False,True
2026-08-10,Noite,10.5351462780635,0,False,True
2026-08-10,Noite,8.647640192020821,0,False,True
2026-08-10,Noite,7.088423449958281,0,False,True
2026-08-10,Noite,7.24996085290069,0,False,True
2026-08-10,Noite,6.746245183785795,0,False,True
2026-08-10,Noite,22.833026190589624,0,False,True
2026-08-10,Noite,9.528814707530206,0,False,True
2026-08-10,Noite,14.645312775648623,0,False,True
2026-08-10,Noite,2.330163508905195,0,False,True
2026-08-10,Noite,28.474464133376163,0,False,True
2026-08-10,Noite,10.988139869078049,0,False,True
2026-08-10,Noite,3.6398528618385413,0,False,True
2026-08-10,Noite,11.493882784751289,0,False,True
2026-08-10,Noite,8.843114068235147,0,False,True
2026-08-10,Noite,2.6261656723762687,0,False,True
2026-08-10,Noite,8.019133551823236,0,False,True
2026-08-10,Noite,18.793862017471245,0,False,True
2026-08-10,Noite,8.691342949414894,0,False,True
2026-08-10,Noite,4.466467676904276,0,False,True
2026-08-10,Noite,4.1177681951512985,0,False,True
2026-08-10,Noite,8.332161457721865,0,False,True
2026-08-10,Noite,9.441761428932912,0,False,True
2026-08-10,Noite,4.213213966484603,0,False,True
2026-08-10,Noite,15.380524347150542,0,False,True
2026-08-10,Noite,5.910622350857798,1,False,True
2026-08-10,Noite,4.512515124248871,0,False,True
2026-08-10,Noite,13.63177352495887,0,False,True
2026-08-10,Noite,6.503786616388214,0,False,True
2026-08-10,Noite,8.493077691926604,0,False,True
2026-08-10,Noite,7.057001982781681,0,False,True
2026-08-10,Noite,11.463855927849368,0,False,True
2026-08-10,Noite,9.396487287188668,0,False,True
2026-08-10,Noite,5.354907193551475,0,False,True
2026-08-10,Noite,6.133185654020359,0,False,True
2026-08-10,Noite,4.995725001158092,0,False,True
2026-08-10,Noite,11.475807751532585,0,False,True
2026-08-10,Noite,3.96775122814928,0,False,True
2026-08-10,Noite,10.698828644701873,0,False,True
2026-08-10,Madrugada,6.138574526280214,0,False,True
2026-08-10,Madrugada,5.98727699743208,0,False,True
2026-08-10,Madrugada,2.9733367564093003,0,False,True
2026-08-10,Madrugada,4.631583341093595,0,False,True
2026-08-10,Madrugada,16.681618699327654,0,False,True
2026-08-10,Madrugada,7.629550041528225,0,False,True
2026-08-10,Madrugada,10.762830994330434,0,False,True
2026-08-10,Madrugada,11.51663386079829,0,False,True
2026-08-10,Madrugada,6.283723471305665,0,False,True
2026-08-10,Madrugada,7.349033222373118,0,False,True
2026-08-10,Madrugada,2.3941063710894652,0,False,True
2026-08-10,Madrugada,3.7723615241823425,0,False,True
2026-08-11,Manhã,1.7876064686651643,0,False,False
2026-08-11,Manhã,2.5514199571594256,0,False,False
2026-08-11,Manhã,2.8552088120336845,0,False,False
2026-08-11,Manhã,4.413527259149335,0,False,False
2026-08-11,Manhã,8.591107359024214,0,False,False
2026-08-11,Manhã,2.40700539850559,0,False,False
2026-08-11,Manhã,2.1193171191371594,0,False,False
2026-08-11,Manhã,2.7986799994972915,0,False,False
2026-08-11,Manhã,1.33040208491391,0,False,False
2026-08-11,Manhã,4.447106664266081,0,False,False
2026-08-11,Manhã,5.021923311357054,0,False,False
2026-08-11,Manhã,1.2962781848944058,0,False,False
2026-08-11,Manhã,7.242606297719854,0,False,False
2026-08-11,Manhã,4.168345972994608,0,False,False
2026-08-11,Manhã,4.5742896030872,0,False,False
2026-08-11,Manhã,5.947210685492122,0,False,False
2026-08-11,Manhã,2.045433035923767,0,False,False
2026-08-11,Manhã,4.05110868868386,0,False,False
2026-08-11,Manhã,2.8077873629545023,0,False,False
2026-08-11,Manhã,6.588977792321396,0,False,False
2026-08-11,Manhã,5.273286293885109,0,False,False
2026-08-11,Manhã,3.9673407680806654,0,False,False
2026-08-11,Manhã,3.2778653447797126,0,False,False
2026-08-11,Manhã,2.486290566341739,0,False,False
2026-08-11,Manhã,7.5268520487883075,0,False,False
2026-08-11,Manhã,2.8628335344239253,0,False,False
2026-08-11,Manhã,2.1796746642656264,0,False,False
2026-08-11,Manhã,2.3175303453476004,0,False,False
2026-08-11,Manhã,2.6313469827797986,0,False,False
2026-08-11,Manhã,3.406115000415581,0,False,False
2026-08-11,Manhã,2.235202627445508,0,False,False
2026-08-11,Manhã,3.4102317462117644,0,False,False
2026-08-11,Manhã,1.1592641257078193,0,False,False
2026-08-11,Manhã,3.9613642052399163,0,False,False
2026-08-11,Manhã,3.2836526210111514,0,False,False
2026-08-11,Manhã,3.675666433919413,0,False,False
2026-08-11,Manhã,1.6139792650695974,0,False,False
2026-08-11,Manhã,5.347447775617345,0,False,False
2026-08-11,Manhã,8.993793011705712,0,False,False
2026-08-11,Manhã,3.4052802509849855,0,False,False
2026-08-11,Manhã,5.226491186755613,0,False,False
2026-08-11,Manhã,2.7437714968947824,0,False,False
2026-08-11,Manhã,5.853949565301666,0,False,False
2026-08-11,Manhã,5.104127540508812,0,False,False
2026-08-11,Manhã,3.3285496950992925,0,False,False
2026-08-11,Manhã,6.527882046116363,0,False,False
2026-08-11,Manhã,13.674856817721647,0,False,False
2026-08-11,Manhã,3.8603689567090234,0,False,False
2026-08-11,Manhã,3.1060923028287757,0,False,False
2026-08-11,Manhã,1.8672390661742377,0,False,False
2026-08-11,Manhã,5.7335826533580265,0,False,False
2026-08-11,Manhã,3.118906818731874,0,False,False
2026-08-11,Manhã,5.1366702064253325,0,False,False
2026-08-11,Manhã,5.140994472104701,0,False,False
2026-08-11,Manhã,3.845103192799029,0,False,False
2026-08-11,Manhã,4.54847574804369,0,False,False
2026-08-11,Manhã,8.952342558941316,0,False,False
2026-08-11,Manhã,2.479647932573781,0,False,False
2026-08-11,Manhã,4.574644198746277,0,False,False
2026-08-11,Manhã,5.227032795745558,0,False,False
2026-08-11,Manhã,1.9382136538783088,0,False,False
2026-08-11,Manhã,4.251656161988577,0,False,False
2026-08-11,Manhã,8.167695380266313,0,False,False
2026-08-11,Manhã,4.100544711566919,0,False,False
2026-08-11,Manhã,3.06834033657247,0,False,False
2026-08-11,Manhã,3.543853816906329,0,False,False
2026-08-11,Manhã,6.61548899493756,0,False,False
2026-08-11,Manhã,2.5309284048708665,0,False,False
2026-08-11,Manhã,2.7504516551900386,0,False,False
2026-08-11,Manhã,2.078459439490713,0,False,False
2026-08-11,Manhã,5.726119644803844,0,False,False
2026-08-11,Manhã,5.083208225955675,0,False,False
2026-08-11,Manhã,2.7726214294994307,0,False,False
2026-08-11,Manhã,2.833149828366543,0,False,False
2026-08-11,Manhã,3.474592465295542,0,False,False
2026-08-11,Manhã,4.372196086143682,0,False,False
2026-08-11,Manhã,2.527962047723446,1,False,False
2026-08-11,Manhã,3.3637939041564837,0,False,False
2026-08-11,Manhã,5.704653339311177,0,False,False
2026-08-11,Manhã,2.329605121691253,0,False,False
2026-08-11,Manhã,2.567646847180448,0,False,False
2026-08-11,Manhã,4.498786357391663,0,False,False
2026-08-11,Manhã,4.528069350532032,0,False,False
2026-08-11,Manhã,6.285071880547407,0,False,False
2026-08-11,Manhã,4.5129103177675205,0,False,False
2026-08-11,Manhã,4.564796141238864,0,False,False
2026-08-11,Manhã,4.402952943958869,0,False,False
2026-08-11,Manhã,4.194092198202518,0,False,False
2026-08-11,Tarde,7.185767454773928,0,False,False
2026-08-11,Tarde,11.655554716476688,0,False,False
2026-08-11,Tarde,3.5044551870223635,0,False,False
2026-08-11,Tarde,4.955606007508139,0,False,False
2026-08-11,Tarde,2.483715948083698,0,False,False
2026-08-11,Tarde,1.3538440248420427,1,False,False
2026-08-11,Tarde,4.66097963646274,0,False,False
2026-08-11,Tarde,5.392973368879413,0,False,False
2026-08-11,Tarde,6.850577560444581,0,False,False
2026-08-11,Tarde,11.414751093350276,0,False,False
2026-08-11,Tarde,3.628580707591156,0,False,False
2026-08-11,Tarde,34.36220832468521,0,False,False
2026-08-11,Tarde,4.998390382227891,0,False,False
2026-08-11,Tarde,2.695757624257701,0,False,False
2026-08-11,Tarde,7.165281392958836,0,False,False
2026-08-11,Tarde,2.5944159230739965,0,False,False
2026-08-11,Tarde,3.0584921458222665,0,False,False
2026-08-11,Tarde,15.492977798352936,0,False,False
2026-08-11,Tarde,2.7656521244485184,0,False,False
2026-08-11,Tarde,5.118735457579539,0,False,False
2026-08-11,Tarde,3.2305206543562663,0,False,False
2026-08-11,Tarde,5.7996156066849025,0,False,False
2026-08-11,Tarde,6.561840973764164,0,False,False
2026-08-11,Tarde,6.191960743973054,0,False,False
2026-08-11,Tarde,27.327110424294034,0,False,False
2026-08-11,Tarde,4.392784999467596,0,False,False
2026-08-11,Tarde,7.968639702005253,0,False,False
2026-08-11,Tarde,6.251597153973978,0,False,False
2026-08-11,Tarde,20.45970325079654,0,False,False
2026-08-11,Tarde,4.862386221969854,0,False,False
2026-08-11,Tarde,4.717097524273814,0,False,False
2026-08-11,Tarde,5.689597298998441,0,False,False
2026-08-11,Tarde,17.614020309537505,0,False,False
2026-08-11,Tarde,9.116580057926647,0,False,False
2026-08-11,Tarde,2.082240417065776,0,False,False
2026-08-11,Tarde,6.887715270636915,0,False,False
2026-08-11,Tarde,3.4384469624237908,0,False,False
2026-08-11,Tarde,5.983453390014391,0,False,False
2026-08-11,Tarde,3.701069879942322,0,False,False
2026-08-11,Tarde,4.9801714450866665,0,False,False
2026-08-11,Tarde,2.583801484182217,0,False,False
2026-08-11,Tarde,4.62948859189108,0,False,False
2026-08-11,Tarde,6.7983208979851435,0,False,False
2026-08-11,Tarde,4.036336101697992,0,False,False
2026-08-11,Tarde,16.074506395939633,0,False,False
2026-08-11,Tarde,4.01518987416022,0,False,False
2026-08-11,Tarde,6.13488594617244,0,False,False
2026-08-11,Noite,5.5766616283690205,0,False,False
2026-08-11,Noite,4.811265634626366,0,False,False
2026-08-11,Noite,7.074330518964357,0,False,False
2026-08-11,Noite,20.545134588965475,0,False,False
2026-08-11,Noite,5.998854238611119,0,False,False
2026-08-11,Noite,2.5746291850764127,0,False,False
2026-08-11,Noite,9.469745802554664,0,False,False
2026-08-11,Noite,3.439079022161357,0,False,False
2026-08-11,Noite,2.840870794426584,0,False,False
2026-08-11,Noite,6.215866658466819,0,False,False
2026-08-11,Noite,8.482456717947478,0,False,False
2026-08-11,Noite,8.29800250525494,0,False,False
2026-08-11,Noite,2.2082921332620304,0,False,False
2026-08-11,Noite,6.786639472894305,0,False,False
2026-08-11,Noite,3.4406134094826033,0,False,False
2026-08-11,Noite,4.396647012130161,0,False,False
2026-08-11,Noite,3.3996144189013386,0,False,False
2026-08-11,Noite,6.3518276053265454,0,False,False
2026-08-11,Noite,4.862126830885437,0,False,False
2026-08-11,Noite,8.779829731567961,0,False,False
2026-08-11,Noite,4.760375483545507,0,False,False
2026-08-11,Noite,4.959122162197974,0,False,False
2026-08-11,Noite,4.999328178276355,0,False,False
2026-08-11,Noite,1.5245922363159063,0,False,False
2026-08-11,Noite,3.4739252341492635,0,False,False
2026-08-11,Noite,18.04271635321555,0,False,False
2026-08-11,Noite,4.740757610974937,0,False,False
2026-08-11,Noite,5.377335666382006,0,False,False
2026-08-11,Noite,6.557026231364477,0,False,False
2026-08-11,Noite,3.774694479106393,0,False,False
2026-08-11,Noite,6.822828105258862,0,False,False
2026-08-11,Noite,19.161722328554912,0,False,False
2026-08-11,Noite,5.336708906487962,0,False,False
2026-08-11,Noite,7.006415994904048,0,False,False
2026-08-11,Noite,3.993451044708989,0,False,False
2026-08-11,Noite,4.966163446391788,0,False,False
2026-08-11,Noite,4.341399229388285,0,False,False
2026-08-11,Noite,2.9335150611537126,0,False,False
2026-08-11,Noite,7.608995915846903,1,False,False
2026-08-11,Noite,8.187378831667756,0,False,False
2026-08-11,Noite,3.9723366920787844,0,False,False
2026-08-11,Noite,3.1767971102092294,0,False,False
2026-08-11,Noite,2.242830280895886,0,False,False
2026-08-11,Madrugada,2.4571077246035924,0,False,False
2026-08-11,Madrugada,7.950612134098942,0,False,False
2026-08-11,Madrugada,14.649410121600074,0,False,False
2026-08-11,Madrugada,7.087788967771262,0,False,False
2026-08-11,Madrugada,5.279764065517496,0,False,False
2026-08-11,Madrugada,3.453692158388106,0,False,False
2026-08-11,Madrugada,9.747470490419397,0,False,False
2026-08-11,Madrugada,11.516981619936523,0,False,False
2026-08-11,Madrugada,8.597759349205434,0,False,False
2026-08-11,Madrugada,8.289128902594555,1,False,False
2026-08-11,Madrugada,2.767113030755048,0,False,False
2026-08-11,Madrugada,6.627236763238235,0,False,False
2026-08-11,Madrugada,7.041875018027704,1,False,False
2026-08-12,Manhã,4.513439379144576,0,False,False
2026-08-12,Manhã,2.741411587567934,0,False,False
2026-08-12,Manhã,2.3900018414433988,0,False,False
2026-08-12,Manhã,2.9565882778038834,0,False,False
2026-08-12,Manhã,4.775920161470577,0,False,False
2026-08-12,Manhã,2.0559885535654128,0,False,False
2026-08-12,Manhã,4.060054495969434,0,False,False
2026-08-12,Manhã,4.814212344763807,0,False,False
2026-08-12,Manhã,5.7959839592632605,0,False,False
2026-08-12,Manhã,1.4367918824146373,0,False,False
2026-08-12,Manhã,9.125277185488589,0,False,False
2026-08-12,Manhã,4.235652621554131,0,False,False
2026-08-12,Manhã,5.539029057266721,0,False,False
2026-08-12,Manhã,4.64637821800072,0,False,False
2026-08-12,Manhã,6.923737789541063,0,False,False
2026-08-12,Manhã,3.9245803990371573,0,False,False
2026-08-12,Manhã,4.124640217073909,0,False,False
2026-08-12,Manhã,4.892160334997062,0,False,False
2026-08-12,Manhã,2.678645923527219,0,False,False
2026-08-12,Manhã,8.386574226399265,0,False,False
2026-08-12,Manhã,9.484091924084431,0,False,False
2026-08-12,Manhã,5.528172627712498,0,False,False
2026-08-12,Manhã,3.9892318379151495,0,False,False
2026-08-12,Manhã,9.595722441135408,0,False,False
2026-08-12,Manhã,4.663129701548638,0,False,False
2026-08-12,Manhã,6.958281307613812,0,False,False
2026-08-12,Manhã,8.175904914361375,0,False,False
2026-08-12,Manhã,5.416387724733516,0,False,False
2026-08-12,Manhã,2.5990002469922344,0,False,False
2026-08-12,Manhã,1.987375522916332,0,False,False
2026-08-12,Manhã,6.112960495343541,0,False,False
2026-08-12,Manhã,2.928486999512368,0,False,False
2026-08-12,Manhã,3.2363546243531327,0,False,False
2026-08-12,Manhã,4.957265771172213,0,False,False
2026-08-12,Manhã,2.5395677101880336,0,False,False
2026-08-12,Manhã,1.8337124899184427,0,False,False
2026-08-12,Manhã,5.641460119151671,0,False,False
2026-08-12,Manhã,2.174562959900242,0,False,False
2026-08-12,Manhã,1.6220414696449788,0,False,False
2026-08-12,Manhã,3.428830837718091,0,False,False
2026-08-12,Manhã,2.6749507900240403,0,False,False
2026-08-12,Manhã,4.337838784293668,0,False,False
2026-08-12,Manhã,3.159617385452276,0,False,False
2026-08-12,Manhã,4.389394102375142,0,False,False
2026-08-12,Manhã,6.347397647810161,0,False,False
2026-08-12,Manhã,6.855275582092103,0,False,False
2026-08-12,Manhã,2.929736665661134,0,False,False
2026-08-12,Manhã,7.071670013506798,0,False,False
2026-08-12,Manhã,5.975666327316505,0,False,False
2026-08-12,Manhã,3.5419051906651617,0,False,False
2026-08-12,Manhã,2.1334264119829522,0,False,False
2026-08-12,Manhã,5.054587912296068,0,False,False
2026-08-12,Manhã,3.3852321773162726,0,False,False
2026-08-12,Manhã,4.170603616332435,0,False,False
2026-08-12,Manhã,1.3379074689410657,0,False,False
2026-08-12,Manhã,2.915843649580615,0,False,False
2026-08-12,Manhã,1.548184270092744,0,False,False
2026-08-12,Manhã,2.539491620057768,0,False,False
2026-08-12,Manhã,5.854114174021609,0,False,False
2026-08-12,Manhã,5.430921720967364,0,False,False
2026-08-12,Manhã,8.940812649411379,0,False,False
2026-08-12,Manhã,2.669655842741144,0,False,False
2026-08-12,Manhã,6.5906699758835865,0,False,False
2026-08-12,Manhã,1.6776799801065567,0,False,False
2026-08-12,Manhã,4.564627405090808,0,False,False
2026-08-12,Manhã,6.546897520228623,0,False,False
2026-08-12,Manhã,9.704117233896248,0,False,False
2026-08-12,Manhã,3.195770094828912,0,False,False
2026-08-12,Manhã,5.489037334275559,0,False,False
2026-08-12,Manhã,3.0699539948772987,0,False,False
2026-08-12,Manhã,3.517359230671671,0,False,False
2026-08-12,Manhã,8.17280999338657,0,False,False
2026-08-12,Manhã,4.401608239037635,0,False,False
2026-08-12,Manhã,6.144592916466687,0,False,False
2026-08-12,Manhã,4.6763250092009985,0,False,False
2026-08-12,Tarde,5.512224467659435,0,False,False
2026-08-12,Tarde,2.7673865481473165,0,False,False
2026-08-12,Tarde,17.489554046989188,0,False,False
2026-08-12,Tarde,6.3438396390907075,0,False,False
2026-08-12,Tarde,10.259526168866534,0,False,False
2026-08-12,Tarde,6.712452921663288,0,False,False
2026-08-12,Tarde,2.85074530748687,0,False,False
2026-08-12,Tarde,11.680605552072189,1,False,False
2026-08-12,Tarde,5.45627825718345,0,False,False
2026-08-12,Tarde,4.505793949653999,0,False,False
2026-08-12,Tarde,6.810534721006541,0,False,False
2026-08-12,Tarde,4.816322507313883,0,False,False
2026-08-12,Tarde,2.6907992027570304,0,False,False
2026-08-12,Tarde,9.086010313042562,0,False,False
2026-08-12,Tarde,4.541551786875606,0,False,False
2026-08-12,Tarde,3.5161091855347686,0,False,False
2026-08-12,Tarde,9.327269973290903,0,False,False
2026-08-12,Tarde,7.495651267720874,1,False,False
2026-08-12,Tarde,9.454073072114301,0,False,False
2026-08-12,Tarde,2.9831023456159094,0,False,False
2026-08-12,Tarde,30.328358979488897,0,False,False
2026-08-12,Tarde,5.72914062045974,0,False,False
2026-08-12,Tarde,4.527595456491977,0,False,False
2026-08-12,Tarde,4.895775387961376,0,False,False
2026-08-12,Tarde,3.0164252720667175,0,False,False
2026-08-12,Tarde,7.379841054762276,0,False,False
2026-08-12,Tarde,13.733391968499284,0,False,False
2026-08-12,Tarde,5.501160800558,0,False,False
2026-08-12,Tarde,4.607245849840406,0,False,False
2026-08-12,Tarde,6.068737348018566,0,False,False
2026-08-12,Tarde,5.1246946494681564,0,False,False
2026-08-12,Tarde,2.3987388007257358,0,False,False
2026-08-12,Tarde,4.046411289615705,0,False,False
2026-08-12,Tarde,2.920499730943389,0,False,False
2026-08-12,Tarde,5.647483272435379,0,False,False
2026-08-12,Tarde,8.54976732692347,0,False,False
2026-08-12,Tarde,10.152175789439084,0,False,False
2026-08-12,Tarde,3.9598579436406163,0,False,False
2026-08-12,Tarde,5.698339645922616,0,False,False
2026-08-12,Tarde,3.880663348954254,0,False,False
2026-08-12,Tarde,14.15777183223409,0,False,False
2026-08-12,Tarde,6.624719747399527,0,False,False
2026-08-12,Tarde,4.4352546670794935,0,False,False
2026-08-12,Tarde,3.986604440196709,0,False,False
2026-08-12,Tarde,13.275761503705953,0,False,False
2026-08-12,Tarde,32.72479105839848,0,False,False
2026-08-12,Tarde,9.094500089305944,0,False,False
2026-08-12,Tarde,5.401733032037023,0,False,False
2026-08-12,Tarde,6.029921693106925,0,False,False
2026-08-12,Tarde,3.0047255226597067,0,False,False
2026-08-12,Tarde,6.573136217491462,0,False,False
2026-08-12,Tarde,7.655177022186178,0,False,False
2026-08-12,Tarde,15.449738810068649,0,False,False
2026-08-12,Tarde,8.489147994453988,0,False,False
2026-08-12,Tarde,3.918395167140974,0,False,False
2026-08-12,Tarde,3.687565188051337,0,False,False
2026-08-12,Tarde,6.9745864804148106,0,False,False
2026-08-12,Tarde,5.543695177530873,0,False,False
2026-08-12,Tarde,17.405077638791468,0,False,False
2026-08-12,Tarde,5.740776624744352,0,False,False
2026-08-12,Noite,3.350032736457791,0,False,False
2026-08-12,Noite,1.879744615389486,0,False,False
2026-08-12,Noite,7.723527769330648,0,False,False
2026-08-12,Noite,4.223298381741551,0,False,False
2026-08-12,Noite,6.270369334710532,0,False,False
2026-08-12,Noite,3.8573064690131442,0,False,False
2026-08-12,Noite,2.4416853158337974,0,False,False
2026-08-12,Noite,11.576032352818483,0,False,False
2026-08-12,Noite,3.0407384733185823,0,False,False
2026-08-12,Noite,5.091280425312492,0,False,False
2026-08-12,Noite,3.5756367863660756,0,False,False
2026-08-12,Noite,6.280238005098,0,False,False
2026-08-12,Noite,4.531733345900124,0,False,False
2026-08-12,Noite,2.768696685088395,0,False,False
2026-08-12,Noite,2.9587419205534657,1,False,False
2026-08-12,Noite,7.673744692435779,0,False,False
2026-08-12,Noite,18.98010001634354,0,False,False
2026-08-12,Noite,6.2935230482448805,0,False,False
2026-08-12,Noite,2.5500134942230295,0,False,False
2026-08-12,Noite,9.691026021792565,0,False,False
2026-08-12,Noite,3.7995413538287583,0,False,False
2026-08-12,Noite,4.15997049994191,0,False,False
2026-08-12,Noite,2.7972097641638753,0,False,False
2026-08-12,Noite,2.498437040974177,0,False,False
2026-08-12,Noite,1.0764134697429335,0,False,False
2026-08-12,Noite,11.354689571815536,0,False,False
2026-08-12,Noite,5.039830702101819,0,False,False
2026-08-12,Noite,3.949436904419185,0,False,False
2026-08-12,Noite,4.2887873415337445,0,False,False
2026-08-12,Noite,6.054767116279847,0,False,False
2026-08-12,Noite,9.098036046407922,0,False,False
2026-08-12,Noite,6.642420498186568,0,False,False
2026-08-12,Noite,16.053682545539814,0,False,False
2026-08-12,Noite,6.017383116942031,1,False,False
2026-08-12,Madrugada,5.972443927254634,0,False,False
2026-08-12,Madrugada,1.3040066560107253,0,False,False
2026-08-12,Madrugada,10.805527659362077,0,False,False
2026-08-12,Madrugada,4.897414133192443,0,False,False
2026-08-12,Madrugada,6.8721468849933265,0,False,False
2026-08-12,Madrugada,8.171279071579193,0,False,False
2026-08-12,Madrugada,19.435626678017968,0,False,False
2026-08-12,Madrugada,9.62186837110023,0,False,False
2026-08-12,Madrugada,9.030388988344978,0,False,False
2026-08-12,Madrugada,12.258526230788865,0,False,False
2026-08-12,Madrugada,4.692225333439295,0,False,False
2026-08-12,Madrugada,7.212597736018656,0,False,False
2026-08-12,Madrugada,4.52054943427633,0,False,False
2026-08-13,Manhã,6.992832704250325,0,False,False
2026-08-13,Manhã,6.231203106656846,0,False,False
2026-08-13,Manhã,5.718042840574782,0,False,False
2026-08-13,Manhã,4.64750812721303,0,False,False
2026-08-13,Manhã,4.697508042645298,0,False,False
2026-08-13,Manhã,4.398272294252233,0,False,False
2026-08-13,Manhã,3.3325151087420903,0,False,False
2026-08-13,Manhã,6.0394793788441055,0,False,False
2026-08-13,Manhã,3.750708563757351,0,False,False
2026-08-13,Manhã,11.491753081750579,0,False,False
2026-08-13,Manhã,7.962503630242514,0,False,False
2026-08-13,Manhã,6.959709487397782,0,False,False
2026-08-13,Manhã,3.5422064034298266,0,False,False
2026-08-13,Manhã,5.651890432955367,0,False,False
2026-08-13,Manhã,5.9137672085218576,0,False,False
2026-08-13,Manhã,2.7495795223512887,0,False,False
2026-08-13,Manhã,13.959078768234773,0,False,False
2026-08-13,Manhã,2.866437716402703,0,False,False
2026-08-13,Manhã,2.3213159290187746,0,False,False
2026-08-13,Manhã,4.113397352025681,0,False,False
2026-08-13,Manhã,1.9425276428416023,0,False,False
2026-08-13,Manhã,2.5147045179431657,0,False,False
2026-08-13,Manhã,8.450135658295752,0,False,False
2026-08-13,Manhã,6.287050143129379,0,False,False
2026-08-13,Manhã,7.903302189941535,0,False,False
2026-08-13,Manhã,9.09663463057094,0,False,False
2026-08-13,Manhã,6.36356309755667,0,False,False
2026-08-13,Manhã,3.5070036727080165,0,False,False
2026-08-13,Manhã,8.402751182326714,0,False,False
2026-08-13,Manhã,1.8516026313548017,0,False,False
2026-08-13,Manhã,8.677101670548154,0,False,False
2026-08-13,Manhã,7.361951898628811,0,False,False
2026-08-13,Manhã,2.881516731848089,0,False,False
2026-08-13,Manhã,4.52872728883461,0,False,False
2026-08-13,Manhã,2.2022740430296803,0,False,False
2026-08-13,Manhã,5.589526004989842,0,False,False
2026-08-13,Manhã,2.0342577896346636,0,False,False
2026-08-13,Manhã,5.651898446245153,0,False,False
2026-08-13,Manhã,3.7467159016609783,0,False,False
2026-08-13,Manhã,3.530613212236095,0,False,False
2026-08-13,Manhã,6.119188414187935,0,False,False
2026-08-13,Manhã,6.987632710833194,0,False,False
2026-08-13,Manhã,1.9164224083430683,0,False,False
2026-08-13,Manhã,7.486307779261746,0,False,False
2026-08-13,Manhã,5.425927234679354,0,False,False
2026-08-13,Manhã,4.0309011259075795,0,False,False
2026-08-13,Manhã,3.146734306433056,0,False,False
2026-08-13,Manhã,4.132166852830501,0,False,False
2026-08-13,Manhã,3.580613598243753,0,False,False
2026-08-13,Manhã,5.51279472044989,0,False,False
2026-08-13,Manhã,4.594699100468748,0,False,False
2026-08-13,Manhã,4.703560188796594,0,False,False
2026-08-13,Manhã,3.9842316183912887,0,False,False
2026-08-13,Manhã,8.541417962314133,0,False,False
2026-08-13,Manhã,5.3507258998025415,0,False,False
2026-08-13,Manhã,2.1556388810319502,0,False,False
2026-08-13,Manhã,3.1423042616520305,0,False,False
2026-08-13,Manhã,6.000797647397933,0,False,False
2026-08-13,Manhã,1.4357454019524125,0,False,False
2026-08-13,Manhã,5.1443272146410575,0,False,False
2026-08-13,Manhã,6.879775258175268,0,False,False
2026-08-13,Manhã,4.815114065273602,0,False,False
2026-08-13,Manhã,2.034685465620765,0,False,False
2026-08-13,Manhã,5.445797991289431,0,False,False
2026-08-13,Manhã,4.076629580996193,0,False,False
2026-08-13,Manhã,2.828003667052848,0,False,False
2026-08-13,Manhã,2.0369608400682417,0,False,False
2026-08-13,Manhã,8.889731920451858,0,False,False
2026-08-13,Tarde,7.578954027288739,0,False,False
2026-08-13,Tarde,4.0711608544962,0,False,False
2026-08-13,Tarde,3.5832958959669994,0,False,False
2026-08-13,Tarde,14.049181271154982,0,False,False
2026-08-13,Tarde,8.554196754528666,0,False,False
2026-08-13,Tarde,10.007639004523929,0,False,False
2026-08-13,Tarde,6.841317865332825,0,False,False
2026-08-13,Tarde,4.5754710363641555,0,False,False
2026-08-13,Tarde,3.976811108557169,0,False,False
2026-08-13,Tarde,3.6534062235190987,0,False,False
2026-08-13,Tarde,6.429387252573208,0,False,False
2026-08-13,Tarde,6.843977592812188,0,False,False
2026-08-13,Tarde,9.431719329105333,0,False,False
2026-08-13,Tarde,2.7492911917052076,0,False,False
2026-08-13,Tarde,7.30359162560334,0,False,False
2026-08-13,Tarde,6.42881681852645,0,False,False
2026-08-13,Tarde,9.86147055588827,0,False,False
2026-08-13,Tarde,3.190778177188028,0,False,False
2026-08-13,Tarde,16.91792355631477,0,False,False
2026-08-13,Tarde,5.639857831806158,0,False,False
2026-08-13,Tarde,1.4622023831164077,0,False,False
2026-08-13,Tarde,4.511383697128883,0,False,False
2026-08-13,Tarde,8.808928310476752,0,False,False
2026-08-13,Tarde,2.2465546478127476,0,False,False
2026-08-13,Tarde,4.215041308895743,0,False,False
2026-08-13,Tarde,5.7610239343468175,0,False,False
2026-08-13,Tarde,6.024059378772188,0,False,False
2026-08-13,Tarde,7.907518499202011,0,False,False
2026-08-13,Tarde,5.591344770448475,0,False,False
2026-08-13,Tarde,9.43788416867143,0,False,False
2026-08-13,Tarde,6.043929833071285,0,False,False
2026-08-13,Tarde,9.264027654882241,0,False,False
2026-08-13,Tarde,2.334727271127128,0,False,False
2026-08-13,Tarde,4.321489212412666,1,False,False
2026-08-13,Tarde,6.052138932086445,0,False,False
2026-08-13,Tarde,2.3922217622641377,0,False,False
2026-08-13,Tarde,5.82161701165703,0,False,False
2026-08-13,Tarde,10.265682598703963,0,False,False
2026-08-13,Tarde,7.769655953104737,0,False,False
2026-08-13,Tarde,4.6686696977098645,0,False,False
2026-08-13,Tarde,8.025734897070707,0,False,False
2026-08-13,Tarde,3.3647546435107074,0,False,False
2026-08-13,Tarde,5.447414585918667,1,False,False
2026-08-13,Tarde,2.6736170323600694,0,False,False
2026-08-13,Tarde,5.166445725934726,0,False,False
2026-08-13,Tarde,2.794299330455396,0,False,False
2026-08-13,Tarde,3.6458219729639674,0,False,False
2026-08-13,Tarde,3.9435438513056256,0,False,False
2026-08-13,Tarde,3.4974715732912567,0,False,False
2026-08-13,Tarde,3.26711579593188,0,False,False
2026-08-13,Tarde,8.603629820736941,0,False,False
2026-08-13,Tarde,2.5552777089300127,0,False,False
2026-08-13,Tarde,6.781466034397019,0,False,False
2026-08-13,Noite,8.07430748219712,0,False,False
2026-08-13,Noite,8.083945385941288,0,False,False
2026-08-13,Noite,2.82434695469249,0,False,False
2026-08-13,Noite,12.588141087553765,0,False,False
2026-08-13,Noite,3.9623358339640187,0,False,False
2026-08-13,Noite,4.15245478286796,0,False,False
2026-08-13,Noite,2.6680480150524244,0,False,False
2026-08-13,Noite,3.148658580300303,0,False,False
2026-08-13,Noite,4.836328981911318,0,False,False
2026-08-13,Noite,4.013366322264098,0,False,False
2026-08-13,Noite,5.108257780948537,0,False,False
2026-08-13,Noite,7.356876620039266,0,False,False
2026-08-13,Noite,14.26624624831356,0,False,False
2026-08-13,Noite,10.158298275837273,0,False,False
2026-08-13,Noite,4.869239070315661,0,False,False
2026-08-13,Noite,3.518484069100013,0,False,False
2026-08-13,Noite,4.855713393988888,0,False,False
2026-08-13,Noite,7.646994559445417,0,False,False
2026-08-13,Noite,13.064628374800826,0,False,False
2026-08-13,Noite,5.403146645522009,0,False,False
2026-08-13,Noite,1.9993505934069955,0,False,False
2026-08-13,Noite,2.848263818050321,0,False,False
2026-08-13,Noite,2.031598799855741,0,False,False
2026-08-13,Noite,6.379008642516338,0,False,False
2026-08-13,Noite,2.947535701749211,0,False,False
2026-08-13,Noite,8.034981504799761,0,False,False
2026-08-13,Noite,21.046095443689364,0,False,False
2026-08-13,Noite,5.436345732589896,0,False,False
2026-08-13,Noite,9.220969147661874,0,False,False
2026-08-13,Noite,2.231604893887566,0,False,False
2026-08-13,Noite,7.654408982025969,0,False,False
2026-08-13,Noite,11.431817179101277,0,False,False
2026-08-13,Noite,8.799411818938053,0,False,False
2026-08-13,Noite,7.005682807083722,0,False,False
2026-08-13,Noite,8.808206406121785,0,False,False
2026-08-13,Noite,5.055555707446144,0,False,False
2026-08-13,Noite,14.603409235027042,0,False,False
2026-08-13,Noite,3.9993185451653837,0,False,False
2026-08-13,Noite,3.2373710854674207,0,False,False
2026-08-13,Madrugada,11.109703558979213,0,False,False
2026-08-13,Madrugada,3.5817694822173944,0,False,False
2026-08-13,Madrugada,4.505481807286903,1,False,False
2026-08-13,Madrugada,3.1352693433535053,0,False,False
2026-08-13,Madrugada,3.628383535909963,1,False,False
2026-08-13,Madrugada,6.929926548374521,0,False,False
2026-08-13,Madrugada,11.838557074655085,0,False,False
2026-08-13,Madrugada,9.53338766506097,1,False,False
2026-08-13,Madrugada,6.79714509972709,0,False,False
2026-08-13,Madrugada,12.653438883727585,0,False,False
2026-08-13,Madrugada,11.719553673949639,0,False,False
2026-08-13,Madrugada,7.232009047995735,0,False,False
2026-08-13,Madrugada,6.126891682294103,0,False,False
2026-08-13,Madrugada,9.587205085142969,0,False,False
2026-08-13,Madrugada,8.171710898858889,1,False,False
2026-08-13,Madrugada,5.5072293169950575,0,False,False
2026-08-14,Manhã,2.164396102891702,0,False,False
2026-08-14,Manhã,7.589963982520269,0,False,False
2026-08-14,Manhã,7.062192224758137,0,False,False
2026-08-14,Manhã,3.5840415084321173,0,False,False
2026-08-14,Manhã,2.949512738380535,0,False,False
2026-08-14,Manhã,6.246384695025427,0,False,False
2026-08-14,Manhã,3.9387650010367548,0,False,False
2026-08-14,Manhã,5.516928298909518,0,False,False
2026-08-14,Manhã,5.65991299439233,0,False,False
2026-08-14,Manhã,3.981483784133363,0,False,False
2026-08-14,Manhã,2.4384722209135106,0,False,False
2026-08-14,Manhã,4.498179957807867,0,False,False
2026-08-14,Manhã,5.121470894406255,0,False,False
2026-08-14,Manhã,5.0781165801218116,0,False,False
2026-08-14,Manhã,2.7258620062911656,0,False,False
2026-08-14,Manhã,5.807297512503625,0,False,False
2026-08-14,Manhã,8.048319856728046,0,False,False
2026-08-14,Manhã,2.989076960449478,0,False,False
2026-08-14,Manhã,3.756179001562596,0,False,False
2026-08-14,Manhã,4.185740349909685,0,False,False
2026-08-14,Manhã,4.039268393933335,0,False,False
2026-08-14,Manhã,3.2387903764221155,0,False,False
2026-08-14,Manhã,3.1253226741523434,0,False,False
2026-08-14,Manhã,3.446078527333742,0,False,False
2026-08-14,Manhã,3.907381517888176,0,False,False
2026-08-14,Manhã,3.9717497285960817,0,False,False
2026-08-14,Manhã,4.329062552987734,0,False,False
2026-08-14,Manhã,4.670117124640487,0,False,False
2026-08-14,Manhã,3.1505435710544862,0,False,False
2026-08-14,Manhã,1.9564701399027666,1,False,False
2026-08-14,Manhã,5.241647728000183,0,False,False
2026-08-14,Manhã,3.1625057426507865,0,False,False
2026-08-14,Manhã,2.9157385311852315,0,False,False
2026-08-14,Manhã,4.786253197935883,0,False,False
2026-08-14,Manhã,2.9163156424613503,0,False,False
2026-08-14,Manhã,2.1553418923702106,0,False,False
2026-08-14,Manhã,3.8704986414365523,0,False,False
2026-08-14,Manhã,9.93808991236509,0,False,False
2026-08-14,Manhã,4.571011605925634,0,False,False
2026-08-14,Manhã,3.227053438883842,0,False,False
2026-08-14,Manhã,2.950394177171163,0,False,False
2026-08-14,Manhã,7.463060250164704,0,False,False
2026-08-14,Manhã,5.629085934606865,0,False,False
2026-08-14,Manhã,4.345002457869015,0,False,False
2026-08-14,Manhã,1.3713140227230791,0,False,False
2026-08-14,Manhã,3.164888523849857,0,False,False
2026-08-14,Manhã,4.841511615311119,0,False,False
2026-08-14,Manhã,5.12793931701767,0,False,False
2026-08-14,Manhã,1.8822659501870669,0,False,False
2026-08-14,Manhã,4.123822339546864,0,False,False
2026-08-14,Manhã,3.3280333864710636,0,False,False
2026-08-14,Manhã,5.4478954529322285,0,False,False
2026-08-14,Manhã,9.685116062214657,0,False,False
2026-08-14,Manhã,4.051857385563448,0,False,False
2026-08-14,Manhã,5.974824180173949,0,False,False
2026-08-14,Manhã,5.82308349265236,0,False,False
2026-08-14,Manhã,3.4499608827691555,0,False,False
2026-08-14,Manhã,5.6248118735006765,0,False,False
2026-08-14,Manhã,4.540036358885285,0,False,False
2026-08-14,Manhã,3.3516009867436987,0,False,False
2026-08-14,Tarde,6.637183754792959,0,False,False
2026-08-14,Tarde,5.15043965771043,0,False,False
2026-08-14,Tarde,5.659752418805456,0,False,False
2026-08-14,Tarde,5.794335327564948,0,False,False
2026-08-14,Tarde,8.463229144229334,0,False,False
2026-08-14,Tarde,4.382635671265758,0,False,False
2026-08-14,Tarde,2.763654699900636,0,False,False
2026-08-14,Tarde,3.7216799107286387,0,False,False
2026-08-14,Tarde,3.213843403597078,0,False,False
2026-08-14,Tarde,6.2836970253851065,0,False,False
2026-08-14,Tarde,5.090280881120168,0,False,False
2026-08-14,Tarde,6.095835053867693,0,False,False
2026-08-14,Tarde,5.523800736850872,0,False,False
2026-08-14,Tarde,6.280710068813953,0,False,False
2026-08-14,Tarde,4.193950828101986,0,False,False
2026-08-14,Tarde,7.205259863617859,0,False,False
2026-08-14,Tarde,12.847797538600627,0,False,False
2026-08-14,Tarde,3.9831773479631263,0,False,False
2026-08-14,Tarde,2.77099460105705,0,False,False
2026-08-14,Tarde,4.132399983218583,0,False,False
2026-08-14,Tarde,2.522810459059595,0,False,False
2026-08-14,Tarde,6.234447208444574,0,False,False
2026-08-14,Tarde,3.155529961884114,0,False,False
2026-08-14,Tarde,3.8809774541316227,0,False,False
2026-08-14,Tarde,2.172345592179019,0,False,False
2026-08-14,Tarde,3.7175503165627033,0,False,False
2026-08-14,Tarde,3.7098516342735457,0,False,False
2026-08-14,Tarde,3.4422254685626283,0,False,False
2026-08-14,Tarde,2.08577938270062,0,False,False
2026-08-14,Tarde,4.7394875178416225,0,False,False
2026-08-14,Tarde,5.02133009456483,0,False,False
2026-08-14,Tarde,7.827810325273558,0,False,False
2026-08-14,Tarde,2.400869316507275,0,False,False
2026-08-14,Tarde,10.534374353298059,0,False,False
2026-08-14,Tarde,4.517930368173407,0,False,False
2026-08-14,Tarde,4.271533369499755,0,False,False
2026-08-14,Tarde,4.59478996556309,0,False,False
2026-08-14,Tarde,1.8069406898225462,0,False,False
2026-08-14,Tarde,3.4723156060495572,0,False,False
2026-08-14,Tarde,4.913818058449004,0,False,False
2026-08-14,Tarde,4.633671928700881,0,False,False
2026-08-14,Tarde,3.76760710657435,0,False,False
2026-08-14,Tarde,9.76252299450813,0,False,False
2026-08-14,Tarde,3.8645953827748416,0,False,False
2026-08-14,Tarde,4.745878651716326,0,False,False
2026-08-14,Tarde,3.789935750317072,0,False,False
2026-08-14,Tarde,4.264664899199698,0,False,False
2026-08-14,Tarde,1.8566666072040976,0,False,False
2026-08-14,Tarde,5.628324728779548,0,False,False
2026-08-14,Tarde,5.416750620410953,0,False,False
2026-08-14,Tarde,2.8206924911185927,0,False,False
2026-08-14,Tarde,2.9166612275552284,0,False,False
2026-08-14,Tarde,3.4896183484997936,0,False,False
2026-08-14,Noite,2.990941939382196,0,False,False
2026-08-14,Noite,8.300279936580417,0,False,False
2026-08-14,Noite,8.094717847749063,1,False,False
2026-08-14,Noite,2.6808998164235844,0,False,False
2026-08-14,Noite,5.553142948928273,0,False,False
2026-08-14,Noite,4.256011435267929,0,False,False
2026-08-14,Noite,2.404496830367931,0,False,False
2026-08-14,Noite,3.35537155061594,0,False,False
2026-08-14,Noite,1.7534246603867345,0,False,False
2026-08-14,Noite,1.9791938600764776,0,False,False
2026-08-14,Noite,3.675396507136338,0,False,False
2026-08-14,Noite,4.0322455359798175,0,False,False
2026-08-14,Noite,7.5537189470954145,0,False,False
2026-08-14,Noite,10.896311966108929,0,False,False
2026-08-14,Noite,3.3315708048396577,0,False,False
2026-08-14,Noite,5.699458994314082,0,False,False
2026-08-14,Noite,2.858940134580416,0,False,False
2026-08-14,Noite,1.9899811104524205,0,False,False
2026-08-14,Noite,5.620903433370618,0,False,False
2026-08-14,Noite,7.797151910538826,0,False,False
2026-08-14,Noite,8.383076113322817,0,False,False
2026-08-14,Noite,8.494030755382655,0,False,False
2026-08-14,Noite,3.8065552705592465,0,False,False
2026-08-14,Noite,3.829099966191526,0,False,False
2026-08-14,Noite,5.238697306110197,0,False,False
2026-08-14,Noite,4.809598736745055,0,False,False
2026-08-14,Noite,6.4810326103190485,0,False,False
2026-08-14,Noite,6.154816167586667,0,False,False
2026-08-14,Noite,2.7068782712370925,0,False,False
2026-08-14,Madrugada,3.165738708074504,0,False,False
2026-08-14,Madrugada,6.8812471152973735,0,False,False
2026-08-14,Madrugada,18.358065121297567,0,False,False
2026-08-14,Madrugada,6.191497934313441,0,False,False
2026-08-14,Madrugada,33.69998140880288,0,False,False
2026-08-14,Madrugada,9.524338610290473,0,False,False
2026-08-14,Madrugada,3.089842989785965,0,False,False
2026-08-14,Madrugada,9.282609363936363,0,False,False
2026-08-14,Madrugada,7.054331695290116,0,False,False
2026-08-14,Madrugada,7.533162878738939,0,False,False
2026-08-15,Manhã,3.2272781654319376,0,True,False
2026-08-15,Manhã,3.769137522853361,0,True,False
2026-08-15,Manhã,2.54053331998888,0,True,False
2026-08-15,Manhã,6.39041257387836,0,True,False
2026-08-15,Manhã,2.841039592405589,0,True,False
2026-08-15,Manhã,4.019108299656265,0,True,False
2026-08-15,Manhã,7.172199810077339,0,True,False
2026-08-15,Manhã,3.508627491739886,0,True,False
2026-08-15,Manhã,4.174781345069868,0,True,False
2026-08-15,Manhã,4.116710077982208,0,True,False
2026-08-15,Manhã,6.345335913487125,0,True,False
2026-08-15,Manhã,3.887512124157744,0,True,False
2026-08-15,Manhã,4.235856141338688,0,True,False
2026-08-15,Manhã,2.7216587602702877,0,True,False
2026-08-15,Manhã,5.350808985725564,0,True,False
2026-08-15,Manhã,3.647394460308802,0,True,False
2026-08-15,Manhã,2.406590967984174,0,True,False
2026-08-15,Manhã,2.934662442647722,0,True,False
2026-08-15,Manhã,4.788882179657115,0,True,False
2026-08-15,Manhã,4.348915743717667,0,True,False
2026-08-15,Manhã,3.7990270020092685,0,True,False
2026-08-15,Manhã,1.7325547113503523,0,True,False
2026-08-15,Manhã,6.721002491777608,0,True,False
2026-08-15,Manhã,2.124176622229557,0,True,False
2026-08-15,Manhã,9.61038210639394,0,True,False
2026-08-15,Manhã,3.325210019155209,0,True,False
2026-08-15,Manhã,2.729125661924101,0,True,False
2026-08-15,Manhã,1.9846102004126445,0,True,False
2026-08-15,Manhã,2.3235956265101647,0,True,False
2026-08-15,Manhã,4.031894123642238,0,True,False
2026-08-15,Manhã,3.8728860927097086,0,True,False
2026-08-15,Manhã,5.492204660421534,0,True,False
2026-08-15,Manhã,9.487899205821252,0,True,False
2026-08-15,Manhã,3.1148640037652213,0,True,False
2026-08-15,Manhã,2.7461835443479554,0,True,False
2026-08-15,Manhã,3.3036056486188725,1,True,False
2026-08-15,Manhã,7.696604156576306,0,True,False
2026-08-15,Manhã,2.547822439560454,0,True,False
2026-08-15,Manhã,3.2000529230970907,0,True,False
2026-08-15,Manhã,2.6601629725997293,0,True,False
2026-08-15,Manhã,3.039695907161619,0,True,False
2026-08-15,Manhã,3.8361999577664765,0,True,False
2026-08-15,Manhã,2.806785886776806,0,True,False
2026-08-15,Manhã,3.3978394931292155,0,True,False
2026-08-15,Manhã,4.092462468158891,0,True,False
2026-08-15,Manhã,4.1897898795961845,0,True,False
2026-08-15,Manhã,2.3339395810902195,0,True,False
2026-08-15,Manhã,2.5471828769218106,0,True,False
2026-08-15,Tarde,2.2004493162842187,0,True,False
2026-08-15,Tarde,8.313372258193015,0,True,False
2026-08-15,Tarde,4.273025494266999,0,True,False
2026-08-15,Tarde,7.364439682873858,0,True,False
2026-08-15,Tarde,5.940807761207962,0,True,False
2026-08-15,Tarde,3.23319360584351,0,True,False
2026-08-15,Tarde,5.7274962558525955,0,True,False
2026-08-15,Tarde,1.1789396246955268,0,True,False
2026-08-15,Tarde,4.876865419758,0,True,False
2026-08-15,Tarde,2.9011785022773657,0,True,False
2026-08-15,Tarde,10.597237679167371,0,True,False
2026-08-15,Tarde,10.650699609564485,0,True,False
2026-08-15,Tarde,5.229220274606927,0,True,False
2026-08-15,Tarde,5.817825381727446,0,True,False
2026-08-15,Tarde,2.598949805550655,0,True,False
2026-08-15,Tarde,5.898816148536434,0,True,False
2026-08-15,Tarde,4.805632224172822,0,True,False
2026-08-15,Tarde,4.80251519164384,0,True,False
2026-08-15,Tarde,7.547471796651745,0,True,False
2026-08-15,Tarde,5.164188354519834,1,True,False
2026-08-15,Tarde,6.226835000534733,0,True,False
2026-08-15,Tarde,5.865742418230804,0,True,False
2026-08-15,Tarde,5.792736442094519,0,True,False
2026-08-15,Tarde,10.697119828004013,0,True,False
2026-08-15,Tarde,3.167100677871015,0,True,False
2026-08-15,Tarde,8.258727059808939,0,True,False
2026-08-15,Tarde,9.889094990922006,0,True,False
2026-08-15,Tarde,17.93073273467851,0,True,False
2026-08-15,Tarde,3.2154157335378106,0,True,False
2026-08-15,Tarde,4.353108160348577,0,True,False
2026-08-15,Tarde,5.579949342469037,0,True,False
2026-08-15,Tarde,2.3315036107488,0,True,False
2026-08-15,Tarde,17.329848386992065,0,True,False
2026-08-15,Tarde,7.472813423164771,0,True,False
2026-08-15,Tarde,1.22733815837119,0,True,False
2026-08-15,Tarde,4.548556457083278,0,True,False
2026-08-15,Tarde,3.4948940976842175,0,True,False
2026-08-15,Tarde,7.560615927357452,0,True,False
2026-08-15,Tarde,8.361726781376413,0,True,False
2026-08-15,Tarde,7.461969248922573,0,True,False
2026-08-15,Tarde,3.1361480759049907,0,True,False
2026-08-15,Tarde,14.278180899861207,0,True,False
2026-08-15,Tarde,5.958562577522496,0,True,False
2026-08-15,Tarde,9.628886489834318,0,True,False
2026-08-15,Tarde,5.053543224004044,0,True,False
2026-08-15,Tarde,5.424696308572755,0,True,False
2026-08-15,Tarde,10.861061667598724,0,True,False
2026-08-15,Tarde,2.913811028351685,0,True,False
2026-08-15,Tarde,5.120095351671894,0,True,False
2026-08-15,Noite,5.832683484558436,0,True,False
2026-08-15,Noite,5.556226096099626,0,True,False
2026-08-15,Noite,3.065433974179301,0,True,False
2026-08-15,Noite,5.543421490140933,0,True,False
2026-08-15,Noite,6.41908718192638,0,True,False
2026-08-15,Noite,8.127796632356342,0,True,False
2026-08-15,Noite,14.308317554415101,0,True,False
2026-08-15,Noite,6.976905719248922,0,True,False
2026-08-15,Noite,6.486288749615638,0,True,False
2026-08-15,Noite,10.533902828187173,0,True,False
2026-08-15,Noite,10.78242278331406,0,True,False
2026-08-15,Noite,10.187225584522283,0,True,False
2026-08-15,Noite,5.679325729488689,0,True,False
2026-08-15,Noite,6.492639652579592,0,True,False
2026-08-15,Noite,19.647233194668843,0,True,False
2026-08-15,Noite,2.1467347643815073,0,True,False
2026-08-15,Noite,7.1332305872196535,0,True,False
2026-08-15,Noite,5.58427504764895,0,True,False
2026-08-15,Noite,3.34178365179574,0,True,False
2026-08-15,Noite,5.887345677625537,0,True,False
2026-08-15,Noite,4.016877073777794,0,True,False
2026-08-15,Noite,7.003408474978212,0,True,False
2026-08-15,Noite,3.4387175612575827,0,True,False
2026-08-15,Noite,3.1004527472146846,0,True,False
2026-08-15,Noite,9.322804716671344,0,True,False
2026-08-15,Noite,4.4404867168537505,0,True,False
2026-08-15,Noite,4.782360365112905,0,True,False
2026-08-15,Noite,3.0846156518710237,0,True,False
2026-08-15,Noite,5.707175214230986,0,True,False
2026-08-15,Noite,6.445732605159781,0,True,False
2026-08-15,Noite,2.9332916846992507,0,True,False
2026-08-15,Noite,3.417290331371325,0,True,False
2026-08-15,Noite,3.196777294741323,0,True,False
2026-08-15,Noite,6.099297833098202,0,True,False
2026-08-15,Noite,3.770888828849163,0,True,False
2026-08-15,Noite,3.702583963167853,0,True,False
2026-08-15,Noite,5.06711030568404,0,True,False
2026-08-15,Noite,3.664041608093557,0,True,False
2026-08-15,Madrugada,4.16085849855474,0,True,False
2026-08-15,Madrugada,41.48837011231025,0,True,False
2026-08-15,Madrugada,7.071224585912581,0,True,False
2026-08-15,Madrugada,2.1395449376931035,0,True,False
2026-08-15,Madrugada,2.935731539031264,0,True,False
2026-08-15,Madrugada,7.5495228745480825,0,True,False
2026-08-15,Madrugada,13.792665380378853,0,True,False
2026-08-16,Manhã,3.219209069776855,0,True,False
2026-08-16,Manhã,6.2389941520446115,0,True,False
2026-08-16,Manhã,7.690023510708615,0,True,False
2026-08-16,Manhã,2.3793353878949954,0,True,False
2026-08-16,Manhã,6.21005877455222,0,True,False
2026-08-16,Manhã,4.731599891221328,0,True,False
2026-08-16,Manhã,6.491675536484466,0,True,False
2026-08-16,Manhã,1.8433876963292388,0,True,False
2026-08-16,Manhã,5.258464061834184,0,True,False
2026-08-16,Manhã,7.3693233872330905,0,True,False
2026-08-16,Manhã,3.152998245338773,0,True,False
2026-08-16,Manhã,4.651272525188458,0,True,False
2026-08-16,Manhã,5.873908245608855,0,True,False
2026-08-16,Manhã,9.967098046671412,0,True,False
2026-08-16,Manhã,3.1894536772307633,0,True,False
2026-08-16,Manhã,3.2267025414347765,0,True,False
2026-08-16,Manhã,2.1523947940344015,0,True,False
2026-08-16,Manhã,5.440978733461578,0,True,False
2026-08-16,Manhã,5.060235530585435,0,True,False
2026-08-16,Manhã,3.8610285802359283,0,True,False
2026-08-16,Manhã,2.375778415057262,0,True,False
2026-08-16,Manhã,3.985836431145252,0,True,False
2026-08-16,Manhã,4.565415421733861,0,True,False
2026-08-16,Manhã,3.5367205230947443,0,True,False
2026-08-16,Manhã,4.517919465003755,0,True,False
2026-08-16,Manhã,3.972785207201417,0,True,False
2026-08-16,Manhã,6.9577686724460825,0,True,False
2026-08-16,Manhã,8.220509910687355,0,True,False
2026-08-16,Manhã,4.73556204243414,0,True,False
2026-08-16,Manhã,2.5080445182665585,0,True,False
2026-08-16,Manhã,6.153884661096818,0,True,False
2026-08-16,Manhã,5.5985677055473815,0,True,False
2026-08-16,Manhã,5.139017755881452,0,True,False
2026-08-16,Manhã,1.8563307228926706,0,True,False
2026-08-16,Manhã,3.039344959901262,0,True,False
2026-08-16,Manhã,4.411382571121648,0,True,False
2026-08-16,Manhã,3.6066250085653184,0,True,False
2026-08-16,Manhã,2.1524120206022417,0,True,False
2026-08-16,Manhã,3.850648258355983,0,True,False
2026-08-16,Manhã,4.447339854893528,0,True,False
2026-08-16,Manhã,5.10767609059819,0,True,False
2026-08-16,Manhã,4.91836190367873,0,True,False
2026-08-16,Manhã,10.200122847026316,0,True,False
2026-08-16,Manhã,11.616576001081228,0,True,False
2026-08-16,Manhã,5.2864785968126204,0,True,False
2026-08-16,Manhã,4.568475503307808,0,True,False
2026-08-16,Manhã,6.364476054988246,0,True,False
2026-08-16,Manhã,2.973287172232954,0,True,False
2026-08-16,Manhã,1.972322194472527,0,True,False
2026-08-16,Manhã,11.849252211223158,0,True,False
2026-08-16,Manhã,3.4554169709794063,0,True,False
2026-08-16,Manhã,4.060504812187303,0,True,False
2026-08-16,Manhã,4.2480545614978995,1,True,False
2026-08-16,Manhã,5.26194632822798,0,True,False
2026-08-16,Manhã,5.6659513360947935,0,True,False
2026-08-16,Manhã,1.9870431850135073,0,True,False
2026-08-16,Manhã,3.6902907839435106,0,True,False
2026-08-16,Manhã,5.636176137052364,0,True,False
2026-08-16,Manhã,2.8524011418079085,0,True,False
2026-08-16,Manhã,5.311737889471115,0,True,False
2026-08-16,Tarde,1.9301739878601714,0,True,False
2026-08-16,Tarde,6.2197718341034225,0,True,False
2026-08-16,Tarde,5.24597993718662,0,True,False
2026-08-16,Tarde,3.7035347962001017,0,True,False
2026-08-16,Tarde,3.7996600088017125,0,True,False
2026-08-16,Tarde,9.115028066801315,0,True,False
2026-08-16,Tarde,7.383321306300767,0,True,False
2026-08-16,Tarde,9.470585388075367,0,True,False
2026-08-16,Tarde,6.284506260606585,0,True,False
2026-08-16,Tarde,2.7403954454764206,0,True,False
2026-08-16,Tarde,5.094902789330383,0,True,False
2026-08-16,Tarde,4.0886986428902405,0,True,False
2026-08-16,Tarde,2.583404420422647,0,True,False
2026-08-16,Tarde,9.949650052170934,0,True,False
2026-08-16,Tarde,5.102528778659917,0,True,False
2026-08-16,Tarde,8.868922646855676,0,True,False
2026-08-16,Tarde,13.351413434790434,0,True,False
2026-08-16,Tarde,4.402102863078455,0,True,False
2026-08-16,Tarde,11.516615447964984,0,True,False
2026-08-16,Tarde,4.49981695450172,0,True,False
2026-08-16,Tarde,6.819963211321674,0,True,False
2026-08-16,Tarde,7.878535072424018,0,True,False
2026-08-16,Tarde,6.380883179669836,0,True,False
2026-08-16,Tarde,4.525084143058193,0,True,False
2026-08-16,Tarde,4.909925192685357,0,True,False
2026-08-16,Tarde,2.713964170423156,0,True,False
2026-08-16,Tarde,3.785558500826599,0,True,False
2026-08-16,Tarde,3.441516909683219,0,True,False
2026-08-16,Tarde,6.033016046921652,0,True,False
2026-08-16,Tarde,4.861271867224708,0,True,False
2026-08-16,Tarde,6.47837218484638,0,True,False
2026-08-16,Tarde,4.508934907637381,0,True,False
2026-08-16,Tarde,1.5184257131862866,0,True,False
2026-08-16,Tarde,6.355086956483001,0,True,False
2026-08-16,Tarde,9.360485078785356,0,True,False
2026-08-16,Tarde,4.308815304568989,0,True,False
2026-08-16,Tarde,6.961601223132277,0,True,False
2026-08-16,Tarde,4.824409557725951,0,True,False
2026-08-16,Tarde,5.876284747483333,0,True,False
2026-08-16,Tarde,6.2334867440859245,0,True,False
2026-08-16,Tarde,2.0704916049153885,0,True,False
2026-08-16,Noite,7.88713801639416,0,True,False
2026-08-16,Noite,3.7533045852058637,0,True,False
2026-08-16,Noite,2.163006015503199,0,True,False
2026-08-16,Noite,6.883578049872114,0,True,False
2026-08-16,Noite,3.519289480824508,0,True,False
2026-08-16,Noite,6.740614807712914,0,True,False
2026-08-16,Noite,3.3584317018135708,0,True,False
2026-08-16,Noite,3.305976830125232,1,True,False
2026-08-16,Noite,3.7131112430121864,0,True,False
2026-08-16,Noite,3.611268370803345,1,True,False
2026-08-16,Noite,3.74565665915492,0,True,False
2026-08-16,Noite,8.366656415419182,0,True,False
2026-08-16,Noite,4.6071420140020365,0,True,False
2026-08-16,Noite,14.435881084002874,0,True,False
2026-08-16,Noite,5.53781812590335,0,True,False
2026-08-16,Noite,6.721681126007508,0,True,False
2026-08-16,Noite,3.215375703643077,0,True,False
2026-08-16,Noite,6.6290021329272335,0,True,False
2026-08-16,Noite,3.6535070024619913,0,True,False
2026-08-16,Noite,2.535475546161653,0,True,False
2026-08-16,Noite,4.616420438308425,0,True,False
2026-08-16,Noite,4.7368957190252585,0,True,False
2026-08-16,Madrugada,5.43090975462002,0,True,False
2026-08-16,Madrugada,1.6716541802869207,0,True,False
2026-08-16,Madrugada,18.44172672563481,0,True,False
2026-08-16,Madrugada,4.89229103548719,0,True,False
2026-08-16,Madrugada,7.973953019531501,0,True,False
2026-08-16,Madrugada,6.449849434119474,0,True,False
2026-08-16,Madrugada,5.230460554092338,0,True,False
2026-08-16,Madrugada,2.933942889294259,0,True,False
2026-08-16,Madrugada,5.698322515891067,0,True,False
2026-08-16,Madrugada,6.976860600671594,0,True,False
2026-08-16,Madrugada,4.755145138963257,1,True,False
2026-08-16,Madrugada,2.7738895218407653,0,True,False
2026-08-16,Madrugada,33.707170343797216,0,True,False
2026-08-17,Manhã,7.525193668950237,0,False,True
2026-08-17,Manhã,8.507087219137588,0,False,True
2026-08-17,Manhã,7.383772006781432,0,False,True
2026-08-17,Manhã,10.390968767363045,0,False,True
2026-08-17,Manhã,5.184420986977736,0,False,True
2026-08-17,Manhã,9.277548238106641,0,False,True
2026-08-17,Manhã,5.316378383143331,0,False,True
2026-08-17,Manhã,6.7040961135207215,0,False,True
2026-08-17,Manhã,6.210364593173542,0,False,True
2026-08-17,Manhã,2.3328362845191184,0,False,True
2026-08-17,Manhã,9.806834961818549,0,False,True
2026-08-17,Manhã,3.326090486263328,0,False,True
2026-08-17,Manhã,13.90834881646766,0,False,True
2026-08-17,Manhã,8.795575673813598,0,False,True
2026-08-17,Manhã,7.400538987982483,0,False,True
2026-08-17,Manhã,8.155423871915817,0,False,True
2026-08-17,Manhã,3.573366960183059,0,False,True
2026-08-17,Manhã,13.658323969619024,0,False,True
2026-08-17,Manhã,16.099181995215098,0,False,True
2026-08-17,Manhã,2.535087841526167,1,False,True
2026-08-17,Manhã,4.396639835120622,0,False,True
2026-08-17,Manhã,6.080562670132973,0,False,True
2026-08-17,Manhã,4.027180542033519,0,False,True
2026-08-17,Manhã,8.218749471036235,0,False,True
2026-08-17,Manhã,2.800843948902404,0,False,True
2026-08-17,Manhã,10.64901222210551,0,False,True
2026-08-17,Manhã,7.290612964594475,0,False,True
2026-08-17,Manhã,6.9451475400141245,0,False,True
2026-08-17,Manhã,6.565532828194187,0,False,True
2026-08-17,Manhã,4.788687780476957,0,False,True
2026-08-17,Manhã,3.8764274937137406,0,False,True
2026-08-17,Manhã,8.686897972511293,0,False,True
2026-08-17,Manhã,6.974352461004918,0,False,True
2026-08-17,Manhã,4.93126179977238,0,False,True
2026-08-17,Manhã,5.838886485240881,0,False,True
2026-08-17,Manhã,6.625297625530126,0,False,True
2026-08-17,Manhã,2.269377340313025,0,False,True
2026-08-17,Manhã,7.567398853236901,0,False,True
2026-08-17,Manhã,14.15953192835071,0,False,True
2026-08-17,Manhã,3.56391622918796,0,False,True
2026-08-17,Manhã,12.82135437800642,0,False,True
2026-08-17,Manhã,9.452855523672165,0,False,True
2026-08-17,Manhã,5.398395471397667,0,False,True
2026-08-17,Manhã,7.100389013336202,0,False,True
2026-08-17,Manhã,9.695328136458262,0,False,True
2026-08-17,Manhã,4.187453998442198,0,False,True
2026-08-17,Manhã,5.573857571051598,0,False,True
2026-08-17,Manhã,3.8479908016819273,0,False,True
2026-08-17,Manhã,5.601341189056575,0,False,True
2026-08-17,Manhã,5.464859455654751,0,False,True
2026-08-17,Manhã,2.556787818313544,0,False,True
2026-08-17,Manhã,12.753117793917731,0,False,True
2026-08-17,Manhã,4.026567514896992,0,False,True
2026-08-17,Manhã,3.715071249173972,0,False,True
2026-08-17,Manhã,6.422652665412571,0,False,True
2026-08-17,Manhã,4.37310247618121,0,False,True
2026-08-17,Manhã,1.9426691383277843,0,False,True
2026-08-17,Manhã,16.669152002822894,0,False,True
2026-08-17,Manhã,7.767234130800881,0,False,True
2026-08-17,Manhã,7.6510877159604105,0,False,True
2026-08-17,Manhã,4.349769582008823,0,False,True
2026-08-17,Manhã,6.94444884587611,0,False,True
2026-08-17,Manhã,7.380473249569525,0,False,True
2026-08-17,Manhã,6.030800243114439,0,False,True
2026-08-17,Manhã,5.587151948408243,0,False,True
2026-08-17,Manhã,5.028762494012391,0,False,True
2026-08-17,Manhã,2.780377534302431,0,False,True
2026-08-17,Manhã,6.8800661221460135,0,False,True
2026-08-17,Manhã,7.57344079474252,0,False,True
2026-08-17,Manhã,4.993451617504553,0,False,True
2026-08-17,Manhã,10.158229273229384,0,False,True
2026-08-17,Manhã,6.05062285466436,0,False,True
2026-08-17,Manhã,5.191057318159785,0,False,True
2026-08-17,Manhã,9.315716412612078,0,False,True
2026-08-17,Manhã,5.70907801260595,0,False,True
2026-08-17,Manhã,5.864116700201269,0,False,True
2026-08-17,Manhã,5.176501935362555,0,False,True
2026-08-17,Manhã,8.750845246077098,0,False,True
2026-08-17,Manhã,4.085976592823065,0,False,True
2026-08-17,Manhã,3.387455374858054,0,False,True
2026-08-17,Manhã,3.808833043426151,0,False,True
2026-08-17,Manhã,5.601651251915374,0,False,True
2026-08-17,Manhã,4.268488899459855,0,False,True
2026-08-17,Manhã,4.399296560113643,0,False,True
2026-08-17,Manhã,5.534554504670504,0,False,True
2026-08-17,Manhã,6.839477366577299,0,False,True
2026-08-17,Manhã,6.562977895179174,0,False,True
2026-08-17,Manhã,5.878492986000855,0,False,True
2026-08-17,Manhã,8.134771574418098,0,False,True
2026-08-17,Manhã,6.0516384235132,0,False,True
2026-08-17,Manhã,4.6345322768823305,0,False,True
2026-08-17,Manhã,5.212037636200295,0,False,True
2026-08-17,Tarde,3.2875036542397202,0,False,True
2026-08-17,Tarde,8.998864943342113,0,False,True
2026-08-17,Tarde,7.406470952459241,0,False,True
2026-08-17,Tarde,3.982762275119741,0,False,True
2026-08-17,Tarde,10.11237193117137,0,False,True
2026-08-17,Tarde,3.3175572133093523,0,False,True
2026-08-17,Tarde,3.8489915563424137,0,False,True
2026-08-17,Tarde,9.30500728788862,1,False,True
2026-08-17,Tarde,10.618506980226629,0,False,True
2026-08-17,Tarde,5.716571467598566,0,False,True
2026-08-17,Tarde,3.912362056341618,0,False,True
2026-08-17,Tarde,4.817676461617451,0,False,True
2026-08-17,Tarde,8.582047072534017,0,False,True
2026-08-17,Tarde,3.5109731148834737,0,False,True
2026-08-17,Tarde,8.4099085034701,0,False,True
2026-08-17,Tarde,4.405767772517823,0,False,True
2026-08-17,Tarde,4.93508081356928,0,False,True
2026-08-17,Tarde,4.2834467426798355,0,False,True
2026-08-17,Tarde,6.771565788063407,0,False,True
2026-08-17,Tarde,8.30506095169783,0,False,True
2026-08-17,Tarde,7.989575302051163,0,False,True
2026-08-17,Tarde,2.9652521424428655,0,False,True
2026-08-17,Tarde,3.8067112686628186,0,False,True
2026-08-17,Tarde,9.192713163079189,0,False,True
2026-08-17,Tarde,3.226684252413032,0,False,True
2026-08-17,Tarde,12.44081973672263,0,False,True
2026-08-17,Tarde,14.089878773117285,0,False,True
2026-08-17,Tarde,5.354820514080462,0,False,True
2026-08-17,Tarde,5.44277344298649,1,False,True
2026-08-17,Tarde,4.747995962276226,0,False,True
2026-08-17,Tarde,4.056978335947537,0,False,True
2026-08-17,Tarde,5.084087897231284,0,False,True
2026-08-17,Tarde,8.130160476939652,0,False,True
2026-08-17,Tarde,4.32831248827181,0,False,True
2026-08-17,Tarde,8.759155997141082,0,False,True
2026-08-17,Tarde,10.010045913163273,0,False,True
2026-08-17,Tarde,4.655572594865282,0,False,True
2026-08-17,Tarde,4.326394881009271,0,False,True
2026-08-17,Tarde,4.105081051507749,0,False,True
2026-08-17,Tarde,6.14264394643787,0,False,True
2026-08-17,Tarde,5.489791682599667,0,False,True
2026-08-17,Tarde,2.69247900505194,0,False,True
2026-08-17,Tarde,6.290065519315626,0,False,True
2026-08-17,Tarde,8.67022798345565,0,False,True
2026-08-17,Tarde,8.813243880575643,0,False,True
2026-08-17,Tarde,6.088476083617167,0,False,True
2026-08-17,Tarde,7.021570965374445,0,False,True
2026-08-17,Tarde,6.905419627679203,0,False,True
2026-08-17,Tarde,7.62547183346647,0,False,True
2026-08-17,Tarde,5.209943249574631,0,False,True
2026-08-17,Tarde,8.602472798919454,1,False,True
2026-08-17,Tarde,4.023206094767388,0,False,True
2026-08-17,Tarde,2.95971442847785,0,False,True
2026-08-17,Tarde,4.598471505694579,0,False,True
2026-08-17,Tarde,6.833783118238932,0,False,True
2026-08-17,Tarde,7.102314806613332,0,False,True
2026-08-17,Tarde,6.619416642954956,0,False,True
2026-08-17,Tarde,10.451101895667309,0,False,True
2026-08-17,Tarde,16.98531252728351,0,False,True
2026-08-17,Tarde,6.743277540205043,0,False,True
2026-08-17,Tarde,7.9646720782277525,0,False,True
2026-08-17,Tarde,2.7421123884178926,0,False,True
2026-08-17,Tarde,3.850996825216245,0,False,True
2026-08-17,Tarde,3.899180038039398,0,False,True
2026-08-17,Tarde,4.869874994411233,0,False,True
2026-08-17,Noite,3.8365351413999833,0,False,True
2026-08-17,Noite,5.938509972135567,0,False,True
2026-08-17,Noite,8.164674286731115,0,False,True
2026-08-17,Noite,13.48288458244702,0,False,True
2026-08-17,Noite,7.409918703763305,0,False,True
2026-08-17,Noite,4.097200393262067,0,False,True
2026-08-17,Noite,2.7682499314401743,0,False,True
2026-08-17,Noite,4.371850312846353,0,False,True
2026-08-17,Noite,6.880769064850224,0,False,True
2026-08-17,Noite,1.7580063711938696,0,False,True
2026-08-17,Noite,8.018191945599614,0,False,True
2026-08-17,Noite,3.1893726563299896,0,False,True
2026-08-17,Noite,6.666390310990814,0,False,True
2026-08-17,Noite,4.338339219544027,0,False,True
2026-08-17,Noite,6.115882668628004,0,False,True
2026-08-17,Noite,9.208863860900133,0,False,True
2026-08-17,Noite,17.43359894215843,0,False,True
2026-08-17,Noite,10.032943872898848,0,False,True
2026-08-17,Noite,7.515264198134236,0,False,True
2026-08-17,Noite,4.272024199632433,0,False,True
2026-08-17,Noite,7.798884697657549,0,False,True
2026-08-17,Noite,8.44501560771959,0,False,True
2026-08-17,Noite,7.213167479954393,0,False,True
2026-08-17,Noite,13.898377783333725,0,False,True
2026-08-17,Noite,11.320131809980243,0,False,True
2026-08-17,Noite,5.9445169612850135,0,False,True
2026-08-17,Noite,9.427281457876802,0,False,True
2026-08-17,Noite,2.9567617052288924,0,False,True
2026-08-17,Noite,7.356522469762541,0,False,True
2026-08-17,Noite,1.904959069662871,0,False,True
2026-08-17,Noite,3.9305603858535787,0,False,True
2026-08-17,Noite,3.9536992948565026,0,False,True
2026-08-17,Noite,3.05053887917446,0,False,True
2026-08-17,Noite,3.932856850700868,0,False,True
2026-08-17,Noite,15.164544506909252,0,False,True
2026-08-17,Noite,8.748876097360498,0,False,True
2026-08-17,Noite,10.934611408566054,0,False,True
2026-08-17,Noite,4.769940834533864,0,False,True
2026-08-17,Noite,3.893613689041971,0,False,True
2026-08-17,Noite,2.3978940714426433,0,False,True
2026-08-17,Noite,7.791138388004651,0,False,True
2026-08-17,Noite,5.5139750131097625,0,False,True
2026-08-17,Noite,4.168779473288519,0,False,True
2026-08-17,Madrugada,6.506383496373959,0,False,True
2026-08-17,Madrugada,7.616970325172203,0,False,True
2026-08-17,Madrugada,12.102912685415422,0,False,True
2026-08-17,Madrugada,8.68534043891844,0,False,True
2026-08-17,Madrugada,4.675332502116663,0,False,True
2026-08-17,Madrugada,3.2733430325846666,0,False,True
2026-08-17,Madrugada,7.5903722025222535,0,False,True
2026-08-17,Madrugada,1.411728946161084,0,False,True
2026-08-17,Madrugada,3.0039196804172046,1,False,True
2026-08-17,Madrugada,2.0366103358178673,0,False,True
2026-08-17,Madrugada,6.731500593883226,0,False,True
2026-08-18,Manhã,4.408721857938554,0,False,False
2026-08-18,Manhã,1.8404116587423875,0,False,False
2026-08-18,Manhã,6.618265220815743,0,False,False
2026-08-18,Manhã,2.5764227613786597,0,False,False
2026-08-18,Manhã,2.3222200180531853,0,False,False
2026-08-18,Manhã,2.3172931330387967,0,False,False
2026-08-18,Manhã,3.394741009864299,0,False,False
2026-08-18,Manhã,6.888105102853545,0,False,False
2026-08-18,Manhã,5.841539427478577,0,False,False
2026-08-18,Manhã,3.4608128421388,0,False,False
2026-08-18,Manhã,4.855841824513766,0,False,False
2026-08-18,Manhã,5.86440524821586,0,False,False
2026-08-18,Manhã,1.7642143269892856,0,False,False
2026-08-18,Manhã,3.054452532405943,0,False,False
2026-08-18,Manhã,5.194771131168732,0,False,False
2026-08-18,Manhã,2.5192362280703136,0,False,False
2026-08-18,Manhã,3.8966603363286425,0,False,False
2026-08-18,Manhã,2.856094415259905,0,False,False
2026-08-18,Manhã,5.222036856448859,0,False,False
2026-08-18,Manhã,3.09027778699224,0,False,False
2026-08-18,Manhã,10.98217356005113,0,False,False
2026-08-18,Manhã,2.2225272198415995,0,False,False
2026-08-18,Manhã,4.668180239323049,0,False,False
2026-08-18,Manhã,4.601834814337831,0,False,False
2026-08-18,Manhã,3.0566248434567997,0,False,False
2026-08-18,Manhã,4.5096032202435286,0,False,False
2026-08-18,Manhã,5.950933059986592,0,False,False
2026-08-18,Manhã,7.302848537379968,0,False,False
2026-08-18,Manhã,6.431326139329681,0,False,False
2026-08-18,Manhã,3.6091842425185567,0,False,False
2026-08-18,Manhã,4.203428901771053,0,False,False
2026-08-18,Manhã,3.2363648682775694,0,False,False
2026-08-18,Manhã,3.29297145041326,0,False,False
2026-08-18,Manhã,5.135982284001183,1,False,False
2026-08-18,Manhã,4.858413876678057,0,False,False
2026-08-18,Manhã,5.78766056269801,0,False,False
2026-08-18,Manhã,4.736447884261693,0,False,False
2026-08-18,Manhã,3.7965540012900396,1,False,False
2026-08-18,Manhã,8.293282460949932,0,False,False
2026-08-18,Manhã,5.291610813413765,0,False,False
2026-08-18,Manhã,2.536311179674154,0,False,False
2026-08-18,Manhã,5.699765638266268,0,False,False
2026-08-18,Manhã,4.475089497693322,0,False,False
2026-08-18,Manhã,3.5769125396255324,0,False,False
2026-08-18,Manhã,3.250869062911858,0,False,False
2026-08-18,Manhã,3.1077341343837515,0,False,False
2026-08-18,Manhã,3.4398347414298747,0,False,False
2026-08-18,Manhã,3.4321019418961067,0,False,False
2026-08-18,Manhã,3.13740694801857,0,False,False
2026-08-18,Manhã,2.6406715594892667,0,False,False
2026-08-18,Manhã,3.578034038045375,0,False,False
2026-08-18,Manhã,2.3376399096076024,0,False,False
2026-08-18,Manhã,3.694676545449445,0,False,False
2026-08-18,Manhã,3.7982189009917007,0,False,False
2026-08-18,Manhã,4.763872870079949,0,False,False
2026-08-18,Manhã,3.709889678909448,0,False,False
2026-08-18,Manhã,2.669370630505378,0,False,False
2026-08-18,Manhã,4.5454731683580505,0,False,False
2026-08-18,Manhã,2.299976356059728,0,False,False
2026-08-18,Manhã,10.35515669846945,0,False,False
2026-08-18,Manhã,5.1266230583306625,0,False,False
2026-08-18,Manhã,4.079589985609145,0,False,False
2026-08-18,Manhã,3.3953863152389423,0,False,False
2026-08-18,Manhã,4.029849710868969,0,False,False
2026-08-18,Manhã,3.1104072260415747,0,False,False
2026-08-18,Manhã,4.316006913489887,0,False,False
2026-08-18,Manhã,3.8177857034921927,0,False,False
2026-08-18,Manhã,2.051161827953261,0,False,False
2026-08-18,Manhã,1.3164964247826951,0,False,False
2026-08-18,Manhã,2.390872388641645,0,False,False
2026-08-18,Manhã,10.748548483636647,0,False,False
2026-08-18,Manhã,2.030296273630046,0,False,False
2026-08-18,Manhã,2.4632670138588346,0,False,False
2026-08-18,Tarde,3.9029116032157254,0,False,False
2026-08-18,Tarde,5.388802524103924,0,False,False
2026-08-18,Tarde,6.70371433143873,0,False,False
2026-08-18,Tarde,2.2998081019722254,0,False,False
2026-08-18,Tarde,5.970812212236872,0,False,False
2026-08-18,Tarde,6.619840565647811,0,False,False
2026-08-18,Tarde,2.850723465901005,0,False,False
2026-08-18,Tarde,2.735195361302645,0,False,False
2026-08-18,Tarde,3.823416772003925,0,False,False
2026-08-18,Tarde,5.348913330363168,0,False,False
2026-08-18,Tarde,7.968119589154369,0,False,False
2026-08-18,Tarde,13.200964109816995,0,False,False
2026-08-18,Tarde,2.521716320120484,0,False,False
2026-08-18,Tarde,5.419662831943014,0,False,False
2026-08-18,Tarde,6.321375916594745,0,False,False
2026-08-18,Tarde,2.357846782947573,0,False,False
2026-08-18,Tarde,6.8435450975424414,0,False,False
2026-08-18,Tarde,13.486782750960247,0,False,False
2026-08-18,Tarde,7.4960530076783085,0,False,False
2026-08-18,Tarde,2.3465816727677002,0,False,False
2026-08-18,Tarde,11.317186394685733,0,False,False
2026-08-18,Tarde,5.661055675321147,0,False,False
2026-08-18,Tarde,3.781901582291135,0,False,False
2026-08-18,Tarde,3.7980572539686603,0,False,False
2026-08-18,Tarde,3.6682436817917985,0,False,False
2026-08-18,Tarde,4.316235509303016,0,False,False
2026-08-18,Tarde,5.9403987835208705,0,False,False
2026-08-18,Tarde,7.697709210380618,1,False,False
2026-08-18,Tarde,2.2613214917057287,0,False,False
2026-08-18,Tarde,9.588159612072392,0,False,False
2026-08-18,Tarde,15.211072736731538,0,False,False
2026-08-18,Tarde,5.141901511607144,0,False,False
2026-08-18,Tarde,4.270793741322759,0,False,False
2026-08-18,Tarde,6.450474447578391,0,False,False
2026-08-18,Tarde,5.574555452799021,0,False,False
2026-08-18,Tarde,8.980264491651786,0,False,False
2026-08-18,Tarde,6.713569700290685,0,False,False
2026-08-18,Tarde,8.048692538547824,0,False,False
2026-08-18,Tarde,4.201845891586161,0,False,False
2026-08-18,Tarde,4.99798020716038,0,False,False
2026-08-18,Tarde,4.10924398837828,0,False,False
2026-08-18,Tarde,3.4719630310899507,0,False,False
2026-08-18,Tarde,4.293344009398453,0,False,False
2026-08-18,Tarde,2.3196224251745714,0,False,False
2026-08-18,Tarde,3.5222450111482493,0,False,False
2026-08-18,Tarde,4.737439101711307,0,False,False
2026-08-18,Tarde,11.449588128350968,0,False,False
2026-08-18,Tarde,4.118121196264446,0,False,False
2026-08-18,Tarde,6.746724043445338,0,False,False
2026-08-18,Tarde,4.727695843614328,0,False,False
2026-08-18,Tarde,5.244457393072955,0,False,False
2026-08-18,Tarde,5.591154188202786,0,False,False
2026-08-18,Tarde,5.550876414899024,0,False,False
2026-08-18,Noite,4.395621823144616,0,False,False
2026-08-18,Noite,9.303715582568051,0,False,False
2026-08-18,Noite,3.6898586656444254,0,False,False
2026-08-18,Noite,4.605058443325489,0,False,False
2026-08-18,Noite,6.002203575046612,0,False,False
2026-08-18,Noite,9.37000834828065,0,False,False
2026-08-18,Noite,18.41295043409613,0,False,False
2026-08-18,Noite,3.7867539167836126,0,False,False
2026-08-18,Noite,3.5873695397607674,0,False,False
2026-08-18,Noite,5.547294305390069,0,False,False
2026-08-18,Noite,2.8786181556244395,0,False,False
2026-08-18,Noite,7.035379677518769,0,False,False
2026-08-18,Noite,6.439511710050649,0,False,False
2026-08-18,Noite,3.168248814493553,0,False,False
2026-08-18,Noite,9.75678297819938,0,False,False
2026-08-18,Noite,3.7033630742706194,0,False,False
2026-08-18,Noite,8.860835675884724,0,False,False
2026-08-18,Noite,4.635493650578816,0,False,False
2026-08-18,Noite,5.016364463172185,0,False,False
2026-08-18,Noite,6.2650665318048455,0,False,False
2026-08-18,Noite,2.9681863883034114,0,False,False
2026-08-18,Noite,3.1400278488254654,0,False,False
2026-08-18,Noite,5.288912819355179,0,False,False
2026-08-18,Noite,3.1532368017690597,0,False,False
2026-08-18,Noite,7.686613319546401,0,False,False
2026-08-18,Noite,3.7360833068877635,0,False,False
2026-08-18,Noite,1.8674420001736116,0,False,False
2026-08-18,Noite,4.896316560317988,0,False,False
2026-08-18,Noite,1.7651278286702756,0,False,False
2026-08-18,Noite,8.49353974504843,0,False,False
2026-08-18,Noite,5.01889255417282,0,False,False
2026-08-18,Noite,3.7995412268088034,0,False,False
2026-08-18,Noite,7.8328063586166925,0,False,False
2026-08-18,Noite,3.632475054308026,0,False,False
2026-08-18,Noite,6.903132061542166,0,False,False
2026-08-18,Noite,6.853053635683448,0,False,False
2026-08-18,Noite,12.78706128592908,0,False,False
2026-08-18,Noite,3.805447512685075,0,False,False
2026-08-18,Noite,2.4479843022694494,0,False,False
2026-08-18,Madrugada,21.719309504281508,0,False,False
2026-08-18,Madrugada,5.103377780125444,0,False,False
2026-08-18,Madrugada,10.902643319947487,0,False,False
2026-08-18,Madrugada,8.909731100426239,0,False,False
2026-08-18,Madrugada,3.2021352317758662,0,False,False
2026-08-18,Madrugada,5.242422756683869,0,False,False
2026-08-18,Madrugada,3.2152123183146655,0,False,False
2026-08-18,Madrugada,11.08904019656518,0,False,False
2026-08-18,Madrugada,16.166666928626647,0,False,False
2026-08-18,Madrugada,8.744584166840097,0,False,False
2026-08-18,Madrugada,10.492670394733477,0,False,False
2026-08-18,Madrugada,4.385184811192497,0,False,False
2026-08-18,Madrugada,16.237691123707343,1,False,False
2026-08-18,Madrugada,2.117647872050296,0,False,False
2026-08-18,Madrugada,4.283874753349058,0,False,False
2026-08-18,Madrugada,7.348978567945531,0,False,False
2026-08-19,Manhã,5.819415254864072,0,False,False
2026-08-19,Manhã,4.732188512215702,0,False,False
2026-08-19,Manhã,1.5218166358595755,0,False,False
2026-08-19,Manhã,3.8313769542381872,0,False,False
2026-08-19,Manhã,4.037840819068847,0,False,False
2026-08-19,Manhã,2.6987463175610453,0,False,False
2026-08-19,Manhã,1.733745459155717,0,False,False
2026-08-19,Manhã,2.765964470110485,0,False,False
2026-08-19,Manhã,2.6800443166250973,0,False,False
2026-08-19,Manhã,4.005004714402312,0,False,False
2026-08-19,Manhã,6.7032516123053645,0,False,False
2026-08-19,Manhã,5.6129557452581595,0,False,False
2026-08-19,Manhã,6.731136552307097,0,False,False
2026-08-19,Manhã,7.404442205922227,0,False,False
2026-08-19,Manhã,1.9315806716827397,0,False,False
2026-08-19,Manhã,3.912902490552854,0,False,False
2026-08-19,Manhã,2.46715861037492,0,False,False
2026-08-19,Manhã,3.605773025100541,0,False,False
2026-08-19,Manhã,11.200407858730447,0,False,False
2026-08-19,Manhã,4.472387986095706,0,False,False
2026-08-19,Manhã,2.0396076125731297,0,False,False
2026-08-19,Manhã,4.455001450077037,0,False,False
2026-08-19,Manhã,3.0217692037063597,0,False,False
2026-08-19,Manhã,2.638589528111048,0,False,False
2026-08-19,Manhã,4.858848517544318,1,False,False
2026-08-19,Manhã,2.641583877265324,0,False,False
2026-08-19,Manhã,1.9945453965638256,0,False,False
2026-08-19,Manhã,3.300867244245305,0,False,False
2026-08-19,Manhã,3.273871588186973,0,False,False
2026-08-19,Manhã,2.5382778862424584,0,False,False
2026-08-19,Manhã,4.183602952887759,0,False,False
2026-08-19,Manhã,3.9705707520114046,0,False,False
2026-08-19,Manhã,3.608577116109193,0,False,False
2026-08-19,Manhã,4.78376124340772,0,False,False
2026-08-19,Manhã,2.3259194681916435,0,False,False
2026-08-19,Manhã,3.9243696978934772,0,False,False
2026-08-19,Manhã,3.5699525257402525,0,False,False
2026-08-19,Manhã,2.2536450919043967,0,False,False
2026-08-19,Manhã,4.468282375957975,0,False,False
2026-08-19,Manhã,2.7832880130594115,0,False,False
2026-08-19,Manhã,3.1759939624604177,0,False,False
2026-08-19,Manhã,5.466184878160273,0,False,False
2026-08-19,Manhã,3.0451073421769665,0,False,False
2026-08-19,Manhã,1.775522529050145,0,False,False
2026-08-19,Manhã,2.547773362546293,0,False,False
2026-08-19,Manhã,6.05406819111715,0,False,False
2026-08-19,Manhã,5.570554820837826,0,False,False
2026-08-19,Manhã,2.941084920470197,0,False,False
2026-08-19,Manhã,1.574606809596,0,False,False
2026-08-19,Manhã,2.0906108944453545,0,False,False
2026-08-19,Manhã,5.757038409199039,0,False,False
2026-08-19,Manhã,4.245409945726782,0,False,False
2026-08-19,Manhã,6.303677176967094,0,False,False
2026-08-19,Manhã,3.5688104084881203,0,False,False
2026-08-19,Manhã,4.767361976560367,0,False,False
2026-08-19,Manhã,2.598510757681151,0,False,False
2026-08-19,Manhã,4.253178604317715,0,False,False
2026-08-19,Manhã,4.854777644611,0,False,False
2026-08-19,Manhã,3.5223796503694875,0,False,False
2026-08-19,Manhã,5.344723811485499,0,False,False
2026-08-19,Manhã,2.8211084198448217,0,False,False
2026-08-19,Manhã,2.280253927125706,0,False,False
2026-08-19,Manhã,3.2227723758221822,0,False,False
2026-08-19,Manhã,4.9430006412306975,0,False,False
2026-08-19,Manhã,3.2580241994940367,0,False,False
2026-08-19,Manhã,3.822872662252386,0,False,False
2026-08-19,Manhã,4.1403174334279695,0,False,False
2026-08-19,Manhã,3.284885877153488,0,False,False
2026-08-19,Manhã,3.0942965635374473,0,False,False
2026-08-19,Manhã,4.964042722823692,0,False,False
2026-08-19,Manhã,2.8280194443155153,0,False,False
2026-08-19,Manhã,4.96341055899927,0,False,False
2026-08-19,Manhã,4.611334220720237,0,False,False
2026-08-19,Manhã,2.441008571016343,0,False,False
2026-08-19,Manhã,3.8793480454278355,0,False,False
2026-08-19,Manhã,4.067137316977207,0,False,False
2026-08-19,Manhã,2.4962749535466395,0,False,False
2026-08-19,Manhã,5.777711475202731,0,False,False
2026-08-19,Manhã,2.660127290665825,0,False,False
2026-08-19,Manhã,2.40537391144786,0,False,False
2026-08-19,Manhã,3.1410718716357624,0,False,False
2026-08-19,Manhã,3.840529950776982,0,False,False
2026-08-19,Manhã,2.3698302634646224,0,False,False
2026-08-19,Manhã,5.120413870137042,0,False,False
2026-08-19,Manhã,4.137774237274689,0,False,False
2026-08-19,Manhã,6.453685487574458,0,False,False
2026-08-19,Manhã,3.1523150757187786,0,False,False
2026-08-19,Tarde,2.330029642324078,0,False,False
2026-08-19,Tarde,7.014240745963591,0,False,False
2026-08-19,Tarde,3.1097870306815767,0,False,False
2026-08-19,Tarde,17.47776243528763,0,False,False
2026-08-19,Tarde,13.73022752215395,0,False,False
2026-08-19,Tarde,11.658698377233133,0,False,False
2026-08-19,Tarde,2.6731108236948082,0,False,False
2026-08-19,Tarde,2.218392615485429,0,False,False
2026-08-19,Tarde,3.0788978150923363,0,False,False
2026-08-19,Tarde,2.48114386044349,0,False,False
2026-08-19,Tarde,6.267442827290148,0,False,False
2026-08-19,Tarde,7.034378443070613,0,False,False
2026-08-19,Tarde,5.366899178391341,0,False,False
2026-08-19,Tarde,3.8851648166739423,0,False,False
2026-08-19,Tarde,5.001320514940111,0,False,False
2026-08-19,Tarde,6.21120924837337,0,False,False
2026-08-19,Tarde,6.314559043562145,0,False,False
2026-08-19,Tarde,4.234011285345089,0,False,False
2026-08-19,Tarde,4.202549587621553,0,False,False
2026-08-19,Tarde,4.893635882710338,0,False,False
2026-08-19,Tarde,6.3816634550986535,0,False,False
2026-08-19,Tarde,5.643505625212807,0,False,False
2026-08-19,Tarde,3.190852696707894,0,False,False
2026-08-19,Tarde,7.579365400152929,0,False,False
2026-08-19,Tarde,4.880508575010313,0,False,False
2026-08-19,Tarde,3.688181333858342,0,False,False
2026-08-19,Tarde,11.382999206990286,0,False,False
2026-08-19,Tarde,1.6715724751295147,0,False,False
2026-08-19,Tarde,12.750290122128357,0,False,False
2026-08-19,Tarde,4.729644231211477,0,False,False
2026-08-19,Tarde,5.4578130347812355,0,False,False
2026-08-19,Tarde,7.679545062198189,0,False,False
2026-08-19,Tarde,3.988300078659244,0,False,False
2026-08-19,Tarde,15.48432631756166,0,False,False
2026-08-19,Tarde,9.192759997092555,0,False,False
2026-08-19,Tarde,4.942271541319176,0,False,False
2026-08-19,Tarde,6.014885964552548,0,False,False
2026-08-19,Tarde,9.277584308661446,0,False,False
2026-08-19,Tarde,13.515808831770974,0,False,False
2026-08-19,Tarde,3.9397304877380344,0,False,False
2026-08-19,Tarde,9.020533943029177,0,False,False
2026-08-19,Tarde,8.385996018000212,0,False,False
2026-08-19,Tarde,8.450344912322814,0,False,False
2026-08-19,Tarde,5.4935293200913025,0,False,False
2026-08-19,Tarde,3.6017238272001313,0,False,False
2026-08-19,Tarde,9.464743612697404,0,False,False
2026-08-19,Tarde,1.5263135555644847,0,False,False
2026-08-19,Tarde,4.599649556176971,0,False,False
2026-08-19,Tarde,5.93586282007904,0,False,False
2026-08-19,Tarde,1.8572471340648211,0,False,False
2026-08-19,Tarde,5.266088500456304,0,False,False
2026-08-19,Tarde,5.331230816354532,0,False,False
2026-08-19,Tarde,6.039132171000194,0,False,False
2026-08-19,Tarde,7.958111607122468,0,False,False
2026-08-19,Tarde,5.812492435259975,0,False,False
2026-08-19,Noite,3.2026085120789056,0,False,False
2026-08-19,Noite,4.094566778070017,0,False,False
2026-08-19,Noite,3.8677869769533175,0,False,False
2026-08-19,Noite,9.82789134221352,0,False,False
2026-08-19,Noite,3.485198329823808,0,False,False
2026-08-19,Noite,22.535885367693567,0,False,False
2026-08-19,Noite,4.032390632903638,0,False,False
2026-08-19,Noite,4.891745451575973,0,False,False
2026-08-19,Noite,8.672336954801784,1,False,False
2026-08-19,Noite,7.182132331731216,0,False,False
2026-08-19,Noite,4.605958296186543,0,False,False
2026-08-19,Noite,3.42068372441749,0,False,False
2026-08-19,Noite,4.258309632210913,0,False,False
2026-08-19,Noite,6.747834978266977,0,False,False
2026-08-19,Noite,22.543887283064905,0,False,False
2026-08-19,Noite,6.210109103528829,0,False,False
2026-08-19,Noite,8.971830888368748,0,False,False
2026-08-19,Noite,7.7946900760480125,0,False,False
2026-08-19,Noite,4.6492661911932345,0,False,False
2026-08-19,Noite,10.880450678525929,0,False,False
2026-08-19,Noite,2.7197797014774268,0,False,False
2026-08-19,Noite,6.609679128436441,0,False,False
2026-08-19,Noite,2.9951920286158584,0,False,False
2026-08-19,Noite,2.2805883659913295,0,False,False
2026-08-19,Noite,3.806227142198769,0,False,False
2026-08-19,Noite,1.6647142091719247,0,False,False
2026-08-19,Noite,4.902354504556577,0,False,False
2026-08-19,Noite,3.9666635738053535,0,False,False
2026-08-19,Noite,4.438603156991785,0,False,False
2026-08-19,Noite,3.804836476338944,0,False,False
2026-08-19,Noite,3.0373407302558753,0,False,False
2026-08-19,Noite,2.437337500893675,1,False,False
2026-08-19,Noite,4.073535033955611,1,False,False
2026-08-19,Noite,2.8476227911697194,1,False,False
2026-08-19,Noite,10.233347773320755,0,False,False
2026-08-19,Noite,9.356041355557158,0,False,False
2026-08-19,Madrugada,3.2086935756294537,0,False,False
2026-08-19,Madrugada,5.981523345645529,0,False,False
2026-08-19,Madrugada,5.618311851858967,0,False,False
2026-08-19,Madrugada,4.053107429232454,1,False,False
2026-08-19,Madrugada,7.610495692126421,0,False,False
2026-08-19,Madrugada,16.820048303629555,0,False,False
2026-08-19,Madrugada,10.370182583151452,0,False,False
2026-08-19,Madrugada,13.795231748270595,0,False,False
2026-08-19,Madrugada,5.706402357281769,0,False,False
2026-08-19,Madrugada,12.366041947706552,0,False,False
2026-08-19,Madrugada,2.7356249563915163,0,False,False
2026-08-19,Madrugada,5.76526870185605,0,False,False
2026-08-20,Manhã,5.13913374228444,0,False,False
2026-08-20,Manhã,2.2472333586001088,0,False,False
2026-08-20,Manhã,5.688051042938863,0,False,False
2026-08-20,Manhã,2.598253966753771,0,False,False
2026-08-20,Manhã,4.588061784274193,0,False,False
2026-08-20,Manhã,9.09449163530691,1,False,False
2026-08-20,Manhã,3.891667744071789,0,False,False
2026-08-20,Manhã,1.1168877937889095,0,False,False
2026-08-20,Manhã,4.715688350102061,0,False,False
2026-08-20,Manhã,4.211825961037102,0,False,False
2026-08-20,Manhã,2.1105305229527564,0,False,False
2026-08-20,Manhã,1.6690684511985907,0,False,False
2026-08-20,Manhã,2.3202739914295707,0,False,False
2026-08-20,Manhã,2.9582377301869904,1,False,False
2026-08-20,Manhã,3.8449024719300042,0,False,False
2026-08-20,Manhã,4.377307379906131,0,False,False
2026-08-20,Manhã,3.6039439220777543,0,False,False
2026-08-20,Manhã,5.983595015987561,0,False,False
2026-08-20,Manhã,8.359204783903527,0,False,False
2026-08-20,Manhã,3.119144221674034,0,False,False
2026-08-20,Manhã,4.967016888988043,0,False,False
2026-08-20,Manhã,4.494601044137002,0,False,False
2026-08-20,Manhã,5.191507955617275,0,False,False
2026-08-20,Manhã,2.935819640969425,0,False,False
2026-08-20,Manhã,6.3804328054842525,0,False,False
2026-08-20,Manhã,6.02666387473371,0,False,False
2026-08-20,Manhã,3.382641438138199,0,False,False
2026-08-20,Manhã,5.534558362612921,0,False,False
2026-08-20,Manhã,3.630129402840394,0,False,False
2026-08-20,Manhã,2.283764316579234,0,False,False
2026-08-20,Manhã,3.508262347131096,0,False,False
2026-08-20,Manhã,2.243755428057153,0,False,False
2026-08-20,Manhã,3.326389866040557,0,False,False
2026-08-20,Manhã,3.2535307783387792,0,False,False
2026-08-20,Manhã,7.954067243782717,0,False,False
2026-08-20,Manhã,1.7802919154643693,0,False,False
2026-08-20,Manhã,6.9033139296668535,0,False,False
2026-08-20,Manhã,2.1583632014640965,0,False,False
2026-08-20,Manhã,3.4197847080620236,0,False,False
2026-08-20,Manhã,4.067232363181516,0,False,False
2026-08-20,Manhã,1.7848357196882416,0,False,False
2026-08-20,Manhã,3.4772780926128104,0,False,False
2026-08-20,Manhã,1.5127800309757486,0,False,False
2026-08-20,Manhã,1.3767161528926621,0,False,False
2026-08-20,Manhã,3.02456874520228,0,False,False
2026-08-20,Manhã,2.705638364929645,0,False,False
2026-08-20,Manhã,3.2688582539254383,0,False,False
2026-08-20,Manhã,5.216355207366562,0,False,False
2026-08-20,Manhã,3.397603972719117,0,False,False
2026-08-20,Manhã,4.438853294111652,0,False,False
2026-08-20,Manhã,4.526643858531501,0,False,False
2026-08-20,Manhã,3.021160849344785,0,False,False
2026-08-20,Manhã,10.72294425750189,0,False,False
2026-08-20,Manhã,4.467842928623824,0,False,False
2026-08-20,Manhã,6.475343044539294,0,False,False
2026-08-20,Manhã,7.374103486015416,0,False,False
2026-08-20,Manhã,3.5925960470462397,0,False,False
2026-08-20,Manhã,4.477044593240441,0,False,False
2026-08-20,Manhã,6.175717371142136,0,False,False
2026-08-20,Manhã,3.126191451918981,0,False,False
2026-08-20,Manhã,5.84630975900283,0,False,False
2026-08-20,Manhã,4.844718011362265,0,False,False
2026-08-20,Manhã,3.2892089420694735,0,False,False
2026-08-20,Manhã,5.342807835792422,0,False,False
2026-08-20,Manhã,3.2538976181804737,0,False,False
2026-08-20,Manhã,7.030906225483932,0,False,False
2026-08-20,Manhã,5.177148669932274,0,False,False
2026-08-20,Manhã,5.545532286811669,0,False,False
2026-08-20,Manhã,5.116880800374679,0,False,False
2026-08-20,Manhã,3.480671227796634,0,False,False
2026-08-20,Manhã,2.1416342900901757,0,False,False
2026-08-20,Manhã,2.8598080008974454,0,False,False
2026-08-20,Manhã,7.114450306872163,1,False,False
2026-08-20,Manhã,4.202623860377978,1,False,False
2026-08-20,Manhã,9.00725167224707,0,False,False
2026-08-20,Manhã,3.201917761751238,0,False,False
2026-08-20,Tarde,3.5945106574950536,0,False,False
2026-08-20,Tarde,7.763562480041103,0,False,False
2026-08-20,Tarde,4.628670634664668,0,False,False
2026-08-20,Tarde,3.7487617372634308,0,False,False
2026-08-20,Tarde,1.871497679693994,0,False,False
2026-08-20,Tarde,6.490625255380708,0,False,False
2026-08-20,Tarde,6.45617138247868,0,False,False
2026-08-20,Tarde,4.5173187877548,0,False,False
2026-08-20,Tarde,2.8926782831990785,0,False,False
2026-08-20,Tarde,5.83438351652095,0,False,False
2026-08-20,Tarde,4.506281090527003,0,False,False
2026-08-20,Tarde,7.258599681980282,0,False,False
2026-08-20,Tarde,4.244193147754807,0,False,False
2026-08-20,Tarde,3.0127862988654446,0,False,False
2026-08-20,Tarde,5.447446726588572,1,False,False
2026-08-20,Tarde,5.51184194020832,0,False,False
2026-08-20,Tarde,4.630784678479016,0,False,False
2026-08-20,Tarde,5.565694323057917,0,False,False
2026-08-20,Tarde,9.535746630790452,0,False,False
2026-08-20,Tarde,8.519068332573477,0,False,False
2026-08-20,Tarde,5.17272330202547,0,False,False
2026-08-20,Tarde,5.069481376575625,1,False,False
2026-08-20,Tarde,14.214080232245221,0,False,False
2026-08-20,Tarde,3.6759758316103897,0,False,False
2026-08-20,Tarde,8.426110391941528,0,False,False
2026-08-20,Tarde,5.831548930530771,0,False,False
2026-08-20,Tarde,3.8626854768676684,0,False,False
2026-08-20,Tarde,6.028648271446475,0,False,False
2026-08-20,Tarde,4.59245700874641,0,False,False
2026-08-20,Tarde,3.5301554455888815,0,False,False
2026-08-20,Tarde,6.960398825163021,0,False,False
2026-08-20,Tarde,3.617037975223603,0,False,False
2026-08-20,Tarde,5.265813586427949,0,False,False
2026-08-20,Tarde,8.557376686252233,0,False,False
2026-08-20,Tarde,4.456677067794296,0,False,False
2026-08-20,Tarde,6.930299381053717,0,False,False
2026-08-20,Tarde,5.4716805115369676,0,False,False
2026-08-20,Tarde,6.3451245335149435,0,False,False
2026-08-20,Tarde,5.599156284222996,0,False,False
2026-08-20,Tarde,4.6402807918004605,0,False,False
2026-08-20,Tarde,2.7963505115848744,0,False,False
2026-08-20,Tarde,3.664713560169662,0,False,False
2026-08-20,Noite,8.159283436627778,0,False,False
2026-08-20,Noite,2.5721043833450947,0,False,False
2026-08-20,Noite,2.1334844572420244,0,False,False
2026-08-20,Noite,6.984272842554749,0,False,False
2026-08-20,Noite,4.462039765783248,0,False,False
2026-08-20,Noite,3.321007616917125,0,False,False
2026-08-20,Noite,2.6664186996243413,0,False,False
2026-08-20,Noite,1.307770657791232,0,False,False
2026-08-20,Noite,4.768082269479893,0,False,False
2026-08-20,Noite,1.482150525757117,0,False,False
2026-08-20,Noite,6.7995485407275895,0,False,False
2026-08-20,Noite,1.7308640078786501,0,False,False
2026-08-20,Noite,2.9486633413963044,0,False,False
2026-08-20,Noite,3.351236072614588,0,False,False
2026-08-20,Noite,6.968867341921302,0,False,False
2026-08-20,Noite,3.682838700863813,0,False,False
2026-08-20,Noite,7.576349640620641,0,False,False
2026-08-20,Noite,4.437283042845111,0,False,False
2026-08-20,Noite,6.916841744829035,0,False,False
2026-08-20,Noite,5.7285919995487715,0,False,False
2026-08-20,Noite,2.502440497046451,0,False,False
2026-08-20,Noite,2.387365938416684,0,False,False
2026-08-20,Noite,2.5529403247086226,0,False,False
2026-08-20,Noite,7.8637820993912335,0,False,False
2026-08-20,Noite,8.113292286109798,0,False,False
2026-08-20,Noite,2.0611678411860006,0,False,False
2026-08-20,Noite,10.556917965961068,0,False,False
2026-08-20,Noite,8.126232425783893,0,False,False
2026-08-20,Noite,2.3742429632136535,0,False,False
2026-08-20,Noite,6.451930711476562,0,False,False
2026-08-20,Madrugada,9.185632404945627,0,False,False
2026-08-20,Madrugada,5.544598517634703,0,False,False
2026-08-20,Madrugada,4.886941635186981,0,False,False
2026-08-20,Madrugada,6.05712863254914,0,False,False
2026-08-20,Madrugada,14.856032441331712,0,False,False
2026-08-20,Madrugada,1.909732215392618,0,False,False
2026-08-20,Madrugada,13.291096678185479,0,False,False
2026-08-21,Manhã,3.973459947081614,0,False,False
2026-08-21,Manhã,4.499708804574944,0,False,False
2026-08-21,Manhã,2.3958819363268753,0,False,False
2026-08-21,Manhã,8.144138159183242,0,False,False
2026-08-21,Manhã,4.843502889742076,0,False,False
2026-08-21,Manhã,3.6093868341893853,0,False,False
2026-08-21,Manhã,3.9772088200209383,0,False,False
2026-08-21,Manhã,3.5480790507318063,0,False,False
2026-08-21,Manhã,3.4999607129353834,0,False,False
2026-08-21,Manhã,4.172162330938102,0,False,False
2026-08-21,Manhã,2.7821328910011722,0,False,False
2026-08-21,Manhã,5.496815667513722,0,False,False
2026-08-21,Manhã,6.089612615924173,0,False,False
2026-08-21,Manhã,3.5322910488274526,0,False,False
2026-08-21,Manhã,2.0226990887940115,0,False,False
2026-08-21,Manhã,2.2546555890912843,0,False,False
2026-08-21,Manhã,7.761981896548398,0,False,False
2026-08-21,Manhã,4.285976067343087,0,False,False
2026-08-21,Manhã,4.708027743902148,0,False,False
2026-08-21,Manhã,6.426885082606916,0,False,False
2026-08-21,Manhã,4.247522774227853,1,False,False
2026-08-21,Manhã,4.483534846989596,0,False,False
2026-08-21,Manhã,5.417124720588144,0,False,False
2026-08-21,Manhã,2.6893538004887696,0,False,False
2026-08-21,Manhã,2.975374507969364,0,False,False
2026-08-21,Manhã,4.822017937670533,0,False,False
2026-08-21,Manhã,5.967338182117486,0,False,False
2026-08-21,Manhã,3.423310526515679,0,False,False
2026-08-21,Manhã,2.02129810049159,0,False,False
2026-08-21,Manhã,2.4963288028780184,0,False,False
2026-08-21,Manhã,10.664112554288291,0,False,False
2026-08-21,Manhã,2.3609786752353705,0,False,False
2026-08-21,Manhã,1.7287757007110778,0,False,False
2026-08-21,Manhã,4.458901324541446,0,False,False
2026-08-21,Manhã,2.407593134815357,0,False,False
2026-08-21,Manhã,4.472301755133029,0,False,False
2026-08-21,Manhã,4.336698430493735,0,False,False
2026-08-21,Manhã,2.5608443400267786,0,False,False
2026-08-21,Manhã,2.1612449604350648,0,False,False
2026-08-21,Manhã,4.278354862881004,0,False,False
2026-08-21,Manhã,3.6776642308310574,0,False,False
2026-08-21,Manhã,3.9608341764360735,0,False,False
2026-08-21,Manhã,6.198299250027403,0,False,False
2026-08-21,Manhã,4.04001900201378,0,False,False
2026-08-21,Manhã,3.7811902785513816,0,False,False
2026-08-21,Manhã,2.0114268214045077,0,False,False
2026-08-21,Manhã,3.6671349281480987,0,False,False
2026-08-21,Manhã,1.8865809252559935,0,False,False
2026-08-21,Manhã,3.60801888625778,0,False,False
2026-08-21,Manhã,2.334522094759217,0,False,False
2026-08-21,Manhã,12.29407557444629,0,False,False
2026-08-21,Manhã,7.43622791293416,0,False,False
2026-08-21,Manhã,3.2888327998604545,0,False,False
2026-08-21,Manhã,2.3586124248582037,0,False,False
2026-08-21,Manhã,3.9685674338449313,0,False,False
2026-08-21,Manhã,1.474088831198734,0,False,False
2026-08-21,Manhã,3.995392254125872,0,False,False
2026-08-21,Manhã,4.451193056748075,0,False,False
2026-08-21,Manhã,2.9130205714441133,0,False,False
2026-08-21,Manhã,4.035919591302054,0,False,False
2026-08-21,Manhã,2.333826681498579,1,False,False
2026-08-21,Manhã,3.718917765294321,0,False,False
2026-08-21,Manhã,1.6879403248517626,0,False,False
2026-08-21,Manhã,2.0901415613571186,0,False,False
2026-08-21,Manhã,1.9657049167146383,0,False,False
2026-08-21,Manhã,3.6062746468236964,0,False,False
2026-08-21,Manhã,5.248588516467144,0,False,False
2026-08-21,Manhã,3.059016634339547,1,False,False
2026-08-21,Manhã,1.9730796934336237,0,False,False
2026-08-21,Manhã,2.7645904892574236,0,False,False
2026-08-21,Manhã,3.207008576175167,0,False,False
2026-08-21,Manhã,4.3521654635401825,0,False,False
2026-08-21,Manhã,3.293391794380052,0,False,False
2026-08-21,Tarde,3.005266695674431,0,False,False
2026-08-21,Tarde,9.214818927596118,0,False,False
2026-08-21,Tarde,6.333851652599464,0,False,False
2026-08-21,Tarde,6.686556973114504,0,False,False
2026-08-21,Tarde,3.685697594254378,0,False,False
2026-08-21,Tarde,4.781403702700211,0,False,False
2026-08-21,Tarde,3.906887328354387,0,False,False
2026-08-21,Tarde,3.0224544554346204,0,False,False
2026-08-21,Tarde,16.48202380563719,0,False,False
2026-08-21,Tarde,4.007453292379417,0,False,False
2026-08-21,Tarde,11.822068776621752,1,False,False
2026-08-21,Tarde,9.05279419062187,0,False,False
2026-08-21,Tarde,4.616283666410924,0,False,False
2026-08-21,Tarde,5.481247016051869,0,False,False
2026-08-21,Tarde,3.698473706726747,0,False,False
2026-08-21,Tarde,6.0142255958640645,0,False,False
2026-08-21,Tarde,6.51838665297589,0,False,False
2026-08-21,Tarde,5.469805266338226,0,False,False
2026-08-21,Tarde,8.898897920296376,0,False,False
2026-08-21,Tarde,4.528357037361686,0,False,False
2026-08-21,Tarde,3.0315785948091016,0,False,False
2026-08-21,Tarde,5.679661215497757,1,False,False
2026-08-21,Tarde,9.029614468795604,0,False,False
2026-08-21,Tarde,4.557268285673032,0,False,False
2026-08-21,Tarde,3.2373236276119015,0,False,False
2026-08-21,Tarde,2.689063630495801,0,False,False
2026-08-21,Tarde,3.571699487842838,0,False,False
2026-08-21,Tarde,3.3302563903813023,0,False,False
2026-08-21,Tarde,3.4676733589251167,0,False,False
2026-08-21,Tarde,3.5342120846346865,0,False,False
2026-08-21,Tarde,6.335620366676084,0,False,False
2026-08-21,Tarde,4.192578787992604,0,False,False
2026-08-21,Tarde,11.144239320459244,0,False,False
2026-08-21,Tarde,6.996297800313972,0,False,False
2026-08-21,Tarde,2.11671638361378,0,False,False
2026-08-21,Tarde,3.449862753180901,0,False,False
2026-08-21,Tarde,2.2290257673580487,0,False,False
2026-08-21,Tarde,3.660135289090264,0,False,False
2026-08-21,Tarde,3.9265864540116575,0,False,False
2026-08-21,Tarde,4.536432098138844,0,False,False
2026-08-21,Tarde,5.638620229483997,0,False,False
2026-08-21,Tarde,6.125446156566618,0,False,False
2026-08-21,Tarde,4.167281194029906,0,False,False
2026-08-21,Tarde,2.503499996891152,0,False,False
2026-08-21,Tarde,10.936534022328438,0,False,False
2026-08-21,Tarde,6.2320513296819104,0,False,False
2026-08-21,Tarde,6.336544543668946,0,False,False
2026-08-21,Tarde,5.031957178673945,0,False,False
2026-08-21,Tarde,2.7427555293416357,0,False,False
2026-08-21,Tarde,8.21700195215284,0,False,False
2026-08-21,Tarde,5.431911836398985,0,False,False
2026-08-21,Noite,1.9735837705153054,0,False,False
2026-08-21,Noite,8.638767157605512,0,False,False
2026-08-21,Noite,10.401788893195658,0,False,False
2026-08-21,Noite,3.8379805468683625,0,False,False
2026-08-21,Noite,18.019901097787276,0,False,False
2026-08-21,Noite,6.572805956030342,0,False,False
2026-08-21,Noite,5.694976355132432,0,False,False
2026-08-21,Noite,5.206002679413962,0,False,False
2026-08-21,Noite,7.254784255924285,0,False,False
2026-08-21,Noite,1.1475339244470206,0,False,False
2026-08-21,Noite,2.415264495522705,0,False,False
2026-08-21,Noite,6.893260523469794,0,False,False
2026-08-21,Noite,3.223585189924116,0,False,False
2026-08-21,Noite,4.332097290233158,0,False,False
2026-08-21,Noite,2.3440968077396898,1,False,False
2026-08-21,Noite,3.6454165871092656,0,False,False
2026-08-21,Noite,3.562943507881707,0,False,False
2026-08-21,Noite,8.073370181737214,0,False,False
2026-08-21,Noite,3.2806501244205934,0,False,False
2026-08-21,Noite,4.854374069116442,0,False,False
2026-08-21,Noite,5.119515593661599,0,False,False
2026-08-21,Noite,1.6731687761614953,0,False,False
2026-08-21,Noite,1.7708150547447579,0,False,False
2026-08-21,Noite,2.09080146353617,0,False,False
2026-08-21,Noite,3.2280421651536804,0,False,False
2026-08-21,Noite,5.1229369988492905,0,False,False
2026-08-21,Noite,2.6006081877679263,0,False,False
2026-08-21,Noite,3.3910385781455186,0,False,False
2026-08-21,Noite,2.751455501663885,0,False,False
2026-08-21,Noite,5.84037040350568,0,False,False
2026-08-21,Noite,6.960517164668245,0,False,False
2026-08-21,Noite,2.6685543402049534,0,False,False
2026-08-21,Noite,11.841418902247945,0,False,False
2026-08-21,Noite,3.8878588943684647,0,False,False
2026-08-21,Noite,4.853053410621011,0,False,False
2026-08-21,Noite,7.100521613597309,0,False,False
2026-08-21,Madrugada,3.3471406812786832,0,False,False
2026-08-21,Madrugada,5.328918355776802,0,False,False
2026-08-21,Madrugada,9.900278516383352,0,False,False
2026-08-21,Madrugada,10.478037924952295,0,False,False
2026-08-21,Madrugada,8.174033509930256,0,False,False
2026-08-21,Madrugada,4.999770749187421,0,False,False
2026-08-21,Madrugada,7.725697351213399,0,False,False
2026-08-21,Madrugada,5.2990045423015095,1,False,False
2026-08-21,Madrugada,5.092123637945941,0,False,False
2026-08-21,Madrugada,11.5790853251477,0,False,False
2026-08-21,Madrugada,10.100205264045886,0,False,False
2026-08-21,Madrugada,1.1426479298184973,0,False,False
2026-08-21,Madrugada,25.38800041473377,0,False,False
2026-08-21,Madrugada,4.511828547879483,0,False,False
2026-08-21,Madrugada,14.652064146853926,1,False,False
2026-08-21,Madrugada,4.574073547290961,0,False,False
2026-08-21,Madrugada,11.876736979260414,1,False,False
2026-08-21,Madrugada,8.066060740406833,0,False,False
2026-08-21,Madrugada,6.490130698148437,1,False,False
2026-08-21,Madrugada,1.6597656554663431,0,False,False
2026-08-22,Manhã,6.003051243711361,0,True,False
2026-08-22,Manhã,5.12231944299637,0,True,False
2026-08-22,Manhã,1.528798797511582,0,True,False
2026-08-22,Manhã,2.4330632060364317,0,True,False
2026-08-22,Manhã,1.8876652382982084,0,True,False
2026-08-22,Manhã,2.808483818572702,0,True,False
2026-08-22,Manhã,4.73425292280684,0,True,False
2026-08-22,Manhã,1.8164590803946188,0,True,False
2026-08-22,Manhã,8.025405855486628,0,True,False
2026-08-22,Manhã,2.6389958649947847,0,True,False
2026-08-22,Manhã,3.1309524526631387,0,True,False
2026-08-22,Manhã,3.958720838816111,0,True,False
2026-08-22,Manhã,2.048021910983173,0,True,False
2026-08-22,Manhã,2.9369439138172524,0,True,False
2026-08-22,Manhã,5.961766647528015,0,True,False
2026-08-22,Manhã,2.4944572440148196,0,True,False
2026-08-22,Manhã,3.648249064932616,0,True,False
2026-08-22,Manhã,2.7082545192744223,0,True,False
2026-08-22,Manhã,6.500404833031159,0,True,False
2026-08-22,Manhã,1.9549849900956078,0,True,False
2026-08-22,Manhã,4.445080665096848,0,True,False
2026-08-22,Manhã,2.808277545047499,0,True,False
2026-08-22,Manhã,4.270789814832528,0,True,False
2026-08-22,Manhã,5.44756807955273,0,True,False
2026-08-22,Manhã,4.7994053979158515,0,True,False
2026-08-22,Manhã,2.9827924727723865,0,True,False
2026-08-22,Manhã,3.4373997669486487,0,True,False
2026-08-22,Manhã,2.5817244011689997,0,True,False
2026-08-22,Manhã,1.8261449923491033,0,True,False
2026-08-22,Manhã,1.9965109656689888,0,True,False
2026-08-22,Manhã,4.446740094427747,0,True,False
2026-08-22,Manhã,1.836825558216288,0,True,False
2026-08-22,Manhã,4.728657354770293,0,True,False
2026-08-22,Manhã,2.8810965106778457,0,True,False
2026-08-22,Manhã,3.9432001277658166,0,True,False
2026-08-22,Manhã,2.813234701936806,1,True,False
2026-08-22,Manhã,2.4112500046600878,0,True,False
2026-08-22,Manhã,4.303748215603336,0,True,False
2026-08-22,Manhã,6.042420243014315,0,True,False
2026-08-22,Manhã,2.355396417644419,0,True,False
2026-08-22,Manhã,1.0818992266188212,0,True,False
2026-08-22,Manhã,1.4038498587409056,0,True,False
2026-08-22,Manhã,2.1137005513068594,0,True,False
2026-08-22,Manhã,4.384006184412642,0,True,False
2026-08-22,Manhã,3.1047409054978434,0,True,False
2026-08-22,Manhã,4.250177013519898,0,True,False
2026-08-22,Manhã,2.35660845026004,0,True,False
2026-08-22,Manhã,3.6216912874772906,0,True,False
2026-08-22,Manhã,3.9484977670968275,0,True,False
2026-08-22,Manhã,4.956622477965914,0,True,False
2026-08-22,Manhã,2.31843026292375,0,True,False
2026-08-22,Manhã,4.464851973417723,0,True,False
2026-08-22,Manhã,6.1941486332042786,0,True,False
2026-08-22,Manhã,1.3882905344537064,0,True,False
2026-08-22,Manhã,3.538254165519239,0,True,False
2026-08-22,Manhã,1.719023969737891,0,True,False
2026-08-22,Manhã,4.378267071803532,0,True,False
2026-08-22,Manhã,4.826705247569488,0,True,False
2026-08-22,Tarde,2.7888692506408055,0,True,False
2026-08-22,Tarde,8.747156384977686,0,True,False
2026-08-22,Tarde,2.9081035368916717,0,True,False
2026-08-22,Tarde,3.8785463973045458,0,True,False
2026-08-22,Tarde,2.9702250128907672,0,True,False
2026-08-22,Tarde,7.712867832261962,0,True,False
2026-08-22,Tarde,4.860184830235979,0,True,False
2026-08-22,Tarde,6.3147996119445775,0,True,False
2026-08-22,Tarde,1.5946772546147665,0,True,False
2026-08-22,Tarde,6.591130011120972,0,True,False
2026-08-22,Tarde,6.4745426702442925,0,True,False
2026-08-22,Tarde,5.17471179155341,0,True,False
2026-08-22,Tarde,2.2641291749332093,0,True,False
2026-08-22,Tarde,4.973594703982493,0,True,False
2026-08-22,Tarde,5.500512088966903,0,True,False
2026-08-22,Tarde,8.924724774530043,0,True,False
2026-08-22,Tarde,4.423607157317911,0,True,False
2026-08-22,Tarde,2.9521035827747366,0,True,False
2026-08-22,Tarde,2.5437192792986028,0,True,False
2026-08-22,Tarde,5.93354451826048,0,True,False
2026-08-22,Tarde,8.226343260820693,0,True,False
2026-08-22,Tarde,3.438474054903266,0,True,False
2026-08-22,Tarde,3.0239831428806916,0,True,False
2026-08-22,Tarde,2.5156169048662256,0,True,False
2026-08-22,Tarde,1.5949829453306785,0,True,False
2026-08-22,Tarde,3.5582763628197402,0,True,False
2026-08-22,Tarde,6.008364436624603,0,True,False
2026-08-22,Tarde,4.164096140508441,0,True,False
2026-08-22,Tarde,3.850305946684703,0,True,False
2026-08-22,Tarde,3.5297988462882937,0,True,False
2026-08-22,Tarde,3.4060419354762796,0,True,False
2026-08-22,Tarde,8.679895529187831,0,True,False
2026-08-22,Tarde,5.4791426548212865,0,True,False
2026-08-22,Tarde,2.3293789683984145,0,True,False
2026-08-22,Tarde,7.106760131477159,0,True,False
2026-08-22,Tarde,6.137730286206241,0,True,False
2026-08-22,Tarde,7.20245377561588,0,True,False
2026-08-22,Tarde,9.974673060569527,0,True,False
2026-08-22,Tarde,5.332178138788016,0,True,False
2026-08-22,Tarde,3.5987547180444777,0,True,False
2026-08-22,Tarde,2.989671883849669,0,True,False
2026-08-22,Tarde,13.639914305180653,0,True,False
2026-08-22,Tarde,4.80400336279493,0,True,False
2026-08-22,Tarde,6.214731522288779,0,True,False
2026-08-22,Tarde,2.9608809439430304,0,True,False
2026-08-22,Tarde,2.3507107575880295,0,True,False
2026-08-22,Tarde,8.93810266636766,0,True,False
2026-08-22,Tarde,10.1207787406098,0,True,False
2026-08-22,Noite,3.8274676047053484,0,True,False
2026-08-22,Noite,3.014269691669301,0,True,False
2026-08-22,Noite,2.9999560811644157,0,True,False
2026-08-22,Noite,1.9954879755553103,0,True,False
2026-08-22,Noite,2.6688016636256564,0,True,False
2026-08-22,Noite,2.97706454258378,0,True,False
2026-08-22,Noite,4.497215861338188,0,True,False
2026-08-22,Noite,8.223271635482902,0,True,False
2026-08-22,Noite,4.980034029629441,0,True,False
2026-08-22,Noite,7.421425613709611,0,True,False
2026-08-22,Noite,4.813304181959822,0,True,False
2026-08-22,Noite,13.04267248606213,0,True,False
2026-08-22,Noite,1.917190229965179,0,True,False
2026-08-22,Noite,7.82198884845293,0,True,False
2026-08-22,Noite,3.638463395029431,0,True,False
2026-08-22,Noite,1.9243632989441355,0,True,False
2026-08-22,Noite,12.854401439766326,0,True,False
2026-08-22,Madrugada,2.573656744137537,0,True,False
2026-08-22,Madrugada,6.051451539545299,0,True,False
2026-08-22,Madrugada,3.972031227706707,0,True,False
2026-08-22,Madrugada,3.074092284290594,0,True,False
2026-08-22,Madrugada,19.550404915497065,0,True,False
2026-08-22,Madrugada,7.764400686372747,0,True,False
2026-08-22,Madrugada,14.707445893465872,0,True,False
2026-08-22,Madrugada,5.058617470220521,0,True,False
2026-08-22,Madrugada,11.472086155783309,0,True,False
2026-08-22,Madrugada,4.124444221739521,0,True,False
2026-08-23,Manhã,2.2397642045370287,0,True,False
2026-08-23,Manhã,3.5354426445336338,0,True,False
2026-08-23,Manhã,4.215615684482861,0,True,False
2026-08-23,Manhã,2.763164106101907,0,True,False
2026-08-23,Manhã,9.431045092771553,0,True,False
2026-08-23,Manhã,2.315339239183013,0,True,False
2026-08-23,Manhã,3.6158436614779133,0,True,False
2026-08-23,Manhã,2.5722096679584014,0,True,False
2026-08-23,Manhã,1.7306213142822868,0,True,False
2026-08-23,Manhã,2.556727325251526,0,True,False
2026-08-23,Manhã,2.087313395792656,0,True,False
2026-08-23,Manhã,4.925180818436204,0,True,False
2026-08-23,Manhã,3.547453599359614,0,True,False
2026-08-23,Manhã,1.9826715882295807,0,True,False
2026-08-23,Manhã,4.292153755509591,0,True,False
2026-08-23,Manhã,2.2329104616457265,0,True,False
2026-08-23,Manhã,1.830859168613249,0,True,False
2026-08-23,Manhã,3.0645244032460686,0,True,False
2026-08-23,Manhã,2.6741043913413534,0,True,False
2026-08-23,Manhã,2.4442062850269557,0,True,False
2026-08-23,Manhã,10.491786877695812,0,True,False
2026-08-23,Manhã,3.7955837914508628,0,True,False
2026-08-23,Manhã,1.8129048299807506,0,True,False
2026-08-23,Manhã,3.614458062923076,0,True,False
2026-08-23,Manhã,3.3269853442531625,0,True,False
2026-08-23,Manhã,2.863113127410606,0,True,False
2026-08-23,Manhã,1.2202558522480598,0,True,False
2026-08-23,Manhã,3.104600071125686,0,True,False
2026-08-23,Manhã,6.0887314741186085,0,True,False
2026-08-23,Manhã,2.6121657611228666,0,True,False
2026-08-23,Manhã,4.486958245327662,0,True,False
2026-08-23,Manhã,3.1710217565472507,0,True,False
2026-08-23,Manhã,5.730498864348578,0,True,False
2026-08-23,Manhã,1.7381596204689007,0,True,False
2026-08-23,Manhã,4.584864144964595,0,True,False
2026-08-23,Manhã,4.118900024242664,0,True,False
2026-08-23,Manhã,5.078689290651938,0,True,False
2026-08-23,Manhã,3.3432616819112266,0,True,False
2026-08-23,Manhã,3.413119201571369,0,True,False
2026-08-23,Manhã,9.383547402769825,0,True,False
2026-08-23,Manhã,5.077098673771878,0,True,False
2026-08-23,Manhã,5.716660122093652,0,True,False
2026-08-23,Manhã,5.706393525480797,0,True,False
2026-08-23,Manhã,5.2846947118275205,0,True,False
2026-08-23,Manhã,3.146892373049101,0,True,False
2026-08-23,Manhã,3.6871040817116105,0,True,False
2026-08-23,Manhã,3.348304243997701,0,True,False
2026-08-23,Manhã,1.8701004210169088,0,True,False
2026-08-23,Manhã,1.4567326816566912,0,True,False
2026-08-23,Manhã,4.725316404655939,0,True,False
2026-08-23,Manhã,2.3005711998759226,0,True,False
2026-08-23,Manhã,2.4808134087765072,0,True,False
2026-08-23,Manhã,3.6006709412214453,0,True,False
2026-08-23,Manhã,2.905268889560143,1,True,False
2026-08-23,Manhã,3.3414483888891553,0,True,False
2026-08-23,Manhã,4.387086579744247,0,True,False
2026-08-23,Manhã,1.7400403124077124,0,True,False
2026-08-23,Manhã,2.9768242949631984,0,True,False
2026-08-23,Manhã,2.680344736617015,0,True,False
2026-08-23,Manhã,3.0057179317273914,0,True,False
2026-08-23,Tarde,4.2663606640255995,0,True,False
2026-08-23,Tarde,4.910012651735765,1,True,False
2026-08-23,Tarde,5.819818078825605,0,True,False
2026-08-23,Tarde,9.195061168284019,0,True,False
2026-08-23,Tarde,2.8574587254093653,0,True,False
2026-08-23,Tarde,5.312622144399448,0,True,False
2026-08-23,Tarde,7.032876905002455,0,True,False
2026-08-23,Tarde,6.171732619440169,0,True,False
2026-08-23,Tarde,4.0991340761867825,0,True,False
2026-08-23,Tarde,2.079972611685331,0,True,False
2026-08-23,Tarde,3.323366899729251,0,True,False
2026-08-23,Tarde,7.330349477968345,0,True,False
2026-08-23,Tarde,11.55460280127146,0,True,False
2026-08-23,Tarde,6.4356334216346545,0,True,False
2026-08-23,Tarde,5.543016441504769,0,True,False
2026-08-23,Tarde,6.603910335111528,0,True,False
2026-08-23,Tarde,6.474096199308143,0,True,False
2026-08-23,Tarde,5.63446343820824,0,True,False
2026-08-23,Tarde,4.087998623900173,0,True,False
2026-08-23,Tarde,3.759017518641705,0,True,False
2026-08-23,Tarde,2.940946155120293,0,True,False
2026-08-23,Tarde,3.072243363117549,0,True,False
2026-08-23,Tarde,5.131599198554178,0,True,False
2026-08-23,Tarde,6.2849043607860935,0,True,False
2026-08-23,Tarde,3.3768689677047328,0,True,False
2026-08-23,Tarde,6.153411807439556,0,True,False
2026-08-23,Tarde,4.678879357768736,0,True,False
2026-08-23,Tarde,2.2305085609682536,0,True,False
2026-08-23,Tarde,7.045933647808071,0,True,False
2026-08-23,Tarde,8.953385281519084,0,True,False
2026-08-23,Tarde,6.725481127395093,0,True,False
2026-08-23,Tarde,5.406906810131942,0,True,False
2026-08-23,Tarde,2.728282916554672,0,True,False
2026-08-23,Tarde,7.217928764364314,0,True,False
2026-08-23,Tarde,8.711440337088588,0,True,False
2026-08-23,Tarde,6.557339153078367,0,True,False
2026-08-23,Tarde,4.0157708291285665,0,True,False
2026-08-23,Tarde,3.0365158854541376,0,True,False
2026-08-23,Tarde,4.842923179041944,0,True,False
2026-08-23,Tarde,4.0794546228974635,0,True,False
2026-08-23,Tarde,2.358098394045979,0,True,False
2026-08-23,Tarde,4.408384010066728,0,True,False
2026-08-23,Noite,2.756402359866909,0,True,False
2026-08-23,Noite,3.294524234993794,0,True,False
2026-08-23,Noite,18.277286865583815,0,True,False
2026-08-23,Noite,2.617449790236077,1,True,False
2026-08-23,Noite,4.083785378843658,0,True,False
2026-08-23,Noite,3.197049051861969,0,True,False
2026-08-23,Noite,7.214559038568196,0,True,False
2026-08-23,Noite,10.351247451169865,0,True,False
2026-08-23,Noite,4.5728660959278535,0,True,False
2026-08-23,Noite,2.257183677740056,0,True,False
2026-08-23,Noite,4.01097569166689,0,True,False
2026-08-23,Noite,20.792393331830862,0,True,False
2026-08-23,Noite,3.4085717611483286,0,True,False
2026-08-23,Noite,8.19232245073507,0,True,False
2026-08-23,Noite,4.329038385491907,0,True,False
2026-08-23,Noite,8.511091528461105,0,True,False
2026-08-23,Noite,3.63060122664766,0,True,False
2026-08-23,Noite,2.4928581942238712,0,True,False
2026-08-23,Noite,24.268714076246354,0,True,False
2026-08-23,Noite,5.763906323671566,0,True,False
2026-08-23,Noite,8.327852500919976,0,True,False
2026-08-23,Noite,3.375100768376073,0,True,False
2026-08-23,Noite,3.4210473049257573,1,True,False
2026-08-23,Noite,4.169415353348105,0,True,False
2026-08-23,Noite,2.1287068499353032,0,True,False
2026-08-23,Noite,4.987407179184832,0,True,False
2026-08-23,Noite,2.953619131130866,0,True,False
2026-08-23,Noite,6.046353131790331,0,True,False
2026-08-23,Noite,6.476558328195837,0,True,False
2026-08-23,Madrugada,20.05488118147824,0,True,False
2026-08-23,Madrugada,7.4075375344339935,0,True,False
2026-08-23,Madrugada,5.980453888915622,0,True,False
2026-08-23,Madrugada,18.914664845803784,0,True,False
2026-08-23,Madrugada,14.62833254025162,0,True,False
2026-08-23,Madrugada,9.172101527803497,0,True,False
2026-08-23,Madrugada,3.4915003383139096,0,True,False
2026-08-23,Madrugada,8.510346998413276,0,True,False
2026-08-23,Madrugada,3.3486320624715895,1,True,False
2026-08-23,Madrugada,3.352258990574666,0,True,False
2026-08-23,Madrugada,8.419587946298645,0,True,False
2026-08-23,Madrugada,3.175372055650975,1,True,False
2026-08-23,Madrugada,2.1463957465233765,1,True,False
2026-08-23,Madrugada,2.384566705091358,0,True,False
2026-08-23,Madrugada,8.779485058208941,0,True,False
2026-08-23,Madrugada,5.092275488404959,0,True,False
2026-08-23,Madrugada,9.986039979302104,0,True,False
2026-08-24,Manhã,3.480377864507802,0,False,True
2026-08-24,Manhã,5.211670478956456,0,False,True
2026-08-24,Manhã,2.596305573567669,0,False,True
2026-08-24,Manhã,3.9083502085825392,0,False,True
2026-08-24,Manhã,6.195466075749324,0,False,True
2026-08-24,Manhã,5.4443532440527065,0,False,True
2026-08-24,Manhã,4.455359437875494,0,False,True
2026-08-24,Manhã,2.905629040740333,0,False,True
2026-08-24,Manhã,3.0222655102768066,0,False,True
2026-08-24,Manhã,6.574563893618432,0,False,True
2026-08-24,Manhã,5.487547910917342,0,False,True
2026-08-24,Manhã,3.3975615494253053,0,False,True
2026-08-24,Manhã,4.973160537907896,0,False,True
2026-08-24,Manhã,2.9078549463336274,0,False,True
2026-08-24,Manhã,3.8188746565677247,0,False,True
2026-08-24,Manhã,3.7667660046168043,0,False,True
2026-08-24,Manhã,6.080994992244963,0,False,True
2026-08-24,Manhã,2.5397408439267406,0,False,True
2026-08-24,Manhã,3.8839501081703505,0,False,True
2026-08-24,Manhã,4.009857122756515,0,False,True
2026-08-24,Manhã,6.547959347518974,0,False,True
2026-08-24,Manhã,3.6197080564908135,0,False,True
2026-08-24,Manhã,3.0218196415873027,0,False,True
2026-08-24,Manhã,7.951417316396354,0,False,True
2026-08-24,Manhã,9.135027450688844,0,False,True
2026-08-24,Manhã,6.875857743246627,0,False,True
2026-08-24,Manhã,3.7496395123021506,0,False,True
2026-08-24,Manhã,5.444522416061555,0,False,True
2026-08-24,Manhã,4.116582426695538,0,False,True
2026-08-24,Manhã,9.964781449148113,0,False,True
2026-08-24,Manhã,6.952835866265256,0,False,True
2026-08-24,Manhã,9.146151879976612,0,False,True
2026-08-24,Manhã,3.1330171350092546,0,False,True
2026-08-24,Manhã,2.2055865644515995,0,False,True
2026-08-24,Manhã,10.408698272309321,0,False,True
2026-08-24,Manhã,4.207386618952469,0,False,True
2026-08-24,Manhã,5.100137844414928,0,False,True
2026-08-24,Manhã,12.919559772439568,0,False,True
2026-08-24,Manhã,7.208092055451471,0,False,True
2026-08-24,Manhã,4.492953300163768,0,False,True
2026-08-24,Manhã,4.569602089201664,0,False,True
2026-08-24,Manhã,6.337541055407539,0,False,True
2026-08-24,Manhã,5.6728847659796955,0,False,True
2026-08-24,Manhã,10.879675487651042,0,False,True
2026-08-24,Manhã,3.5906637550391025,0,False,True
2026-08-24,Manhã,3.801495578797398,1,False,True
2026-08-24,Manhã,1.8257086515968193,0,False,True
2026-08-24,Manhã,2.50245403684814,0,False,True
2026-08-24,Manhã,3.4411499351133754,0,False,True
2026-08-24,Manhã,3.525875119283682,0,False,True
2026-08-24,Manhã,4.16921969937898,0,False,True
2026-08-24,Manhã,3.2686504041012783,0,False,True
2026-08-24,Manhã,8.365427679292397,0,False,True
2026-08-24,Manhã,4.552586374868395,0,False,True
2026-08-24,Manhã,2.7339938494196403,0,False,True
2026-08-24,Manhã,4.476241369807621,0,False,True
2026-08-24,Manhã,4.77701721637053,0,False,True
2026-08-24,Manhã,3.611411463653449,0,False,True
2026-08-24,Manhã,6.322258728933411,0,False,True
2026-08-24,Manhã,4.281417652017775,0,False,True
2026-08-24,Manhã,4.140952697640689,0,False,True
2026-08-24,Manhã,4.29417091730029,0,False,True
2026-08-24,Manhã,4.221151848803509,0,False,True
2026-08-24,Manhã,8.501880249858742,0,False,True
2026-08-24,Manhã,8.493634347130504,0,False,True
2026-08-24,Manhã,3.7517830881941867,0,False,True
2026-08-24,Manhã,3.1185806345349865,0,False,True
2026-08-24,Manhã,3.1621319943363027,0,False,True
2026-08-24,Manhã,14.480411514069436,0,False,True
2026-08-24,Manhã,4.731826055381614,0,False,True
2026-08-24,Manhã,3.9247542391473735,0,False,True
2026-08-24,Manhã,6.430564927401353,0,False,True
2026-08-24,Manhã,7.587556338161057,0,False,True
2026-08-24,Manhã,3.1476436922469526,0,False,True
2026-08-24,Manhã,4.06502636126302,0,False,True
2026-08-24,Manhã,3.9114117774449473,0,False,True
2026-08-24,Manhã,5.790698045708013,1,False,True
2026-08-24,Manhã,7.206120270460493,0,False,True
2026-08-24,Manhã,1.6288793371156318,0,False,True
2026-08-24,Manhã,3.996113787373606,0,False,True
2026-08-24,Manhã,3.180433588532655,0,False,True
2026-08-24,Manhã,5.4722994627439085,0,False,True
2026-08-24,Manhã,3.682948176977818,0,False,True
2026-08-24,Manhã,4.936677880916272,0,False,True
2026-08-24,Manhã,3.5211094627247554,0,False,True
2026-08-24,Manhã,1.9755198851967228,0,False,True
2026-08-24,Manhã,3.939064057022945,0,False,True
2026-08-24,Manhã,5.397383356431098,0,False,True
2026-08-24,Manhã,5.623861495777919,0,False,True
2026-08-24,Tarde,6.262477550433676,0,False,True
2026-08-24,Tarde,7.88962234683026,0,False,True
2026-08-24,Tarde,8.035844026443831,0,False,True
2026-08-24,Tarde,7.97765334934355,0,False,True
2026-08-24,Tarde,18.295196041920416,0,False,True
2026-08-24,Tarde,6.637748178028292,0,False,True
2026-08-24,Tarde,4.650939413181949,0,False,True
2026-08-24,Tarde,7.638114173866186,0,False,True
2026-08-24,Tarde,10.450854835731054,0,False,True
2026-08-24,Tarde,5.326775761962911,0,False,True
2026-08-24,Tarde,5.223329654633427,0,False,True
2026-08-24,Tarde,6.207659159299119,0,False,True
2026-08-24,Tarde,5.4493132667273905,0,False,True
2026-08-24,Tarde,4.902325298277807,0,False,True
2026-08-24,Tarde,11.64222094830469,0,False,True
2026-08-24,Tarde,6.144100807047244,0,False,True
2026-08-24,Tarde,10.355423711631294,0,False,True
2026-08-24,Tarde,8.653042271042937,0,False,True
2026-08-24,Tarde,2.973775472415803,0,False,True
2026-08-24,Tarde,5.855400325765333,0,False,True
2026-08-24,Tarde,5.258019635977668,0,False,True
2026-08-24,Tarde,7.1021727223775395,0,False,True
2026-08-24,Tarde,5.248771363461311,0,False,True
2026-08-24,Tarde,7.741171695367511,0,False,True
2026-08-24,Tarde,3.666885779760739,0,False,True
2026-08-24,Tarde,4.935363555379476,0,False,True
2026-08-24,Tarde,4.9508355155408745,0,False,True
2026-08-24,Tarde,3.8817825215968664,0,False,True
2026-08-24,Tarde,5.946592610539613,0,False,True
2026-08-24,Tarde,5.426409120762162,0,False,True
2026-08-24,Tarde,4.473032448340016,0,False,True
2026-08-24,Tarde,6.006113729520373,0,False,True
2026-08-24,Tarde,5.878752265267297,0,False,True
2026-08-24,Tarde,11.354768783061983,1,False,True
2026-08-24,Tarde,4.08267192142894,0,False,True
2026-08-24,Tarde,6.797610841105728,0,False,True
2026-08-24,Tarde,3.0491105509834946,0,False,True
2026-08-24,Tarde,5.164245911101615,0,False,True
2026-08-24,Tarde,9.057622986446415,0,False,True
2026-08-24,Tarde,24.563232750536855,0,False,True
2026-08-24,Tarde,4.122723235484596,0,False,True
2026-08-24,Tarde,4.287894130307272,0,False,True
2026-08-24,Tarde,11.092618064320767,0,False,True
2026-08-24,Tarde,8.362066220665849,0,False,True
2026-08-24,Tarde,3.2866179542774017,0,False,True
2026-08-24,Tarde,4.973964267068765,0,False,True
2026-08-24,Tarde,6.953252412222017,0,False,True
2026-08-24,Tarde,6.859172084779699,0,False,True
2026-08-24,Tarde,6.308866812664657,0,False,True
2026-08-24,Tarde,2.5611168520060303,0,False,True
2026-08-24,Tarde,10.573879251137932,0,False,True
2026-08-24,Tarde,3.514066488088287,0,False,True
2026-08-24,Tarde,12.97155911569109,0,False,True
2026-08-24,Tarde,7.799045214254976,0,False,True
2026-08-24,Tarde,8.900136645335653,0,False,True
2026-08-24,Tarde,7.231260736938708,0,False,True
2026-08-24,Tarde,9.857200770914625,0,False,True
2026-08-24,Tarde,7.052747201528386,0,False,True
2026-08-24,Tarde,8.682207485331764,1,False,True
2026-08-24,Tarde,7.51493348221247,0,False,True
2026-08-24,Tarde,3.223920187651468,0,False,True
2026-08-24,Tarde,11.393595746999301,0,False,True
2026-08-24,Tarde,9.10971089274048,0,False,True
2026-08-24,Tarde,3.1312288084438182,1,False,True
2026-08-24,Tarde,18.38966313238446,0,False,True
2026-08-24,Tarde,7.947868550760465,0,False,True
2026-08-24,Tarde,6.767812153492934,0,False,True
2026-08-24,Tarde,3.9205317276083713,0,False,True
2026-08-24,Tarde,3.8674450017598954,0,False,True
2026-08-24,Tarde,5.608342008683404,0,False,True
2026-08-24,Noite,5.4216618754957375,0,False,True
2026-08-24,Noite,7.7220560798189535,0,False,True
2026-08-24,Noite,9.127880748220235,0,False,True
2026-08-24,Noite,5.70657920202345,0,False,True
2026-08-24,Noite,4.118134430115255,1,False,True
2026-08-24,Noite,6.538514731359552,0,False,True
2026-08-24,Noite,4.850834748339652,0,False,True
2026-08-24,Noite,4.450709738510573,0,False,True
2026-08-24,Noite,4.349818343747288,0,False,True
2026-08-24,Noite,10.501395112941262,0,False,True
2026-08-24,Noite,2.086919927846497,0,False,True
2026-08-24,Noite,15.020671469804062,0,False,True
2026-08-24,Noite,2.305996783515178,0,False,True
2026-08-24,Noite,7.364965017484934,0,False,True
2026-08-24,Noite,9.681660841640127,0,False,True
2026-08-24,Noite,2.2695322147852344,0,False,True
2026-08-24,Noite,10.236972556888613,0,False,True
2026-08-24,Noite,7.131159360960395,0,False,True
2026-08-24,Noite,2.709347263298491,0,False,True
2026-08-24,Noite,1.5604570987714153,0,False,True
2026-08-24,Noite,4.130387957099134,0,False,True
2026-08-24,Noite,15.631934248881073,0,False,True
2026-08-24,Noite,10.390343244347552,0,False,True
2026-08-24,Noite,6.957672755704221,0,False,True
2026-08-24,Noite,4.652261731133478,0,False,True
2026-08-24,Noite,4.330941812886877,0,False,True
2026-08-24,Noite,9.683001516110409,0,False,True
2026-08-24,Noite,6.896047392723689,0,False,True
2026-08-24,Madrugada,4.488724949473054,1,False,True
2026-08-24,Madrugada,6.350150931407721,0,False,True
2026-08-24,Madrugada,6.401552600659713,0,False,True
2026-08-24,Madrugada,5.794213083188166,0,False,True
2026-08-24,Madrugada,10.969806531287883,0,False,True
2026-08-24,Madrugada,7.641611357202217,0,False,True
2026-08-24,Madrugada,19.101659916111707,0,False,True
2026-08-24,Madrugada,11.943790651214481,0,False,True
2026-08-24,Madrugada,15.821576958777976,0,False,True
2026-08-24,Madrugada,5.425099737571311,0,False,True
2026-08-24,Madrugada,11.258296657439889,0,False,True
2026-08-24,Madrugada,7.780454029888202,0,False,True
2026-08-25,Manhã,3.7533373339202254,0,False,False
2026-08-25,Manhã,2.0724224497366883,0,False,False
2026-08-25,Manhã,4.066106987121449,0,False,False
2026-08-25,Manhã,5.30476452120988,1,False,False
2026-08-25,Manhã,5.090076765548411,0,False,False
2026-08-25,Manhã,4.592262470954036,0,False,False
2026-08-25,Manhã,5.157294792921413,0,False,False
2026-08-25,Manhã,6.177890642914358,0,False,False
2026-08-25,Manhã,4.9932923337912465,0,False,False
2026-08-25,Manhã,2.330727420103463,0,False,False
2026-08-25,Manhã,5.607434359653081,0,False,False
2026-08-25,Manhã,5.6660868035006375,0,False,False
2026-08-25,Manhã,2.005768394642871,0,False,False
2026-08-25,Manhã,9.70352919121369,0,False,False
2026-08-25,Manhã,1.5509830465236896,0,False,False
2026-08-25,Manhã,8.573568292667366,0,False,False
2026-08-25,Manhã,2.189001531427069,0,False,False
2026-08-25,Manhã,2.122539672233125,0,False,False
2026-08-25,Manhã,7.181469395252042,0,False,False
2026-08-25,Manhã,3.259065134005621,0,False,False
2026-08-25,Manhã,1.7473913019601135,0,False,False
2026-08-25,Manhã,4.277752288029989,0,False,False
2026-08-25,Manhã,6.570377390571424,0,False,False
2026-08-25,Manhã,7.830597311472471,0,False,False
2026-08-25,Manhã,5.779968682521415,0,False,False
2026-08-25,Manhã,6.812539854086469,0,False,False
2026-08-25,Manhã,4.506580153968465,0,False,False
2026-08-25,Manhã,4.147461575407042,0,False,False
2026-08-25,Manhã,2.3567581618976097,0,False,False
2026-08-25,Manhã,3.0736061049387104,0,False,False
2026-08-25,Manhã,4.243147553689753,0,False,False
2026-08-25,Manhã,4.6606844204902735,0,False,False
2026-08-25,Manhã,5.216494194837046,0,False,False
2026-08-25,Manhã,4.72098733342196,1,False,False
2026-08-25,Manhã,2.178058871035469,0,False,False
2026-08-25,Manhã,2.059856890515865,0,False,False
2026-08-25,Manhã,2.7598858685824172,0,False,False
2026-08-25,Manhã,8.475636891388099,0,False,False
2026-08-25,Manhã,2.1983125219958906,0,False,False
2026-08-25,Manhã,9.73624551811176,0,False,False
2026-08-25,Manhã,4.498795203431774,0,False,False
2026-08-25,Manhã,10.64318575773579,0,False,False
2026-08-25,Manhã,2.872896951626758,0,False,False
2026-08-25,Manhã,3.033418597536132,0,False,False
2026-08-25,Manhã,6.21087494704369,0,False,False
2026-08-25,Manhã,4.33665476520288,0,False,False
2026-08-25,Manhã,5.550809856695412,0,False,False
2026-08-25,Manhã,5.472708514731104,0,False,False
2026-08-25,Manhã,7.075742521661164,0,False,False
2026-08-25,Manhã,4.390212527486694,0,False,False
2026-08-25,Manhã,1.9795664555677754,0,False,False
2026-08-25,Manhã,3.291519074642339,0,False,False
2026-08-25,Manhã,6.021254751707675,0,False,False
2026-08-25,Manhã,2.1520382150711934,0,False,False
2026-08-25,Manhã,2.6196809964716903,0,False,False
2026-08-25,Manhã,6.73575643586944,0,False,False
2026-08-25,Manhã,1.8883224559672003,0,False,False
2026-08-25,Manhã,2.260957370103025,0,False,False
2026-08-25,Manhã,2.2427499246240026,0,False,False
2026-08-25,Manhã,9.444941962854697,0,False,False
2026-08-25,Manhã,3.3782696268932244,0,False,False
2026-08-25,Manhã,7.626055612392966,0,False,False
2026-08-25,Manhã,3.1267271106813492,0,False,False
2026-08-25,Manhã,6.0394199323718345,0,False,False
2026-08-25,Manhã,3.3208362638027995,0,False,False
2026-08-25,Manhã,1.9992075575067372,0,False,False
2026-08-25,Manhã,3.191192697056412,0,False,False
2026-08-25,Manhã,4.6814584765553136,0,False,False
2026-08-25,Manhã,1.7885358388540677,0,False,False
2026-08-25,Manhã,5.411688876209856,0,False,False
2026-08-25,Manhã,3.821537972044193,0,False,False
2026-08-25,Manhã,2.1792018897399643,0,False,False
2026-08-25,Manhã,4.61808459104854,0,False,False
2026-08-25,Manhã,5.140613755780937,0,False,False
2026-08-25,Manhã,4.546183388170934,0,False,False
2026-08-25,Manhã,9.285298026598538,1,False,False
2026-08-25,Manhã,6.5928705244820645,0,False,False
2026-08-25,Manhã,3.390201612204809,0,False,False
2026-08-25,Manhã,2.768802469867237,0,False,False
2026-08-25,Manhã,2.341940301746576,0,False,False
2026-08-25,Tarde,7.497375052932413,0,False,False
2026-08-25,Tarde,3.0407344712270663,0,False,False
2026-08-25,Tarde,3.0080551802122666,0,False,False
2026-08-25,Tarde,1.090171302538085,0,False,False
2026-08-25,Tarde,5.56694182359525,0,False,False
2026-08-25,Tarde,4.708806170232526,0,False,False
2026-08-25,Tarde,6.247178654972423,0,False,False
2026-08-25,Tarde,3.9388147001188187,0,False,False
2026-08-25,Tarde,2.4010553195598066,0,False,False
2026-08-25,Tarde,2.3604401844772287,0,False,False
2026-08-25,Tarde,4.019820663933427,0,False,False
2026-08-25,Tarde,2.5495069519163516,0,False,False
2026-08-25,Tarde,2.3901913210652386,0,False,False
2026-08-25,Tarde,6.2548934727768355,0,False,False
2026-08-25,Tarde,3.908384624611692,0,False,False
2026-08-25,Tarde,1.7366422761319524,0,False,False
2026-08-25,Tarde,7.73378490226024,0,False,False
2026-08-25,Tarde,2.0562943448778754,0,False,False
2026-08-25,Tarde,5.5345497460021615,0,False,False
2026-08-25,Tarde,3.127197758512306,0,False,False
2026-08-25,Tarde,5.016592054652783,0,False,False
2026-08-25,Tarde,12.388738985703988,0,False,False
2026-08-25,Tarde,6.5678295393012025,0,False,False
2026-08-25,Tarde,5.299599503055281,0,False,False
2026-08-25,Tarde,3.558061899680421,0,False,False
2026-08-25,Tarde,7.2132100238201975,0,False,False
2026-08-25,Tarde,2.5297771778010656,0,False,False
2026-08-25,Tarde,2.639888357076261,0,False,False
2026-08-25,Tarde,6.356456310590255,0,False,False
2026-08-25,Tarde,4.865961453544113,0,False,False
2026-08-25,Tarde,6.017453534915794,0,False,False
2026-08-25,Tarde,6.119615425323507,0,False,False
2026-08-25,Tarde,3.7207506670909605,0,False,False
2026-08-25,Tarde,9.727728189592327,0,False,False
2026-08-25,Tarde,5.584520783262962,0,False,False
2026-08-25,Tarde,8.6212477144205,0,False,False
2026-08-25,Tarde,1.7421057123307213,0,False,False
2026-08-25,Tarde,3.6731000258926727,0,False,False
2026-08-25,Tarde,2.971082169044527,0,False,False
2026-08-25,Tarde,5.968252455095887,0,False,False
2026-08-25,Tarde,12.097214047619477,0,False,False
2026-08-25,Tarde,2.298764187948345,0,False,False
2026-08-25,Tarde,8.168380563917994,0,False,False
2026-08-25,Tarde,7.378765366672994,0,False,False
2026-08-25,Tarde,2.375025363254794,0,False,False
2026-08-25,Tarde,2.7170839536649103,0,False,False
2026-08-25,Tarde,3.578286830443377,0,False,False
2026-08-25,Tarde,2.592285738914897,0,False,False
2026-08-25,Tarde,5.540743160486152,0,False,False
2026-08-25,Tarde,3.754439295656461,0,False,False
2026-08-25,Tarde,5.088387684421336,0,False,False
2026-08-25,Tarde,4.7385650031638376,0,False,False
2026-08-25,Tarde,6.085394851539354,0,False,False
2026-08-25,Tarde,2.412345176979155,0,False,False
2026-08-25,Tarde,3.419279383636496,0,False,False
2026-08-25,Tarde,5.221304987832853,0,False,False
2026-08-25,Tarde,4.443626061157508,0,False,False
2026-08-25,Tarde,3.181136425012975,0,False,False
2026-08-25,Tarde,5.956126820913643,0,False,False
2026-08-25,Noite,7.13498822542979,0,False,False
2026-08-25,Noite,10.391647890971374,0,False,False
2026-08-25,Noite,9.639783145860154,0,False,False
2026-08-25,Noite,5.1952799161208105,1,False,False
2026-08-25,Noite,5.368196446177417,0,False,False
2026-08-25,Noite,1.4727452387940347,0,False,False
2026-08-25,Noite,2.079203780959742,0,False,False
2026-08-25,Noite,3.8382614712435084,0,False,False
2026-08-25,Noite,2.36463456577245,0,False,False
2026-08-25,Noite,3.2524779702928988,0,False,False
2026-08-25,Noite,2.8768731123077056,1,False,False
2026-08-25,Noite,5.118729202408097,0,False,False
2026-08-25,Noite,5.904518006186222,0,False,False
2026-08-25,Noite,2.3080363792318974,0,False,False
2026-08-25,Noite,4.370965038925612,0,False,False
2026-08-25,Noite,1.4820885957173207,0,False,False
2026-08-25,Noite,3.742124351087518,0,False,False
2026-08-25,Noite,5.239135093215303,0,False,False
2026-08-25,Noite,7.457760381070495,0,False,False
2026-08-25,Noite,5.219741700245367,0,False,False
2026-08-25,Noite,4.431294508156418,0,False,False
2026-08-25,Noite,4.292268403963165,0,False,False
2026-08-25,Noite,1.7221063782387396,0,False,False
2026-08-25,Noite,4.250779397637385,0,False,False
2026-08-25,Noite,8.091945363919912,0,False,False
2026-08-25,Noite,11.030364529166661,0,False,False
2026-08-25,Noite,6.61928882133234,0,False,False
2026-08-25,Noite,5.103750620038214,0,False,False
2026-08-25,Noite,6.631921943496864,0,False,False
2026-08-25,Noite,5.469348866525361,0,False,False
2026-08-25,Noite,7.7364629466762596,0,False,False
2026-08-25,Noite,2.6289602459187464,0,False,False
2026-08-25,Noite,2.53746930791445,0,False,False
2026-08-25,Noite,7.367270725151551,0,False,False
2026-08-25,Noite,1.728101950954152,0,False,False
2026-08-25,Noite,3.435844005487008,0,False,False
2026-08-25,Noite,3.6529309530922105,0,False,False
2026-08-25,Madrugada,5.31378558460166,0,False,False
2026-08-25,Madrugada,2.7777729633430037,0,False,False
2026-08-25,Madrugada,12.031051116104518,0,False,False
2026-08-25,Madrugada,6.836783844675004,0,False,False
2026-08-25,Madrugada,6.613180079697779,0,False,False
2026-08-25,Madrugada,49.295281125377976,0,False,False
2026-08-25,Madrugada,1.4218297412962924,0,False,False
2026-08-26,Manhã,4.02081020974759,0,False,False
2026-08-26,Manhã,4.612268727598151,0,False,False
2026-08-26,Manhã,3.8938965708853024,0,False,False
2026-08-26,Manhã,5.634879905853818,0,False,False
2026-08-26,Manhã,4.192681957478538,0,False,False
2026-08-26,Manhã,2.683845674428974,0,False,False
2026-08-26,Manhã,2.642127161954838,0,False,False
2026-08-26,Manhã,2.828603856183771,0,False,False
2026-08-26,Manhã,3.6746206624844215,0,False,False
2026-08-26,Manhã,3.4316249443836386,0,False,False
2026-08-26,Manhã,3.931197541186466,0,False,False
2026-08-26,Manhã,2.7039307904114276,0,False,False
2026-08-26,Manhã,2.9045376531247387,0,False,False
2026-08-26,Manhã,2.2947029918327755,0,False,False
2026-08-26,Manhã,3.4185234580199366,0,False,False
2026-08-26,Manhã,3.7574014592291314,0,False,False
2026-08-26,Manhã,7.034391100773468,0,False,False
2026-08-26,Manhã,4.102706151164448,0,False,False
2026-08-26,Manhã,3.8030090473378997,0,False,False
2026-08-26,Manhã,3.6629564359133036,0,False,False
2026-08-26,Manhã,3.3870970130202345,0,False,False
2026-08-26,Manhã,4.240889997340875,0,False,False
2026-08-26,Manhã,2.568212149789924,0,False,False
2026-08-26,Manhã,4.712242166112012,0,False,False
2026-08-26,Manhã,3.8941051297564737,0,False,False
2026-08-26,Manhã,5.614955475690891,0,False,False
2026-08-26,Manhã,4.516728965165327,0,False,False
2026-08-26,Manhã,6.391263624431334,0,False,False
2026-08-26,Manhã,1.340003332269482,0,False,False
2026-08-26,Manhã,5.173783480494837,0,False,False
2026-08-26,Manhã,2.1458222439181536,0,False,False
2026-08-26,Manhã,5.039161444282765,0,False,False
2026-08-26,Manhã,2.471885788723277,0,False,False
2026-08-26,Manhã,4.079309036358836,0,False,False
2026-08-26,Manhã,4.016682098230886,0,False,False
2026-08-26,Manhã,3.1669395232705795,0,False,False
2026-08-26,Manhã,2.293259411189262,0,False,False
2026-08-26,Manhã,2.009030718190782,0,False,False
2026-08-26,Manhã,3.1189974342608795,0,False,False
2026-08-26,Manhã,2.2260035013924013,0,False,False
2026-08-26,Manhã,4.121146432498166,0,False,False
2026-08-26,Manhã,3.3787048805119624,0,False,False
2026-08-26,Manhã,2.1945179394607046,0,False,False
2026-08-26,Manhã,3.6066169409210325,0,False,False
2026-08-26,Manhã,3.4153026755997424,0,False,False
2026-08-26,Manhã,4.133713674315895,0,False,False
2026-08-26,Manhã,2.4681171340960524,0,False,False
2026-08-26,Manhã,2.3328233845533903,0,False,False
2026-08-26,Manhã,2.8880816160681566,0,False,False
2026-08-26,Manhã,3.6760783517360665,0,False,False
2026-08-26,Manhã,4.234526187788452,0,False,False
2026-08-26,Manhã,6.213880082501603,0,False,False
2026-08-26,Manhã,3.5136136884002123,0,False,False
2026-08-26,Manhã,2.753446262756908,0,False,False
2026-08-26,Manhã,2.482024295648582,0,False,False
2026-08-26,Manhã,2.347732814649998,0,False,False
2026-08-26,Manhã,3.7326376026008865,0,False,False
2026-08-26,Manhã,3.029603828239108,0,False,False
2026-08-26,Manhã,2.77352194364169,0,False,False
2026-08-26,Manhã,2.179294294496602,0,False,False
2026-08-26,Manhã,4.735966111646036,0,False,False
2026-08-26,Manhã,3.5414812570890395,0,False,False
2026-08-26,Manhã,4.290229836003546,0,False,False
2026-08-26,Manhã,4.695403472777111,0,False,False
2026-08-26,Manhã,1.8778792009890868,0,False,False
2026-08-26,Manhã,1.5039816697962065,0,False,False
2026-08-26,Manhã,1.6491576320467307,0,False,False
2026-08-26,Manhã,2.6567055438131137,0,False,False
2026-08-26,Manhã,2.91827838125555,0,False,False
2026-08-26,Manhã,2.8882841673388846,0,False,False
2026-08-26,Manhã,3.5561371858625437,0,False,False
2026-08-26,Manhã,2.365608749189677,0,False,False
2026-08-26,Manhã,2.6301281355260415,0,False,False
2026-08-26,Manhã,6.988806239469888,0,False,False
2026-08-26,Tarde,4.183716191570498,0,False,False
2026-08-26,Tarde,2.7211344794375236,0,False,False
2026-08-26,Tarde,5.214049337359878,0,False,False
2026-08-26,Tarde,14.124917980275969,0,False,False
2026-08-26,Tarde,9.283079160953246,0,False,False
2026-08-26,Tarde,6.5859423751004185,0,False,False
2026-08-26,Tarde,1.8133628947705103,0,False,False
2026-08-26,Tarde,7.531824236314775,0,False,False
2026-08-26,Tarde,3.8981300136747734,0,False,False
2026-08-26,Tarde,2.8503862127133703,0,False,False
2026-08-26,Tarde,8.405641209644804,0,False,False
2026-08-26,Tarde,3.4935392762339776,0,False,False
2026-08-26,Tarde,2.1098148025017114,0,False,False
2026-08-26,Tarde,2.9917113212074344,0,False,False
2026-08-26,Tarde,7.1755073470847455,0,False,False
2026-08-26,Tarde,8.995668468786395,0,False,False
2026-08-26,Tarde,15.036820156009743,0,False,False
2026-08-26,Tarde,4.6841200428309335,0,False,False
2026-08-26,Tarde,3.189265461658606,0,False,False
2026-08-26,Tarde,2.77536588558905,0,False,False
2026-08-26,Tarde,2.5454548620994837,0,False,False
2026-08-26,Tarde,4.800045089355462,0,False,False
2026-08-26,Tarde,4.820036616337658,0,False,False
2026-08-26,Tarde,5.151190099230221,0,False,False
2026-08-26,Tarde,5.60929441768578,0,False,False
2026-08-26,Tarde,1.8742812330461356,0,False,False
2026-08-26,Tarde,4.467723462012636,0,False,False
2026-08-26,Tarde,3.7898529411861595,0,False,False
2026-08-26,Tarde,8.323136260743642,0,False,False
2026-08-26,Tarde,4.15676315807463,0,False,False
2026-08-26,Tarde,9.7465916916043,0,False,False
2026-08-26,Tarde,5.096812044918761,0,False,False
2026-08-26,Tarde,3.7463205147244802,0,False,False
2026-08-26,Tarde,4.52446146404645,0,False,False
2026-08-26,Tarde,3.758752026882678,0,False,False
2026-08-26,Tarde,4.672799518230692,0,False,False
2026-08-26,Tarde,2.5907034450695816,0,False,False
2026-08-26,Tarde,1.7592213297217232,0,False,False
2026-08-26,Tarde,4.525464124557354,0,False,False
2026-08-26,Tarde,3.893881021310122,0,False,False
2026-08-26,Tarde,8.557864319311179,0,False,False
2026-08-26,Tarde,10.393366012373813,0,False,False
2026-08-26,Tarde,2.8962422842829474,0,False,False
2026-08-26,Tarde,1.8571936299580512,0,False,False
2026-08-26,Tarde,4.9881174425709505,0,False,False
2026-08-26,Tarde,3.7627276662734173,0,False,False
2026-08-26,Tarde,1.6363811462298785,0,False,False
2026-08-26,Tarde,5.231219420350584,0,False,False
2026-08-26,Tarde,12.424883829827278,0,False,False
2026-08-26,Tarde,7.7102349046544,0,False,False
2026-08-26,Tarde,4.619949303762295,0,False,False
2026-08-26,Noite,4.174213505444885,0,False,False
2026-08-26,Noite,1.9237395057546294,0,False,False
2026-08-26,Noite,6.705612501650972,0,False,False
2026-08-26,Noite,5.001622394444642,0,False,False
2026-08-26,Noite,5.0420080795318345,0,False,False
2026-08-26,Noite,2.3253052288988227,0,False,False
2026-08-26,Noite,6.004111936309768,0,False,False
2026-08-26,Noite,2.9654785127276226,0,False,False
2026-08-26,Noite,3.526726744283721,0,False,False
2026-08-26,Noite,2.3291976072917158,0,False,False
2026-08-26,Noite,2.0856711437200834,0,False,False
2026-08-26,Noite,8.468344078485341,0,False,False
2026-08-26,Noite,2.7407908438870194,0,False,False
2026-08-26,Noite,6.523185895587367,0,False,False
2026-08-26,Noite,2.6162712883955432,0,False,False
2026-08-26,Noite,5.038304992314573,0,False,False
2026-08-26,Noite,1.297092245892667,0,False,False
2026-08-26,Noite,5.479157916504467,0,False,False
2026-08-26,Noite,5.80894321950474,0,False,False
2026-08-26,Noite,3.2235387583400867,0,False,False
2026-08-26,Noite,6.82069894439642,0,False,False
2026-08-26,Noite,4.452523472187391,0,False,False
2026-08-26,Noite,3.5488821076264045,0,False,False
2026-08-26,Noite,5.480869727176042,0,False,False
2026-08-26,Noite,3.63086351439539,0,False,False
2026-08-26,Noite,4.427370851934377,0,False,False
2026-08-26,Noite,1.141879292868469,0,False,False
2026-08-26,Noite,9.375160656356748,0,False,False
2026-08-26,Noite,7.14646681824089,0,False,False
2026-08-26,Noite,2.351157301398367,0,False,False
2026-08-26,Noite,5.736048850804513,0,False,False
2026-08-26,Noite,2.601687985027486,0,False,False
2026-08-26,Noite,8.12838565075803,0,False,False
2026-08-26,Noite,2.5940518983996768,0,False,False
2026-08-26,Noite,3.7201157858449267,0,False,False
2026-08-26,Noite,2.278542402959302,0,False,False
2026-08-26,Madrugada,4.96384858467281,0,False,False
2026-08-26,Madrugada,2.825148127681954,0,False,False
2026-08-26,Madrugada,7.367970519043397,0,False,False
2026-08-26,Madrugada,3.1414357362473297,0,False,False
2026-08-26,Madrugada,6.110136147597477,1,False,False
2026-08-26,Madrugada,9.596511319680241,0,False,False
2026-08-26,Madrugada,2.2454881764494052,0,False,False
2026-08-27,Manhã,1.6637685914413916,0,False,False
2026-08-27,Manhã,3.44694057756415,0,False,False
2026-08-27,Manhã,6.6096830026321856,0,False,False
2026-08-27,Manhã,1.0066672239520278,0,False,False
2026-08-27,Manhã,3.6870666532143717,1,False,False
2026-08-27,Manhã,3.7248417341393703,0,False,False
2026-08-27,Manhã,5.825021009291072,0,False,False
2026-08-27,Manhã,3.477106480092329,0,False,False
2026-08-27,Manhã,3.082052021035623,0,False,False
2026-08-27,Manhã,4.227739686081483,0,False,False
2026-08-27,Manhã,5.9258130629184285,0,False,False
2026-08-27,Manhã,4.81892131384482,0,False,False
2026-08-27,Manhã,4.290511154149779,0,False,False
2026-08-27,Manhã,2.2726316113122516,0,False,False
2026-08-27,Manhã,4.702065724509465,0,False,False
2026-08-27,Manhã,5.081735301476814,0,False,False
2026-08-27,Manhã,8.434790119991996,0,False,False
2026-08-27,Manhã,8.243169717556189,0,False,False
2026-08-27,Manhã,3.716506808076808,0,False,False
2026-08-27,Manhã,4.411172291941055,0,False,False
2026-08-27,Manhã,5.465341933126376,0,False,False
2026-08-27,Manhã,3.9186225861693,0,False,False
2026-08-27,Manhã,2.5341539177205545,0,False,False
2026-08-27,Manhã,6.100378451329259,0,False,False
2026-08-27,Manhã,9.417556319271561,0,False,False
2026-08-27,Manhã,5.147100515483435,0,False,False
2026-08-27,Manhã,2.427335823690061,0,False,False
2026-08-27,Manhã,2.1789016989310643,0,False,False
2026-08-27,Manhã,4.831344504395963,0,False,False
2026-08-27,Manhã,3.407074674966549,0,False,False
2026-08-27,Manhã,4.234992531443227,0,False,False
2026-08-27,Manhã,6.488201258734539,0,False,False
2026-08-27,Manhã,5.120033552573609,0,False,False
2026-08-27,Manhã,3.538510710691783,0,False,False
2026-08-27,Manhã,7.1151541213558325,0,False,False
2026-08-27,Manhã,3.300605882432263,0,False,False
2026-08-27,Manhã,5.8811621964624266,0,False,False
2026-08-27,Manhã,3.9541935548340024,0,False,False
2026-08-27,Manhã,6.346090251702666,0,False,False
2026-08-27,Manhã,2.596964710253764,0,False,False
2026-08-27,Manhã,4.7329170309570605,0,False,False
2026-08-27,Manhã,3.147426070470839,0,False,False
2026-08-27,Manhã,6.277496980858827,0,False,False
2026-08-27,Manhã,1.8585812244619624,0,False,False
2026-08-27,Manhã,2.6954532095879173,0,False,False
2026-08-27,Manhã,3.974177665617622,0,False,False
2026-08-27,Manhã,4.425640655425417,0,False,False
2026-08-27,Manhã,5.522614119594016,0,False,False
2026-08-27,Manhã,3.253119824513637,0,False,False
2026-08-27,Manhã,6.565192895906286,0,False,False
2026-08-27,Manhã,5.025747443630926,0,False,False
2026-08-27,Manhã,3.97838089059521,0,False,False
2026-08-27,Manhã,4.476922543968108,0,False,False
2026-08-27,Manhã,5.821969988459446,0,False,False
2026-08-27,Manhã,3.060026732900404,0,False,False
2026-08-27,Manhã,7.157598936750608,0,False,False
2026-08-27,Manhã,9.313931008190734,0,False,False
2026-08-27,Manhã,2.66087443745664,0,False,False
2026-08-27,Manhã,2.4535197080636513,0,False,False
2026-08-27,Manhã,5.140527186187798,0,False,False
2026-08-27,Manhã,5.127902755866855,0,False,False
2026-08-27,Manhã,4.650133033526832,0,False,False
2026-08-27,Manhã,10.105046857667466,0,False,False
2026-08-27,Manhã,8.355483179925224,0,False,False
2026-08-27,Manhã,2.338459562964498,0,False,False
2026-08-27,Manhã,7.33279855754689,0,False,False
2026-08-27,Manhã,1.9620852073426658,0,False,False
2026-08-27,Manhã,2.9532900874713675,0,False,False
2026-08-27,Manhã,2.6072332376796017,0,False,False
2026-08-27,Manhã,6.498217435003285,0,False,False
2026-08-27,Manhã,2.7688949306006916,0,False,False
2026-08-27,Manhã,3.889173713976648,0,False,False
2026-08-27,Manhã,3.6029867388090744,0,False,False
2026-08-27,Manhã,6.958971928515084,0,False,False
2026-08-27,Manhã,5.677042731426752,0,False,False
2026-08-27,Manhã,3.857850561716106,1,False,False
2026-08-27,Manhã,4.256088950892278,0,False,False
2026-08-27,Manhã,6.6703393019079105,0,False,False
2026-08-27,Tarde,3.727582936385515,0,False,False
2026-08-27,Tarde,7.210937612960572,0,False,False
2026-08-27,Tarde,9.162962426678243,0,False,False
2026-08-27,Tarde,5.231850128799386,1,False,False
2026-08-27,Tarde,4.6488097446799275,0,False,False
2026-08-27,Tarde,2.523897937695693,1,False,False
2026-08-27,Tarde,3.4430377243072834,0,False,False
2026-08-27,Tarde,9.14346759203235,0,False,False
2026-08-27,Tarde,8.676694266935762,0,False,False
2026-08-27,Tarde,3.726497419331606,0,False,False
2026-08-27,Tarde,2.9806631143951843,0,False,False
2026-08-27,Tarde,3.2913971037260548,0,False,False
2026-08-27,Tarde,7.950293498027242,0,False,False
2026-08-27,Tarde,11.137529632661135,0,False,False
2026-08-27,Tarde,5.387574865484431,0,False,False
2026-08-27,Tarde,7.4123823757747624,0,False,False
2026-08-27,Tarde,2.218938079838134,1,False,False
2026-08-27,Tarde,4.066669022213848,0,False,False
2026-08-27,Tarde,2.9647926456170226,0,False,False
2026-08-27,Tarde,9.622767824538258,0,False,False
2026-08-27,Tarde,10.552690619760158,0,False,False
2026-08-27,Tarde,3.632157143501342,0,False,False
2026-08-27,Tarde,5.375138279091646,0,False,False
2026-08-27,Tarde,7.7951948724207885,0,False,False
2026-08-27,Tarde,3.697316629035126,0,False,False
2026-08-27,Tarde,3.7890564160751476,0,False,False
2026-08-27,Tarde,10.835627117115411,0,False,False
2026-08-27,Tarde,8.32344547134688,0,False,False
2026-08-27,Tarde,9.41353835246047,0,False,False
2026-08-27,Tarde,15.013622560928113,0,False,False
2026-08-27,Tarde,3.53520242725105,0,False,False
2026-08-27,Tarde,1.2955961631375614,0,False,False
2026-08-27,Tarde,4.217204467185163,0,False,False
2026-08-27,Tarde,6.993626097816249,0,False,False
2026-08-27,Tarde,4.131484118330691,0,False,False
2026-08-27,Tarde,4.0761765545532205,0,False,False
2026-08-27,Tarde,8.870841240251668,0,False,False
2026-08-27,Tarde,6.075201404820758,0,False,False
2026-08-27,Noite,10.023423717331278,0,False,False
2026-08-27,Noite,6.286820149239083,0,False,False
2026-08-27,Noite,5.591819133695026,0,False,False
2026-08-27,Noite,3.674751824806174,0,False,False
2026-08-27,Noite,4.063545358929966,0,False,False
2026-08-27,Noite,7.359525876535761,0,False,False
2026-08-27,Noite,7.546769332768021,0,False,False
2026-08-27,Noite,2.7357120913283035,0,False,False
2026-08-27,Noite,5.436134633787937,0,False,False
2026-08-27,Noite,3.0074548030597397,0,False,False
2026-08-27,Noite,3.4508992264325418,0,False,False
2026-08-27,Noite,7.320125010255282,0,False,False
2026-08-27,Noite,8.768268135746466,0,False,False
2026-08-27,Noite,2.6310505788675744,0,False,False
2026-08-27,Noite,6.0541342433052705,0,False,False
2026-08-27,Noite,6.44711147785307,0,False,False
2026-08-27,Noite,3.9509476341379157,0,False,False
2026-08-27,Noite,7.6817224725438695,0,False,False
2026-08-27,Noite,5.848316240308514,0,False,False
2026-08-27,Noite,2.672754373666884,0,False,False
2026-08-27,Noite,8.152828128961675,0,False,False
2026-08-27,Noite,4.26914397764711,0,False,False
2026-08-27,Noite,8.542695668345905,0,False,False
2026-08-27,Noite,3.320535545459317,0,False,False
2026-08-27,Madrugada,5.960552015446458,0,False,False
2026-08-27,Madrugada,6.278627612579654,0,False,False
2026-08-27,Madrugada,16.898525475506915,0,False,False
2026-08-27,Madrugada,8.66272532813055,1,False,False
2026-08-27,Madrugada,2.810245459012915,0,False,False
2026-08-27,Madrugada,6.046147508189941,0,False,False
2026-08-27,Madrugada,7.622852394397775,0,False,False
2026-08-27,Madrugada,3.4675012329301613,0,False,False
2026-08-27,Madrugada,6.678647972422429,0,False,False
2026-08-27,Madrugada,9.977591842255569,1,False,False
2026-08-27,Madrugada,6.273547767414154,0,False,False
2026-08-27,Madrugada,6.519938278505327,0,False,False
2026-08-27,Madrugada,8.980046881662036,1,False,False
2026-08-27,Madrugada,7.766060673149834,0,False,False
2026-08-27,Madrugada,7.813844888569099,0,False,False
2026-08-27,Madrugada,6.75796055235082,0,False,False
2026-08-27,Madrugada,6.397991542084086,0,False,False
2026-08-27,Madrugada,15.187835695690655,0,False,False
2026-08-28,Manhã,2.9365594812374125,0,False,False
2026-08-28,Manhã,1.9705154489097645,0,False,False
2026-08-28,Manhã,10.191452545624518,0,False,False
2026-08-28,Manhã,2.3441442798596523,0,False,False
2026-08-28,Manhã,3.4498536290257436,0,False,False
2026-08-28,Manhã,5.599478787012529,0,False,False
2026-08-28,Manhã,3.3662794140475194,0,False,False
2026-08-28,Manhã,4.9204358214801305,0,False,False
2026-08-28,Manhã,4.507867994054619,0,False,False
2026-08-28,Manhã,5.100135314614194,0,False,False
2026-08-28,Manhã,11.835934882226885,0,False,False
2026-08-28,Manhã,4.979721548204282,0,False,False
2026-08-28,Manhã,2.133431621889688,0,False,False
2026-08-28,Manhã,5.520458179502322,1,False,False
2026-08-28,Manhã,2.2256908107030595,0,False,False
2026-08-28,Manhã,3.0984598572281494,0,False,False
2026-08-28,Manhã,4.952136342479594,0,False,False
2026-08-28,Manhã,3.2613743812592095,0,False,False
2026-08-28,Manhã,7.310077347146101,0,False,False
2026-08-28,Manhã,4.093102589286106,0,False,False
2026-08-28,Manhã,6.128502013492003,0,False,False
2026-08-28,Manhã,4.289975545421623,0,False,False
2026-08-28,Manhã,6.723335127984156,0,False,False
2026-08-28,Manhã,4.999410520792208,0,False,False
2026-08-28,Manhã,5.501533697664143,0,False,False
2026-08-28,Manhã,3.574371798893473,0,False,False
2026-08-28,Manhã,2.0677301559077677,0,False,False
2026-08-28,Manhã,2.4809306836603637,0,False,False
2026-08-28,Manhã,4.039921542600063,0,False,False
2026-08-28,Manhã,11.077516414047786,0,False,False
2026-08-28,Manhã,3.150179091388611,1,False,False
2026-08-28,Manhã,4.605575795527668,0,False,False
2026-08-28,Manhã,2.835382552451388,0,False,False
2026-08-28,Manhã,6.495888786684924,0,False,False
2026-08-28,Manhã,3.4537460531513524,0,False,False
2026-08-28,Manhã,2.8090551597595237,0,False,False
2026-08-28,Manhã,8.011130485881694,0,False,False
2026-08-28,Manhã,9.550439222738301,0,False,False
2026-08-28,Manhã,3.3815341660209257,0,False,False
2026-08-28,Manhã,2.8419468394626657,0,False,False
2026-08-28,Manhã,3.259569346317361,0,False,False
2026-08-28,Manhã,6.70994837424129,0,False,False
2026-08-28,Manhã,7.981417750626973,0,False,False
2026-08-28,Manhã,2.9144433355515975,0,False,False
2026-08-28,Manhã,13.749875347104602,0,False,False
2026-08-28,Manhã,6.588375160095494,0,False,False
2026-08-28,Manhã,7.72456847498535,0,False,False
2026-08-28,Manhã,6.88913550591036,0,False,False
2026-08-28,Manhã,10.423424226946436,0,False,False
2026-08-28,Manhã,4.799102607888719,0,False,False
2026-08-28,Manhã,3.7105677058201936,0,False,False
2026-08-28,Manhã,5.898740727027639,0,False,False
2026-08-28,Manhã,4.974778436852068,0,False,False
2026-08-28,Manhã,2.8283190741517363,0,False,False
2026-08-28,Manhã,2.809992645949427,0,False,False
2026-08-28,Manhã,3.668451625078377,0,False,False
2026-08-28,Manhã,2.206632607310027,0,False,False
2026-08-28,Manhã,4.72196150029488,0,False,False
2026-08-28,Manhã,3.3428484105958565,0,False,False
2026-08-28,Manhã,4.616188708679212,0,False,False
2026-08-28,Manhã,16.861218879111934,0,False,False
2026-08-28,Manhã,8.56868837591887,0,False,False
2026-08-28,Manhã,4.768770170456291,0,False,False
2026-08-28,Manhã,5.604464681289376,0,False,False
2026-08-28,Manhã,2.989887179407529,0,False,False
2026-08-28,Manhã,3.9746976538904177,0,False,False
2026-08-28,Manhã,4.177731290823799,0,False,False
2026-08-28,Manhã,3.820239752607859,0,False,False
2026-08-28,Manhã,5.297290633036325,0,False,False
2026-08-28,Manhã,2.499585232052599,0,False,False
2026-08-28,Manhã,5.66961114111888,0,False,False
2026-08-28,Tarde,4.838196447365797,0,False,False
2026-08-28,Tarde,6.77957494978553,0,False,False
2026-08-28,Tarde,8.74672964968919,0,False,False
2026-08-28,Tarde,6.806759456831012,0,False,False
2026-08-28,Tarde,5.0099221450340226,0,False,False
2026-08-28,Tarde,3.388828092038019,0,False,False
2026-08-28,Tarde,3.451989662028638,0,False,False
2026-08-28,Tarde,6.387028589426056,0,False,False
2026-08-28,Tarde,5.880725409451549,0,False,False
2026-08-28,Tarde,4.472719914548333,0,False,False
2026-08-28,Tarde,6.921034981074405,0,False,False
2026-08-28,Tarde,7.390375508107867,0,False,False
2026-08-28,Tarde,9.314513168119632,0,False,False
2026-08-28,Tarde,3.7547447365605904,0,False,False
2026-08-28,Tarde,5.4999720479943575,0,False,False
2026-08-28,Tarde,11.782144141094427,0,False,False
2026-08-28,Tarde,3.017713837657906,0,False,False
2026-08-28,Tarde,2.4024496791415735,0,False,False
2026-08-28,Tarde,10.781705996942298,0,False,False
2026-08-28,Tarde,1.4598249981653988,0,False,False
2026-08-28,Tarde,4.927789567798358,0,False,False
2026-08-28,Tarde,2.5688611510191044,0,False,False
2026-08-28,Tarde,1.9379279127426234,0,False,False
2026-08-28,Tarde,2.7847525779063234,0,False,False
2026-08-28,Tarde,2.1828002910109485,0,False,False
2026-08-28,Tarde,8.253414854663738,0,False,False
2026-08-28,Tarde,8.133765516661722,0,False,False
2026-08-28,Tarde,2.7789270964623345,1,False,False
2026-08-28,Tarde,5.354756969407451,0,False,False
2026-08-28,Tarde,9.135568305982712,0,False,False
2026-08-28,Tarde,4.589701636028234,0,False,False
2026-08-28,Tarde,9.175041938599339,1,False,False
2026-08-28,Tarde,6.555429741644865,0,False,False
2026-08-28,Tarde,6.815841672914876,0,False,False
2026-08-28,Tarde,3.4320524181683862,0,False,False
2026-08-28,Tarde,3.2186528675839967,0,False,False
2026-08-28,Tarde,4.257813580957608,0,False,False
2026-08-28,Tarde,2.8108758531008715,0,False,False
2026-08-28,Tarde,7.117243188072888,0,False,False
2026-08-28,Tarde,3.4831970800012204,0,False,False
2026-08-28,Tarde,6.8926223891818434,0,False,False
2026-08-28,Tarde,4.837396854057025,0,False,False
2026-08-28,Tarde,2.5755782384909165,0,False,False
2026-08-28,Tarde,6.245141946774389,0,False,False
2026-08-28,Tarde,9.344819382142349,0,False,False
2026-08-28,Tarde,3.7507543908663252,0,False,False
2026-08-28,Tarde,7.302698820751431,0,False,False
2026-08-28,Tarde,14.922645382070552,0,False,False
2026-08-28,Tarde,2.8361925004338824,0,False,False
2026-08-28,Tarde,3.683854854433314,0,False,False
2026-08-28,Tarde,4.832408368177786,0,False,False
2026-08-28,Tarde,6.0021399014202945,0,False,False
2026-08-28,Tarde,4.076316808034224,0,False,False
2026-08-28,Tarde,4.947330040686696,0,False,False
2026-08-28,Tarde,10.115959180192293,0,False,False
2026-08-28,Tarde,5.975673487085129,0,False,False
2026-08-28,Tarde,3.8875691040012046,0,False,False
2026-08-28,Tarde,7.561175478140652,0,False,False
2026-08-28,Tarde,4.751363352540717,0,False,False
2026-08-28,Tarde,6.742948124968673,0,False,False
2026-08-28,Tarde,9.887215587968612,0,False,False
2026-08-28,Tarde,8.587765054980395,0,False,False
2026-08-28,Tarde,4.391255209554661,0,False,False
2026-08-28,Tarde,9.591941001171843,0,False,False
2026-08-28,Tarde,11.79825032897571,0,False,False
2026-08-28,Tarde,4.073661989237998,0,False,False
2026-08-28,Tarde,4.662098991952448,0,False,False
2026-08-28,Tarde,2.48874104777351,0,False,False
2026-08-28,Tarde,8.407744290536417,0,False,False
2026-08-28,Tarde,13.1395775324818,0,False,False
2026-08-28,Tarde,8.20871086509046,0,False,False
2026-08-28,Tarde,3.1518532355055724,0,False,False
2026-08-28,Tarde,7.008820948505907,0,False,False
2026-08-28,Noite,9.592622233416355,0,False,False
2026-08-28,Noite,2.5884852726580796,0,False,False
2026-08-28,Noite,2.258733755071213,0,False,False
2026-08-28,Noite,8.341745827020214,0,False,False
2026-08-28,Noite,2.1698597527794306,0,False,False
2026-08-28,Noite,4.047572744119325,0,False,False
2026-08-28,Noite,5.748147875389461,0,False,False
2026-08-28,Noite,5.83599912727903,0,False,False
2026-08-28,Noite,3.960280781722771,0,False,False
2026-08-28,Noite,3.1573961495211003,0,False,False
2026-08-28,Noite,12.222120669325557,0,False,False
2026-08-28,Noite,3.583872813640801,0,False,False
2026-08-28,Noite,3.433485358935532,0,False,False
2026-08-28,Noite,5.356041022261675,0,False,False
2026-08-28,Noite,4.693393303096787,0,False,False
2026-08-28,Noite,3.3236784612501173,0,False,False
2026-08-28,Noite,3.2902848208181537,0,False,False
2026-08-28,Noite,4.437350522490163,0,False,False
2026-08-28,Noite,15.499991525767287,0,False,False
2026-08-28,Noite,5.559716468241707,0,False,False
2026-08-28,Noite,3.57906523248255,0,False,False
2026-08-28,Noite,7.943125863155385,0,False,False
2026-08-28,Noite,3.590172541732942,0,False,False
2026-08-28,Noite,10.734487361054558,0,False,False
2026-08-28,Noite,3.5444310402115398,0,False,False
2026-08-28,Noite,4.128245242471905,0,False,False
2026-08-28,Noite,2.3595519296644265,0,False,False
2026-08-28,Noite,8.245730477115243,0,False,False
2026-08-28,Noite,14.20348464960176,0,False,False
2026-08-28,Noite,2.6052487105761215,0,False,False
2026-08-28,Noite,3.2409008340551213,0,False,False
2026-08-28,Noite,5.075583764823661,0,False,False
2026-08-28,Noite,6.623456974466381,0,False,False
2026-08-28,Madrugada,2.3048739018764497,0,False,False
2026-08-28,Madrugada,6.112494935588332,0,False,False
2026-08-28,Madrugada,7.120169372372435,0,False,False
2026-08-28,Madrugada,8.216861250553364,0,False,False
2026-08-28,Madrugada,16.87487768100492,0,False,False
2026-08-28,Madrugada,2.233986319432706,0,False,False
2026-08-28,Madrugada,6.251357953075525,0,False,False
2026-08-28,Madrugada,6.381566904380475,1,False,False
2026-08-28,Madrugada,2.753072692084916,1,False,False
2026-08-28,Madrugada,11.005371440454637,0,False,False
2026-08-28,Madrugada,17.27987949593618,0,False,False
2026-08-28,Madrugada,5.283947777485814,0,False,False
2026-08-28,Madrugada,5.442682516608091,0,False,False
2026-08-28,Madrugada,12.473325006373402,0,False,False
2026-08-28,Madrugada,4.010967602832996,0,False,False
2026-08-28,Madrugada,12.943850537650576,0,False,False
2026-08-28,Madrugada,4.8089679134187095,0,False,False
2026-08-28,Madrugada,3.179525039661349,0,False,False
2026-08-28,Madrugada,11.37537564503372,0,False,False
2026-08-28,Madrugada,10.93108094933209,0,False,False
2026-08-28,Madrugada,3.6514860619205853,0,False,False
2026-08-28,Madrugada,9.366965813028006,0,False,False
2026-08-28,Madrugada,9.996445393203254,0,False,False
2026-08-28,Madrugada,8.216759632914876,0,False,False
2026-08-29,Manhã,4.397772895245326,0,True,False
2026-08-29,Manhã,3.4378078796611145,0,True,False
2026-08-29,Manhã,1.7190756188599048,0,True,False
2026-08-29,Manhã,2.3985977814051873,0,True,False
2026-08-29,Manhã,1.5335768320317051,0,True,False
2026-08-29,Manhã,1.5267352734627444,0,True,False
2026-08-29,Manhã,5.5628951609579405,0,True,False
2026-08-29,Manhã,8.712108817481468,0,True,False
2026-08-29,Manhã,9.089573544472556,0,True,False
2026-08-29,Manhã,2.3201718048465794,0,True,False
2026-08-29,Manhã,2.1303062095356036,0,True,False
2026-08-29,Manhã,2.1057375611839526,0,True,False
2026-08-29,Manhã,6.729265895798359,0,True,False
2026-08-29,Manhã,2.2805302657540163,0,True,False
2026-08-29,Manhã,1.6197927113864614,0,True,False
2026-08-29,Manhã,1.9723235939342916,0,True,False
2026-08-29,Manhã,3.8050949905003577,0,True,False
2026-08-29,Manhã,3.6136172470509114,0,True,False
2026-08-29,Manhã,2.25135124969385,0,True,False
2026-08-29,Manhã,3.635360977907509,0,True,False
2026-08-29,Manhã,1.1717731308463017,0,True,False
2026-08-29,Manhã,3.5798202155036507,0,True,False
2026-08-29,Manhã,4.596039904878853,0,True,False
2026-08-29,Manhã,3.7350165689456567,0,True,False
2026-08-29,Manhã,3.5946591915327835,0,True,False
2026-08-29,Manhã,3.1075883451113757,0,True,False
2026-08-29,Manhã,7.664869725411144,0,True,False
2026-08-29,Manhã,2.2827724828850493,0,True,False
2026-08-29,Manhã,1.683214024155283,0,True,False
2026-08-29,Manhã,4.020627418364476,0,True,False
2026-08-29,Manhã,2.654850137791233,0,True,False
2026-08-29,Manhã,2.852054596031861,0,True,False
2026-08-29,Manhã,2.1011307483637034,0,True,False
2026-08-29,Manhã,3.042032367066391,0,True,False
2026-08-29,Manhã,3.2590823140507674,0,True,False
2026-08-29,Manhã,2.900561905745326,0,True,False
2026-08-29,Manhã,1.734035102230393,0,True,False
2026-08-29,Manhã,2.2311805906247937,0,True,False
2026-08-29,Manhã,4.766377948777182,1,True,False
2026-08-29,Manhã,3.2634328075721104,0,True,False
2026-08-29,Manhã,2.488353344409811,0,True,False
2026-08-29,Manhã,1.9299559555680137,0,True,False
2026-08-29,Manhã,5.278065015673023,0,True,False
2026-08-29,Manhã,2.398031632759779,0,True,False
2026-08-29,Manhã,2.313324643349713,0,True,False
2026-08-29,Manhã,3.3093132353899635,0,True,False
2026-08-29,Manhã,2.5446637347316177,0,True,False
2026-08-29,Manhã,2.682379717359341,0,True,False
2026-08-29,Manhã,4.8710269916930615,0,True,False
2026-08-29,Manhã,3.1707484317894843,1,True,False
2026-08-29,Tarde,6.971348137261604,0,True,False
2026-08-29,Tarde,10.08913215812111,0,True,False
2026-08-29,Tarde,3.764668834598595,0,True,False
2026-08-29,Tarde,5.648067825869268,0,True,False
2026-08-29,Tarde,7.380880352550192,0,True,False
2026-08-29,Tarde,3.5468393425618427,0,True,False
2026-08-29,Tarde,4.553952729303006,0,True,False
2026-08-29,Tarde,7.707614682846277,0,True,False
2026-08-29,Tarde,3.370606641390034,0,True,False
2026-08-29,Tarde,8.148245693725967,0,True,False
2026-08-29,Tarde,5.204034971552254,0,True,False
2026-08-29,Tarde,5.525682981774972,0,True,False
2026-08-29,Tarde,6.684976942434846,0,True,False
2026-08-29,Tarde,8.700676240295437,0,True,False
2026-08-29,Tarde,17.76716070953967,0,True,False
2026-08-29,Tarde,10.15452762616729,0,True,False
2026-08-29,Tarde,5.079262794979269,0,True,False
2026-08-29,Tarde,6.212008480336411,0,True,False
2026-08-29,Tarde,3.461758952325206,0,True,False
2026-08-29,Tarde,3.797424291797667,0,True,False
2026-08-29,Tarde,7.332623587999328,0,True,False
2026-08-29,Tarde,10.343965149595483,0,True,False
2026-08-29,Tarde,5.186872941608322,0,True,False
2026-08-29,Tarde,4.364098504261968,0,True,False
2026-08-29,Tarde,12.795150531140846,0,True,False
2026-08-29,Tarde,4.6341093700731175,0,True,False
2026-08-29,Tarde,2.7881862669437454,0,True,False
2026-08-29,Tarde,4.635163026493447,0,True,False
2026-08-29,Tarde,4.404401789502503,0,True,False
2026-08-29,Tarde,6.315573979616684,0,True,False
2026-08-29,Tarde,2.578947181045759,0,True,False
2026-08-29,Tarde,7.351865144572886,0,True,False
2026-08-29,Tarde,5.007977382620392,0,True,False
2026-08-29,Tarde,2.675555540082729,0,True,False
2026-08-29,Tarde,9.391164966118918,0,True,False
2026-08-29,Tarde,8.415542347929382,1,True,False
2026-08-29,Tarde,5.980496502870622,0,True,False
2026-08-29,Tarde,5.432447188450259,0,True,False
2026-08-29,Tarde,2.8738927070781437,0,True,False
2026-08-29,Tarde,1.3748423542549033,0,True,False
2026-08-29,Tarde,5.7508746770400485,0,True,False
2026-08-29,Tarde,12.79759715246291,0,True,False
2026-08-29,Tarde,5.7046180483620095,0,True,False
2026-08-29,Tarde,10.779627768968084,0,True,False
2026-08-29,Tarde,6.095766890744346,0,True,False
2026-08-29,Tarde,5.076817474889665,1,True,False
2026-08-29,Tarde,2.6217094262239486,0,True,False
2026-08-29,Tarde,5.260673899134743,0,True,False
2026-08-29,Tarde,2.9970719509603043,0,True,False
2026-08-29,Noite,5.72319697020721,0,True,False
2026-08-29,Noite,7.030679861354459,0,True,False
2026-08-29,Noite,8.044359089167632,0,True,False
2026-08-29,Noite,3.0798872373432706,0,True,False
2026-08-29,Noite,4.763423245486403,0,True,False
2026-08-29,Noite,7.012562065316045,0,True,False
2026-08-29,Noite,4.430433772045909,0,True,False
2026-08-29,Noite,3.0455445635852123,0,True,False
2026-08-29,Noite,1.0806072905437387,0,True,False
2026-08-29,Noite,1.6705284352887653,0,True,False
2026-08-29,Noite,5.31436335284465,0,True,False
2026-08-29,Noite,3.842625015765615,0,True,False
2026-08-29,Noite,7.815812220811235,0,True,False
2026-08-29,Noite,1.2823657902204135,0,True,False
2026-08-29,Noite,4.505614372734341,0,True,False
2026-08-29,Noite,6.0817727727691295,0,True,False
2026-08-29,Noite,11.468464401096323,0,True,False
2026-08-29,Noite,5.80561750908724,0,True,False
2026-08-29,Noite,5.684740108314295,0,True,False
2026-08-29,Noite,8.636725021089372,0,True,False
2026-08-29,Noite,1.8807011016341588,0,True,False
2026-08-29,Noite,4.369349303398149,0,True,False
2026-08-29,Noite,2.8061530722242516,0,True,False
2026-08-29,Noite,4.914219220065785,0,True,False
2026-08-29,Madrugada,8.708715620582316,0,True,False
2026-08-29,Madrugada,16.644227793173023,0,True,False
2026-08-29,Madrugada,5.218016167046788,0,True,False
2026-08-29,Madrugada,5.574250435300382,0,True,False
2026-08-29,Madrugada,4.533368483147976,0,True,False
2026-08-29,Madrugada,23.66976521380844,0,True,False
2026-08-29,Madrugada,7.709647601221126,0,True,False
2026-08-29,Madrugada,10.777644477071663,0,True,False
2026-08-29,Madrugada,6.35769857509708,0,True,False
2026-08-30,Manhã,2.1373122253682766,0,True,False
2026-08-30,Manhã,2.058375953669542,0,True,False
2026-08-30,Manhã,2.672471457504639,0,True,False
2026-08-30,Manhã,4.089326154876914,0,True,False
2026-08-30,Manhã,6.14436524091815,0,True,False
2026-08-30,Manhã,4.798273465342521,0,True,False
2026-08-30,Manhã,2.988018416854964,0,True,False
2026-08-30,Manhã,2.5478940219481356,0,True,False
2026-08-30,Manhã,2.9906268393927715,0,True,False
2026-08-30,Manhã,8.70876693584832,0,True,False
2026-08-30,Manhã,6.539727457938086,0,True,False
2026-08-30,Manhã,2.7941629514816,0,True,False
2026-08-30,Manhã,1.7436088238673633,0,True,False
2026-08-30,Manhã,6.15991248305104,0,True,False
2026-08-30,Manhã,3.677449828282072,0,True,False
2026-08-30,Manhã,4.6446355791005685,0,True,False
2026-08-30,Manhã,2.392074114987576,0,True,False
2026-08-30,Manhã,9.914810438281693,0,True,False
2026-08-30,Manhã,5.941265082849935,0,True,False
2026-08-30,Manhã,1.4952583946767932,0,True,False
2026-08-30,Manhã,1.8793035136773895,0,True,False
2026-08-30,Manhã,3.9416188495067255,0,True,False
2026-08-30,Manhã,3.7457293610841944,0,True,False
2026-08-30,Manhã,2.6293344911467242,0,True,False
2026-08-30,Manhã,2.976387297298178,0,True,False
2026-08-30,Manhã,6.745774631724986,0,True,False
2026-08-30,Manhã,3.945676741859246,0,True,False
2026-08-30,Manhã,2.4291619705290564,1,True,False
2026-08-30,Manhã,2.3463142071967544,0,True,False
2026-08-30,Manhã,2.167885986215194,0,True,False
2026-08-30,Manhã,2.0985939557037083,0,True,False
2026-08-30,Manhã,2.466206081361569,0,True,False
2026-08-30,Manhã,4.065066925529316,0,True,False
2026-08-30,Manhã,5.204474607530983,0,True,False
2026-08-30,Manhã,1.759804313189406,0,True,False
2026-08-30,Manhã,3.6850732109198026,0,True,False
2026-08-30,Manhã,4.4622275519544585,0,True,False
2026-08-30,Manhã,5.426808032433768,0,True,False
2026-08-30,Manhã,3.6809179648469557,0,True,False
2026-08-30,Manhã,2.5523983006300877,0,True,False
2026-08-30,Manhã,4.036042840704863,0,True,False
2026-08-30,Manhã,6.824070975798316,0,True,False
2026-08-30,Manhã,2.988213463319908,0,True,False
2026-08-30,Manhã,4.427989378264473,0,True,False
2026-08-30,Manhã,2.2581048272127062,0,True,False
2026-08-30,Manhã,5.290963142972111,0,True,False
2026-08-30,Manhã,8.62854038154265,0,True,False
2026-08-30,Manhã,1.4747165221110232,0,True,False
2026-08-30,Manhã,7.625636680709517,0,True,False
2026-08-30,Manhã,6.116953137703729,0,True,False
2026-08-30,Manhã,2.7866871297371603,0,True,False
2026-08-30,Manhã,4.847848750496304,0,True,False
2026-08-30,Manhã,2.850086281555705,0,True,False
2026-08-30,Manhã,2.7884474595453446,0,True,False
2026-08-30,Manhã,3.3927290787193853,0,True,False
2026-08-30,Tarde,3.57725912168904,0,True,False
2026-08-30,Tarde,2.9659301562003977,0,True,False
2026-08-30,Tarde,14.23136786436633,0,True,False
2026-08-30,Tarde,7.046040472066168,0,True,False
2026-08-30,Tarde,2.7246712693273856,0,True,False
2026-08-30,Tarde,6.401185729303625,1,True,False
2026-08-30,Tarde,4.6087275716683145,0,True,False
2026-08-30,Tarde,4.598172847958765,0,True,False
2026-08-30,Tarde,4.391364400625853,0,True,False
2026-08-30,Tarde,3.928583952918771,0,True,False
2026-08-30,Tarde,3.7893569716005167,0,True,False
2026-08-30,Tarde,5.317754181151201,0,True,False
2026-08-30,Tarde,4.969992703968532,0,True,False
2026-08-30,Tarde,10.60885478854528,0,True,False
2026-08-30,Tarde,2.4959214166634682,0,True,False
2026-08-30,Tarde,3.631733477012744,0,True,False
2026-08-30,Tarde,1.8000448045716164,0,True,False
2026-08-30,Tarde,4.963511639812577,0,True,False
2026-08-30,Tarde,5.052398278436055,0,True,False
2026-08-30,Tarde,2.4306187415133493,0,True,False
2026-08-30,Tarde,2.252140294447794,0,True,False
2026-08-30,Tarde,7.848862789916653,0,True,False
2026-08-30,Tarde,4.35878620508463,0,True,False
2026-08-30,Tarde,2.5583572411102837,0,True,False
2026-08-30,Tarde,7.5715799498593555,0,True,False
2026-08-30,Tarde,5.078668047412247,0,True,False
2026-08-30,Tarde,2.819364005940907,0,True,False
2026-08-30,Tarde,2.174684335165285,0,True,False
2026-08-30,Tarde,4.296368332380848,1,True,False
2026-08-30,Tarde,0.653850162142177,0,True,False
2026-08-30,Tarde,4.765742982210735,0,True,False
2026-08-30,Tarde,2.4364058323754136,0,True,False
2026-08-30,Tarde,4.786480049808365,0,True,False
2026-08-30,Tarde,6.433232856194401,0,True,False
2026-08-30,Tarde,5.379150009971086,0,True,False
2026-08-30,Tarde,5.394253329517942,0,True,False
2026-08-30,Tarde,4.767363708657004,0,True,False
2026-08-30,Tarde,2.8831961275176674,0,True,False
2026-08-30,Noite,4.414091281643731,0,True,False
2026-08-30,Noite,9.056895897909051,0,True,False
2026-08-30,Noite,1.5228962341452217,0,True,False
2026-08-30,Noite,5.964022211940548,0,True,False
2026-08-30,Noite,9.70651080162974,0,True,False
2026-08-30,Noite,9.91212074785271,0,True,False
2026-08-30,Noite,2.682267758624601,0,True,False
2026-08-30,Noite,11.80692419926298,1,True,False
2026-08-30,Noite,4.78655114620813,0,True,False
2026-08-30,Noite,2.2650313340048376,0,True,False
2026-08-30,Noite,4.182583668190901,0,True,False
2026-08-30,Noite,5.908004206536342,0,True,False
2026-08-30,Noite,4.115425837899705,1,True,False
2026-08-30,Noite,7.147412400840556,0,True,False
2026-08-30,Noite,5.490601015773251,0,True,False
2026-08-30,Noite,6.473668029063511,0,True,False
2026-08-30,Noite,2.819514926793888,0,True,False
2026-08-30,Noite,7.008780895226005,0,True,False
2026-08-30,Noite,1.927518184211795,0,True,False
2026-08-30,Noite,7.114804635276606,0,True,False
2026-08-30,Noite,3.0118939057259806,0,True,False
2026-08-30,Noite,2.8226113919439895,0,True,False
2026-08-30,Noite,7.911570113251093,0,True,False
2026-08-30,Noite,4.712180734174871,0,True,False
2026-08-30,Noite,9.455223249165812,0,True,False
2026-08-30,Noite,3.7873186464642403,1,True,False
2026-08-30,Noite,1.2087406288768867,0,True,False
2026-08-30,Noite,4.484811951723991,0,True,False
2026-08-30,Noite,8.197726977553227,1,True,False
2026-08-30,Noite,5.601360054182452,0,True,False
2026-08-30,Noite,1.387272240104276,0,True,False
2026-08-30,Noite,7.794322530282323,0,True,False
2026-08-30,Noite,10.022580125697534,0,True,False
2026-08-30,Madrugada,2.15683488031365,0,True,False
2026-08-30,Madrugada,1.8748509448185047,0,True,False
2026-08-30,Madrugada,2.5985966156520997,0,True,False
2026-08-30,Madrugada,7.078843465536418,0,True,False
2026-08-30,Madrugada,11.08043281833806,0,True,False
2026-08-30,Madrugada,3.0974186668082995,0,True,False
2026-08-30,Madrugada,5.4819303406113145,0,True,False
2026-08-30,Madrugada,5.109381925777499,0,True,False
2026-08-30,Madrugada,12.048732948532313,0,True,False
2026-08-30,Madrugada,7.74702209460857,0,True,False
2026-08-30,Madrugada,7.649717742447844,0,True,False
2026-08-30,Madrugada,3.2675453582083724,0,True,False
2026-08-30,Madrugada,2.6819881290275838,0,True,False
2026-08-30,Madrugada,1.4398629609127722,0,True,False
2026-08-30,Madrugada,10.219659938849853,1,True,False
2026-08-31,Manhã,6.453592973891748,0,False,True
2026-08-31,Manhã,8.381418732099883,0,False,True
2026-08-31,Manhã,7.375466308992426,0,False,True
2026-08-31,Manhã,6.0966495900545015,0,False,True
2026-08-31,Manhã,5.975339815741472,0,False,True
2026-08-31,Manhã,5.425787819884415,0,False,True
2026-08-31,Manhã,7.355682849771255,0,False,True
2026-08-31,Manhã,3.7654733398961797,0,False,True
2026-08-31,Manhã,4.608343093169815,0,False,True
2026-08-31,Manhã,6.4011152141917025,0,False,True
2026-08-31,Manhã,8.520686950528876,0,False,True
2026-08-31,Manhã,6.0926386069789755,0,False,True
2026-08-31,Manhã,6.650945534641866,0,False,True
2026-08-31,Manhã,4.596967285435187,0,False,True
2026-08-31,Manhã,3.9115033155225376,0,False,True
2026-08-31,Manhã,5.6653142755094255,0,False,True
2026-08-31,Manhã,1.524405124938789,0,False,True
2026-08-31,Manhã,4.4242787259421705,0,False,True
2026-08-31,Manhã,7.788789432449775,0,False,True
2026-08-31,Manhã,4.596207744084888,0,False,True
2026-08-31,Manhã,5.8493937513558185,0,False,True
2026-08-31,Manhã,5.872329744357206,0,False,True
2026-08-31,Manhã,3.256006538009748,0,False,True
2026-08-31,Manhã,5.1738249997719405,0,False,True
2026-08-31,Manhã,6.956722863751597,0,False,True
2026-08-31,Manhã,3.2947473012807373,0,False,True
2026-08-31,Manhã,10.429155400506055,0,False,True
2026-08-31,Manhã,11.116985784585621,0,False,True
2026-08-31,Manhã,3.6230607591115405,0,False,True
2026-08-31,Manhã,2.553756928462428,0,False,True
2026-08-31,Manhã,3.535125503645277,0,False,True
2026-08-31,Manhã,8.785568747739317,0,False,True
2026-08-31,Manhã,4.312150600593721,0,False,True
2026-08-31,Manhã,2.605964161182981,0,False,True
2026-08-31,Manhã,12.982912252840825,0,False,True
2026-08-31,Manhã,4.424877079656494,0,False,True
2026-08-31,Manhã,2.0053749577108917,0,False,True
2026-08-31,Manhã,5.671658859669278,0,False,True
2026-08-31,Manhã,14.590091417522759,0,False,True
2026-08-31,Manhã,13.057580351265132,0,False,True
2026-08-31,Manhã,3.7952901605758242,0,False,True
2026-08-31,Manhã,6.6854943554371955,0,False,True
2026-08-31,Manhã,3.616288359254007,0,False,True
2026-08-31,Manhã,7.8378193500363045,0,False,True
2026-08-31,Manhã,4.301183374996489,0,False,True
2026-08-31,Manhã,8.404126816023103,0,False,True
2026-08-31,Manhã,9.867025020081861,0,False,True
2026-08-31,Manhã,3.7669418675257607,0,False,True
2026-08-31,Manhã,7.43810695683545,0,False,True
2026-08-31,Manhã,15.63596099998935,0,False,True
2026-08-31,Manhã,4.183177848922893,0,False,True
2026-08-31,Manhã,6.062653143463189,0,False,True
2026-08-31,Manhã,9.915730671762784,0,False,True
2026-08-31,Manhã,1.5259217022404215,0,False,True
2026-08-31,Manhã,5.120317097766152,0,False,True
2026-08-31,Manhã,4.150820771059284,0,False,True
2026-08-31,Manhã,4.166942870229698,0,False,True
2026-08-31,Manhã,11.618597200951502,0,False,True
2026-08-31,Manhã,4.445460430263364,0,False,True
2026-08-31,Manhã,5.695404350014544,0,False,True
2026-08-31,Manhã,3.266110589009587,0,False,True
2026-08-31,Manhã,4.647713410687858,0,False,True
2026-08-31,Manhã,6.1316467178562855,0,False,True
2026-08-31,Manhã,5.888213701753407,0,False,True
2026-08-31,Manhã,6.634878921181925,0,False,True
2026-08-31,Manhã,4.794321189241405,0,False,True
2026-08-31,Manhã,7.083895762062516,0,False,True
2026-08-31,Manhã,3.458792071765758,0,False,True
2026-08-31,Manhã,4.1046219329435285,0,False,True
2026-08-31,Manhã,5.701849332936682,0,False,True
2026-08-31,Manhã,5.462056985232809,0,False,True
2026-08-31,Manhã,3.9098390050337484,0,False,True
2026-08-31,Manhã,4.442630204531573,0,False,True
2026-08-31,Manhã,6.574398296610937,0,False,True
2026-08-31,Manhã,3.7535442161308246,0,False,True
2026-08-31,Manhã,3.461454530025544,0,False,True
2026-08-31,Manhã,3.8409337293584467,0,False,True
2026-08-31,Manhã,6.730285258429021,0,False,True
2026-08-31,Manhã,8.525299127241151,0,False,True
2026-08-31,Manhã,3.7245151814214807,0,False,True
2026-08-31,Manhã,3.6098748609692373,0,False,True
2026-08-31,Manhã,6.590553518357951,0,False,True
2026-08-31,Manhã,3.7326031473955896,0,False,True
2026-08-31,Manhã,4.7861172154629585,0,False,True
2026-08-31,Manhã,8.426021963458403,0,False,True
2026-08-31,Manhã,7.91129337371707,0,False,True
2026-08-31,Manhã,4.555969769786418,0,False,True
2026-08-31,Manhã,4.124294549818529,0,False,True
2026-08-31,Manhã,3.969399830150839,0,False,True
2026-08-31,Manhã,5.624031986036661,0,False,True
2026-08-31,Manhã,4.172255951908852,0,False,True
2026-08-31,Manhã,5.9108677333530135,0,False,True
2026-08-31,Manhã,7.880659357812519,1,False,True
2026-08-31,Manhã,6.289627537808964,0,False,True
2026-08-31,Manhã,2.8611567322209117,0,False,True
2026-08-31,Manhã,6.386675178785787,0,False,True
2026-08-31,Manhã,3.348597300963002,0,False,True
2026-08-31,Manhã,3.9562317688702,0,False,True
2026-08-31,Manhã,4.436389411636298,0,False,True
2026-08-31,Manhã,4.8403436176873385,0,False,True
2026-08-31,Manhã,7.52828463285868,1,False,True
2026-08-31,Manhã,3.000617676141351,0,False,True
2026-08-31,Manhã,4.435054107147129,0,False,True
2026-08-31,Manhã,7.031223621015089,0,False,True
2026-08-31,Manhã,11.926546037481055,0,False,True
2026-08-31,Manhã,4.575761602512196,0,False,True
2026-08-31,Manhã,6.230421577687308,0,False,True
2026-08-31,Manhã,5.63688813647569,0,False,True
2026-08-31,Tarde,11.761249505522331,1,False,True
2026-08-31,Tarde,7.579022333620185,0,False,True
2026-08-31,Tarde,3.821607000351754,0,False,True
2026-08-31,Tarde,8.56225781562861,0,False,True
2026-08-31,Tarde,14.933288889751099,0,False,True
2026-08-31,Tarde,9.757048065553088,0,False,True
2026-08-31,Tarde,4.2601044369580086,0,False,True
2026-08-31,Tarde,10.289390256803511,0,False,True
2026-08-31,Tarde,2.827606957793237,0,False,True
2026-08-31,Tarde,7.691840399511437,0,False,True
2026-08-31,Tarde,4.490463418753674,0,False,True
2026-08-31,Tarde,19.981483828355366,1,False,True
2026-08-31,Tarde,5.623555152657635,0,False,True
2026-08-31,Tarde,5.301068396804064,0,False,True
2026-08-31,Tarde,5.562244852320796,0,False,True
2026-08-31,Tarde,5.044735487850587,0,False,True
2026-08-31,Tarde,2.032385083876408,0,False,True
2026-08-31,Tarde,9.080576796424996,0,False,True
2026-08-31,Tarde,7.278393007596099,0,False,True
2026-08-31,Tarde,5.225479731274075,0,False,True
2026-08-31,Tarde,10.485118855022298,0,False,True
2026-08-31,Tarde,9.12751197859468,0,False,True
2026-08-31,Tarde,7.129205607264026,0,False,True
2026-08-31,Tarde,9.591147958696425,0,False,True
2026-08-31,Tarde,2.187710840192618,0,False,True
2026-08-31,Tarde,14.160099103559656,0,False,True
2026-08-31,Tarde,3.6843904336867364,0,False,True
2026-08-31,Tarde,4.870300630031155,0,False,True
2026-08-31,Tarde,3.716577122769186,0,False,True
2026-08-31,Tarde,11.445078817945628,0,False,True
2026-08-31,Tarde,3.9822559837250533,0,False,True
2026-08-31,Tarde,4.187221143907015,0,False,True
2026-08-31,Tarde,3.3202335385143833,0,False,True
2026-08-31,Tarde,11.751250639202764,0,False,True
2026-08-31,Tarde,4.149919127532368,0,False,True
2026-08-31,Tarde,6.548374461094668,0,False,True
2026-08-31,Tarde,7.318541304287099,0,False,True
2026-08-31,Tarde,2.089714718692751,0,False,True
2026-08-31,Tarde,7.387548163947393,0,False,True
2026-08-31,Tarde,5.473343702424784,0,False,True
2026-08-31,Tarde,11.805558790003271,0,False,True
2026-08-31,Tarde,3.5967916075207635,0,False,True
2026-08-31,Tarde,15.876361556875606,0,False,True
2026-08-31,Tarde,14.026210752463461,0,False,True
2026-08-31,Tarde,11.94063766190595,0,False,True
2026-08-31,Tarde,10.011559872467418,0,False,True
2026-08-31,Tarde,3.552428017328217,0,False,True
2026-08-31,Tarde,8.42214044536697,0,False,True
2026-08-31,Tarde,10.085553392130041,1,False,True
2026-08-31,Tarde,4.993599241867178,0,False,True
2026-08-31,Tarde,7.253352114410816,0,False,True
2026-08-31,Tarde,8.826621869199565,0,False,True
2026-08-31,Tarde,10.77880756065857,0,False,True
2026-08-31,Tarde,7.2538973547562255,0,False,True
2026-08-31,Tarde,4.994914710118071,0,False,True
2026-08-31,Tarde,5.470780105098902,0,False,True
2026-08-31,Tarde,7.0676073300834945,0,False,True
2026-08-31,Tarde,4.755802326956968,0,False,True
2026-08-31,Tarde,4.129282227185761,0,False,True
2026-08-31,Tarde,9.55158810286483,0,False,True
2026-08-31,Tarde,9.170140720240587,0,False,True
2026-08-31,Tarde,14.151384440874617,0,False,True
2026-08-31,Tarde,5.4875775725909675,0,False,True
2026-08-31,Tarde,6.03647843618416,0,False,True
2026-08-31,Tarde,8.506365642020562,0,False,True
2026-08-31,Tarde,4.305610380078214,0,False,True
2026-08-31,Tarde,4.602725368774473,0,False,True
2026-08-31,Noite,6.570760314209403,0,False,True
2026-08-31,Noite,5.60142781689104,0,False,True
2026-08-31,Noite,2.885634534335318,0,False,True
2026-08-31,Noite,2.2068363051703543,0,False,True
2026-08-31,Noite,9.49687389708843,0,False,True
2026-08-31,Noite,4.19252949775293,0,False,True
2026-08-31,Noite,4.433211917609978,0,False,True
2026-08-31,Noite,3.172033653800491,0,False,True
2026-08-31,Noite,2.436528122915644,0,False,True
2026-08-31,Noite,2.5895413006486967,0,False,True
2026-08-31,Noite,3.4862400427001288,0,False,True
2026-08-31,Noite,7.167234360936463,0,False,True
2026-08-31,Noite,8.216942528235185,0,False,True
2026-08-31,Noite,5.5882969038641175,0,False,True
2026-08-31,Noite,6.686872699309699,0,False,True
2026-08-31,Noite,4.983101612272139,0,False,True
2026-08-31,Noite,10.800827094680486,0,False,True
2026-08-31,Noite,6.111313320061331,0,False,True
2026-08-31,Noite,10.58029703528791,0,False,True
2026-08-31,Noite,6.337399665884637,0,False,True
2026-08-31,Noite,11.63951226790898,0,False,True
2026-08-31,Noite,9.140197983711865,0,False,True
2026-08-31,Noite,13.699186750302058,0,False,True
2026-08-31,Noite,3.3226778944147277,0,False,True
2026-08-31,Noite,3.9499572644522734,1,False,True
2026-08-31,Noite,2.837408521216463,0,False,True
2026-08-31,Noite,6.473207073457392,0,False,True
2026-08-31,Noite,3.5631647417458017,0,False,True
2026-08-31,Noite,14.744432706503506,0,False,True
2026-08-31,Noite,10.168784165762869,0,False,True
2026-08-31,Noite,5.318100385305003,0,False,True
2026-08-31,Noite,4.718734980471077,0,False,True
2026-08-31,Noite,7.002417606886328,0,False,True
2026-08-31,Noite,9.900169132262505,0,False,True
2026-08-31,Noite,4.366220417186522,0,False,True
2026-08-31,Noite,2.261195902250435,0,False,True
2026-08-31,Noite,2.7607018937898573,0,False,True
2026-08-31,Noite,5.575671980866557,0,False,True
2026-08-31,Noite,4.969225676559722,0,False,True
2026-08-31,Noite,5.382899818489647,0,False,True
2026-08-31,Noite,3.4591184031425186,0,False,True
2026-08-31,Noite,8.653658694838109,1,False,True
2026-08-31,Noite,4.655968647519183,0,False,True
2026-08-31,Noite,11.176419651640694,0,False,True
2026-08-31,Noite,3.2585500834296823,0,False,True
2026-08-31,Noite,6.2576816401005075,0,False,True
2026-08-31,Noite,9.299771843186877,0,False,True
2026-08-31,Noite,5.861282647027022,1,False,True
2026-08-31,Noite,4.551032028981898,0,False,True
2026-08-31,Noite,5.517207952085486,0,False,True
2026-08-31,Noite,3.3000037420485975,0,False,True
2026-08-31,Noite,3.576349442049091,0,False,True
2026-08-31,Noite,11.267084934077895,0,False,True
2026-08-31,Noite,3.9949814594245168,0,False,True
2026-08-31,Noite,7.117757773682041,0,False,True
2026-08-31,Noite,5.964800475570078,1,False,True
2026-08-31,Madrugada,6.550682642470691,1,False,True
2026-08-31,Madrugada,10.008402814375703,0,False,True
2026-08-31,Madrugada,14.243671103123347,0,False,True
2026-08-31,Madrugada,4.008073661615752,0,False,True
2026-08-31,Madrugada,31.369889471057,0,False,True
2026-08-31,Madrugada,6.693416094566518,0,False,True
2026-08-31,Madrugada,1.4376151204235232,0,False,True
2026-08-31,Madrugada,31.25550915582384,0,False,True
2026-08-31,Madrugada,10.431670487901952,0,False,True
2026-08-31,Madrugada,7.7065092111418325,0,False,True
2026-08-31,Madrugada,5.1348963766429785,0,False,True
2026-08-31,Madrugada,15.902003714259497,0,False,True
2026-08-31,Madrugada,1.5727357026687092,1,False,True
2026-08-31,Madrugada,7.835737307630198,0,False,True
2026-08-31,Madrugada,6.430496916383434,1,False,True
2026-08-31,Madrugada,10.658863753509594,0,False,True
2026-08-31,Madrugada,6.837392067500969,0,False,True
2026-08-31,Madrugada,13.688008391999702,0,False,True
2026-08-31,Madrugada,16.818878388095076,0,False,True
2026-08-31,Madrugada,7.470124839236821,0,False,True
2026-08-31,Madrugada,6.095815212689152,0,False,True
2026-08-31,Madrugada,3.055770310437898,0,False,True
2026-08-31,Madrugada,1.8306707112469924,0,False,True
