,Hours_Studied,Attendance,Parental_Involvement,Access_to_Resources,Extracurricular_Activities,Sleep_Hours,Previous_Scores,Motivation_Level,Internet_Access,Tutoring_Sessions,Family_Income,Teacher_Quality,School_Type,Peer_Influence,Physical_Activity,Learning_Disabilities,Parental_Education_Level,Distance_from_Home,Gender,Exam_Score,faixa_nota
0,23,84,Baixo,Alto,Não,7,73,Baixo,Sim,0,Baixo,Médio,Público,Positivo,3,Não,Ensino Médio,Perto,Masculino,67,médio
1,19,64,Baixo,Médio,Não,8,59,Baixo,Sim,2,Médio,Médio,Público,Negativo,4,Não,Faculdade,Moderado,Feminino,61,médio
2,24,98,Médio,Médio,Sim,7,91,Médio,Sim,2,Médio,Médio,Público,Neutro,4,Não,Pós-Graduação,Perto,Masculino,74,médio
3,29,89,Baixo,Médio,Sim,8,98,Médio,Sim,1,Médio,Médio,Público,Negativo,4,Não,Ensino Médio,Moderado,Masculino,71,médio
4,19,92,Médio,Médio,Sim,6,65,Médio,Sim,3,Médio,Alto,Público,Neutro,4,Não,Faculdade,Perto,Feminino,70,médio
5,19,88,Médio,Médio,Sim,8,89,Médio,Sim,3,Médio,Médio,Público,Positivo,3,Não,Pós-Graduação,Perto,Masculino,71,médio
6,29,84,Médio,Baixo,Sim,7,68,Baixo,Sim,1,Baixo,Médio,Privado,Neutro,2,Não,Ensino Médio,Moderado,Masculino,67,médio
7,25,78,Baixo,Alto,Sim,6,50,Médio,Sim,1,Alto,Alto,Público,Negativo,2,Não,Ensino Médio,Longe,Masculino,66,médio
8,17,94,Médio,Alto,Não,6,80,Alto,Sim,0,Médio,Baixo,Privado,Neutro,1,Não,Faculdade,Perto,Masculino,69,médio
9,23,98,Médio,Médio,Sim,8,71,Médio,Sim,0,Alto,Alto,Público,Positivo,5,Não,Ensino Médio,Moderado,Masculino,72,médio
10,17,80,Baixo,Alto,Não,8,88,Médio,Não,4,Médio,Alto,Privado,Neutro,4,Não,Faculdade,Moderado,Masculino,68,médio
11,17,97,Médio,Alto,Sim,6,87,Baixo,Sim,2,Baixo,Alto,Privado,Neutro,2,Não,Ensino Médio,Perto,Masculino,71,médio
12,21,83,Médio,Médio,Sim,8,97,Baixo,Sim,2,Médio,Médio,Público,Positivo,4,Não,Ensino Médio,Perto,Masculino,70,médio
13,9,82,Médio,Médio,Sim,8,72,Médio,Sim,2,Médio,Médio,Privado,Positivo,3,Não,Pós-Graduação,Perto,Masculino,66,médio
14,10,78,Médio,Alto,Sim,8,74,Médio,Sim,1,Baixo,Médio,Privado,Neutro,4,Não,Pós-Graduação,Perto,Masculino,65,médio
15,17,68,Médio,Médio,Não,8,70,Médio,Sim,2,Médio,Médio,Privado,Positivo,4,Não,Ensino Médio,Perto,Feminino,64,médio
16,14,60,Médio,Baixo,Sim,10,65,Baixo,Sim,0,Alto,Médio,Privado,Positivo,3,Não,Faculdade,Perto,Masculino,60,baixo
17,22,70,Baixo,Médio,Sim,6,82,Médio,Sim,1,Baixo,Alto,Público,Neutro,3,Não,Ensino Médio,Perto,Feminino,65,médio
18,15,80,Médio,Médio,Sim,9,91,Baixo,Sim,3,Baixo,Médio,Público,Positivo,2,Não,Faculdade,Moderado,Feminino,67,médio
19,12,75,Médio,Alto,Sim,7,58,Médio,Sim,3,Médio,Médio,Privado,Positivo,4,Não,Faculdade,Perto,Masculino,66,médio
20,29,78,Médio,Médio,Não,5,99,Alto,Sim,0,Alto,Médio,Público,Negativo,1,Não,Ensino Médio,Moderado,Feminino,69,médio
21,19,99,Médio,Alto,Não,6,84,Médio,Sim,1,Médio,Alto,Público,Neutro,3,Não,Ensino Médio,Perto,Masculino,72,médio
22,20,74,Médio,Alto,Não,8,89,Baixo,Sim,1,Médio,Médio,Público,Negativo,2,Não,Faculdade,Moderado,Feminino,66,médio
23,11,78,Alto,Médio,Sim,8,100,Alto,Sim,1,Baixo,Médio,Público,Neutro,3,Não,Ensino Médio,Moderado,Masculino,66,médio
24,17,65,Baixo,Alto,Sim,5,75,Médio,Sim,2,Baixo,Médio,Público,Positivo,3,Não,Ensino Médio,Perto,Feminino,63,médio
25,21,62,Alto,Baixo,Sim,6,54,Alto,Sim,0,Alto,Alto,Público,Positivo,3,Não,Pós-Graduação,Longe,Masculino,64,médio
26,13,91,Baixo,Médio,Não,6,90,Médio,Sim,1,Alto,Médio,Público,Negativo,2,Sim,Ensino Médio,Moderado,Feminino,65,médio
27,22,83,Alto,Alto,Sim,6,94,Médio,Sim,0,Alto,Médio,Público,Neutro,2,Não,Faculdade,Moderado,Masculino,71,médio
28,16,90,Médio,Médio,Não,4,58,Médio,Sim,1,Baixo,Médio,Público,Neutro,3,Não,Ensino Médio,Moderado,Feminino,66,médio
29,18,66,Alto,Alto,Não,4,51,Baixo,Sim,2,Baixo,Médio,Privado,Neutro,2,Não,Faculdade,Perto,Masculino,64,médio
30,16,83,Baixo,Médio,Não,6,57,Médio,Sim,0,Alto,Baixo,Público,Positivo,4,Sim,Ensino Médio,Perto,Feminino,63,médio
31,31,70,Médio,Alto,Sim,7,66,Médio,Sim,1,Alto,Médio,Público,Negativo,3,Não,Faculdade,Perto,Masculino,69,médio
32,20,69,Médio,Médio,Sim,8,96,Médio,Sim,2,Médio,Alto,Público,Positivo,3,Não,Ensino Médio,Perto,Masculino,67,médio
33,14,60,Alto,Médio,Não,5,50,Médio,Sim,2,Médio,Médio,Público,Neutro,3,Não,Faculdade,Perto,Feminino,61,médio
34,25,65,Alto,Médio,Não,5,90,Médio,Sim,2,Médio,Médio,Público,Positivo,3,Não,Faculdade,Moderado,Feminino,68,médio
35,13,72,Baixo,Médio,Não,6,93,Baixo,Sim,1,Baixo,Médio,Público,Negativo,3,Não,Ensino Médio,Perto,Masculino,61,médio
36,21,65,Médio,Baixo,Sim,7,91,Baixo,Sim,2,Médio,Alto,Público,Positivo,3,Não,Ensino Médio,Longe,Feminino,64,médio
37,8,99,Médio,Médio,Não,9,54,Baixo,Sim,2,Baixo,Médio,Público,Neutro,5,Não,Pós-Graduação,Perto,Feminino,67,médio
38,12,72,Baixo,Médio,Sim,8,84,Médio,Sim,1,Baixo,Médio,Público,Positivo,5,Não,Ensino Médio,Perto,Feminino,63,médio
39,21,65,Baixo,Médio,Sim,6,98,Baixo,Sim,1,Médio,Alto,Público,Negativo,4,Não,Ensino Médio,Perto,Masculino,64,médio
40,24,68,Alto,Médio,Não,8,56,Baixo,Sim,3,Alto,Alto,Público,Neutro,1,Não,Faculdade,Perto,Masculino,67,médio
41,21,84,Médio,Médio,Sim,6,52,Baixo,Sim,1,Médio,Alto,Público,Neutro,2,Sim,Faculdade,Longe,Feminino,65,médio
42,19,63,Baixo,Alto,Não,7,94,Médio,Sim,1,Médio,Médio,Privado,Positivo,3,Não,Ensino Médio,Moderado,Masculino,64,médio
43,18,94,Médio,Alto,Sim,7,82,Médio,Sim,3,Médio,Médio,Privado,Negativo,2,Sim,Faculdade,Perto,Masculino,70,médio
44,11,98,Médio,Médio,Sim,9,82,Baixo,Sim,1,Médio,Médio,Privado,Positivo,3,Não,Pós-Graduação,Longe,Masculino,68,médio
45,16,70,Médio,Médio,Sim,8,98,Médio,Sim,2,Médio,Médio,Público,Positivo,3,Não,Ensino Médio,Moderado,Masculino,65,médio
46,17,78,Médio,Médio,Sim,6,88,Médio,Sim,1,Médio,Alto,Privado,Positivo,3,Não,Faculdade,Perto,Feminino,68,médio
47,26,61,Médio,Baixo,Sim,6,70,Médio,Sim,2,Baixo,Médio,Público,Positivo,3,Não,Ensino Médio,Moderado,Feminino,64,médio
48,22,86,Baixo,Médio,Sim,7,72,Baixo,Sim,3,Baixo,Alto,Público,Positivo,2,Não,Ensino Médio,Moderado,Masculino,68,médio
49,9,77,Médio,Médio,Não,5,57,Médio,Sim,2,Médio,Alto,Público,Neutro,3,Não,Ensino Médio,Perto,Masculino,63,médio
50,22,71,Baixo,Médio,Sim,7,65,Baixo,Sim,1,Médio,Baixo,Público,Positivo,4,Não,Faculdade,Moderado,Masculino,64,médio
51,18,68,Alto,Médio,Não,7,72,Médio,Sim,0,Médio,Médio,Público,Neutro,3,Não,Faculdade,Perto,Masculino,64,médio
52,16,86,Baixo,Médio,Sim,8,63,Médio,Sim,2,Médio,Médio,Público,Positivo,4,Não,Ensino Médio,Perto,Masculino,67,médio
53,24,77,Alto,Baixo,Não,8,96,Médio,Sim,0,Médio,Médio,Público,Neutro,3,Não,Ensino Médio,Perto,Feminino,67,médio
54,26,67,Médio,Alto,Sim,7,51,Baixo,Sim,2,Alto,Alto,Privado,Neutro,4,Sim,Pós-Graduação,Longe,Feminino,66,médio
55,26,88,Médio,Alto,Sim,5,79,Médio,Sim,1,Baixo,Alto,Privado,Positivo,4,Não,Faculdade,Moderado,Masculino,72,médio
56,15,83,Médio,Alto,Não,5,89,Baixo,Não,1,Médio,Alto,Público,Neutro,2,Sim,Ensino Médio,Perto,Feminino,65,médio
57,18,94,Médio,Médio,Sim,6,87,Alto,Sim,1,Médio,Médio,Público,Positivo,4,Não,Ensino Médio,Perto,Masculino,71,médio
58,22,65,Alto,Baixo,Não,8,82,Médio,Sim,2,Médio,Alto,Público,Positivo,1,Não,Pós-Graduação,Perto,Feminino,66,médio
59,26,91,Médio,Baixo,Sim,8,71,Médio,Sim,0,Baixo,Médio,Privado,Neutro,3,Não,Ensino Médio,Moderado,Masculino,68,médio
60,17,87,Médio,Médio,Não,7,96,Médio,Sim,1,Alto,Médio,Público,Negativo,5,Não,Pós-Graduação,Perto,Feminino,70,médio
61,19,65,Médio,Médio,Sim,10,66,Baixo,Sim,0,Baixo,Médio,Público,Positivo,3,Não,Ensino Médio,Moderado,Masculino,62,médio
62,13,88,Baixo,Alto,Sim,9,88,Alto,Sim,2,Baixo,Alto,Privado,Negativo,4,Não,Pós-Graduação,Longe,Masculino,68,médio
63,13,78,Médio,Alto,Sim,9,96,Alto,Sim,2,Baixo,Médio,Público,Neutro,3,Não,Faculdade,Moderado,Masculino,67,médio
64,25,98,Baixo,Alto,Sim,8,56,Médio,Não,0,Médio,Alto,Privado,Neutro,3,Não,Pós-Graduação,Perto,Masculino,71,médio
65,28,66,Médio,Alto,Sim,8,97,Médio,Sim,0,Médio,Médio,Público,Neutro,2,Não,Ensino Médio,Perto,Masculino,68,médio
66,20,86,Médio,Médio,Sim,8,89,Médio,Sim,1,Baixo,Médio,Público,Negativo,3,Não,Pós-Graduação,Perto,Masculino,69,médio
67,26,75,Baixo,Alto,Sim,4,81,Alto,Sim,3,Médio,Alto,Privado,Positivo,2,Não,Ensino Médio,Moderado,Masculino,70,médio
68,22,98,Médio,Alto,Não,5,69,Baixo,Não,1,Baixo,Alto,Público,Negativo,4,Não,Ensino Médio,Moderado,Feminino,69,médio
69,16,73,Médio,Médio,Não,7,95,Médio,Sim,1,Baixo,Médio,Público,Negativo,4,Não,Faculdade,Perto,Masculino,65,médio
70,22,98,Médio,Baixo,Sim,7,52,Médio,Não,3,Médio,Médio,Público,Positivo,3,Não,Faculdade,Perto,Feminino,70,médio
71,29,96,Médio,Baixo,Sim,7,72,Médio,Sim,1,Baixo,Médio,Público,Positivo,3,Não,Ensino Médio,Moderado,Masculino,71,médio
72,20,71,Médio,Médio,Sim,7,88,Médio,Sim,1,Baixo,Baixo,Público,Neutro,4,Não,Faculdade,Perto,Feminino,65,médio
73,29,92,Baixo,Médio,Não,4,91,Médio,Sim,2,Médio,Médio,Público,Negativo,1,Não,Pós-Graduação,Perto,Feminino,72,médio
74,4,100,Alto,Alto,Sim,8,60,Alto,Sim,0,Médio,Alto,Privado,Positivo,4,Não,Faculdade,Moderado,Masculino,69,médio
75,25,70,Médio,Médio,Não,7,52,Médio,Sim,1,Médio,Médio,Público,Positivo,3,Não,Pós-Graduação,Perto,Feminino,66,médio
76,21,77,Baixo,Médio,Sim,7,90,Médio,Sim,4,Médio,Médio,Privado,Neutro,3,Não,Pós-Graduação,Moderado,Masculino,68,médio
77,18,81,Alto,Baixo,Sim,8,71,Médio,Sim,0,Médio,Médio,Público,Neutro,3,Não,Ensino Médio,Moderado,Feminino,65,médio
78,21,72,Médio,Médio,Sim,5,57,Médio,Sim,1,Alto,Médio,Público,Neutro,5,Sim,Faculdade,Moderado,Masculino,64,médio
79,8,61,Médio,Médio,Sim,7,54,Médio,Sim,1,Alto,Médio,Público,Positivo,3,Não,Faculdade,Perto,Masculino,60,baixo
80,19,69,Médio,Alto,Sim,7,82,Alto,Sim,1,Baixo,Médio,Público,Negativo,2,Não,Ensino Médio,Perto,Masculino,65,médio
81,22,71,Alto,Médio,Não,6,79,Alto,Sim,1,Baixo,Baixo,Público,Positivo,3,Não,Ensino Médio,Perto,Masculino,66,médio
82,29,78,Alto,Alto,Sim,4,93,Baixo,Sim,5,Médio,Alto,Público,Neutro,3,Não,Faculdade,Perto,Masculino,74,médio
83,17,67,Médio,Médio,Sim,5,52,Alto,Sim,2,Médio,Médio,Privado,Negativo,3,Não,Ensino Médio,Longe,Feminino,62,médio
84,15,95,Médio,Médio,Não,7,93,Médio,Sim,2,Baixo,Médio,Público,Positivo,4,Não,Faculdade,Moderado,Masculino,70,médio
85,17,88,Médio,Alto,Sim,7,94,Baixo,Sim,0,Médio,Médio,Público,Neutro,3,Não,Ensino Médio,Perto,Masculino,69,médio
86,25,63,Médio,Alto,Sim,7,72,Médio,Sim,3,Médio,Alto,Privado,Negativo,4,Não,Faculdade,Longe,Masculino,67,médio
87,22,86,Baixo,Baixo,Não,6,54,Médio,Sim,2,Médio,Médio,Público,Neutro,0,Não,Ensino Médio,Moderado,Masculino,64,médio
88,17,86,Médio,Alto,Não,5,97,Alto,Sim,3,Alto,Médio,Público,Neutro,3,Não,Faculdade,Perto,Masculino,71,médio
89,23,98,Médio,Baixo,Sim,7,54,Baixo,Sim,0,Médio,Médio,Público,Negativo,3,Não,Faculdade,Perto,Feminino,68,médio
90,21,60,Alto,Médio,Não,7,80,Médio,Sim,0,Médio,Alto,Público,Neutro,4,Sim,Faculdade,Perto,Masculino,64,médio
91,26,70,Médio,Baixo,Sim,8,75,Médio,Sim,1,Médio,Baixo,Privado,Neutro,4,Sim,Ensino Médio,Longe,Feminino,63,médio
92,16,97,Médio,Médio,Sim,6,92,Baixo,Sim,0,Alto,Médio,Privado,Positivo,4,Não,Faculdade,Perto,Masculino,71,médio
93,18,97,Alto,Médio,Sim,4,75,Baixo,Sim,0,Baixo,Médio,Público,Positivo,3,Não,Ensino Médio,Moderado,Masculino,69,médio
94,18,89,Alto,Médio,Sim,4,73,Médio,Sim,3,Alto,Médio,Privado,Positivo,2,Não,Faculdade,Perto,Feminino,100,alto
95,11,91,Médio,Médio,Não,6,94,Médio,Sim,3,Médio,Médio,Público,Neutro,3,Não,Faculdade,Moderado,Masculino,68,médio
96,22,64,Baixo,Médio,Não,7,98,Baixo,Não,1,Médio,Médio,Público,Negativo,3,Não,Ensino Médio,Perto,Masculino,62,médio
97,22,81,Médio,Médio,Sim,7,77,Baixo,Sim,2,Médio,Médio,Público,Positivo,3,Não,Pós-Graduação,Longe,Feminino,68,médio
98,20,69,Alto,Alto,Sim,6,73,Médio,Sim,2,Baixo,Médio,Privado,Positivo,3,Não,Ensino Médio,Longe,Masculino,66,médio
99,19,67,Baixo,Médio,Não,5,92,Alto,Sim,0,Médio,Médio,Público,Positivo,3,Não,Faculdade,Perto,Masculino,64,médio
100,12,92,Médio,Médio,Não,4,92,Alto,Sim,2,Médio,Alto,Público,Neutro,3,Sim,Ensino Médio,Moderado,Masculino,67,médio
101,17,65,Médio,Alto,Sim,8,66,Médio,Sim,1,Alto,Alto,Público,Neutro,4,Sim,Pós-Graduação,Moderado,Feminino,65,médio
102,18,79,Médio,Médio,Sim,7,79,Médio,Sim,0,Baixo,Alto,Privado,Neutro,3,Não,Faculdade,Longe,Masculino,65,médio
103,15,98,Alto,Médio,Não,6,58,Alto,Sim,0,Baixo,Alto,Público,Positivo,3,Não,Faculdade,Perto,Masculino,69,médio
104,19,67,Médio,Médio,Não,5,82,Alto,Sim,1,Baixo,Baixo,Privado,Negativo,3,Não,Ensino Médio,Perto,Masculino,63,médio
105,22,99,Médio,Baixo,Sim,6,92,Baixo,Sim,3,Médio,Médio,Público,Negativo,4,Não,Pós-Graduação,Moderado,Masculino,72,médio
106,31,100,Médio,Médio,Não,7,59,Médio,Sim,2,Alto,Alto,Público,Positivo,5,Não,Pós-Graduação,Moderado,Masculino,76,médio
107,21,82,Médio,Alto,Sim,7,66,Alto,Sim,3,Baixo,Médio,Público,Positivo,3,Sim,Faculdade,Perto,Feminino,69,médio
108,22,67,Médio,Médio,Sim,7,72,Alto,Sim,3,Baixo,Alto,Público,Positivo,2,Não,Pós-Graduação,Moderado,Feminino,67,médio
109,20,73,Alto,Médio,Sim,9,92,Médio,Sim,2,Médio,Alto,Público,Positivo,3,Não,Faculdade,Perto,Masculino,69,médio
110,8,77,Alto,Médio,Sim,6,87,Médio,Sim,0,Baixo,Médio,Público,Neutro,2,Não,Ensino Médio,Moderado,Masculino,63,médio
111,20,72,Médio,Médio,Não,9,66,Médio,Sim,3,Baixo,Alto,Privado,Positivo,3,Não,Pós-Graduação,Perto,Masculino,67,médio
112,20,71,Baixo,Alto,Sim,7,62,Alto,Sim,2,Médio,Médio,Público,Negativo,5,Não,Faculdade,Perto,Masculino,66,médio
113,35,99,Alto,Alto,Sim,7,85,Baixo,Sim,2,Médio,Alto,Privado,Neutro,2,Não,Pós-Graduação,Perto,Feminino,79,médio
114,19,66,Médio,Médio,Não,8,74,Médio,Sim,1,Alto,Médio,Público,Neutro,3,Não,Ensino Médio,Perto,Feminino,64,médio
115,22,89,Alto,Alto,Sim,6,80,Médio,Sim,1,Alto,Alto,Público,Positivo,3,Não,Ensino Médio,Perto,Feminino,73,médio
116,20,60,Baixo,Alto,Não,7,82,Alto,Sim,2,Baixo,Alto,Público,Positivo,4,Sim,Ensino Médio,Perto,Masculino,63,médio
117,13,84,Médio,Médio,Não,5,78,Médio,Sim,1,Baixo,Alto,Público,Positivo,2,Não,Ensino Médio,Perto,Masculino,65,médio
118,27,97,Baixo,Alto,Sim,8,81,Médio,Sim,0,Alto,Médio,Público,Positivo,5,Não,Ensino Médio,Perto,Feminino,73,médio
119,25,72,Alto,Alto,Sim,8,94,Baixo,Sim,2,Baixo,Médio,Privado,Positivo,4,Não,Faculdade,Moderado,Feminino,70,médio
120,25,67,Alto,Médio,Não,9,93,Alto,Sim,2,Baixo,Alto,Público,Positivo,3,Sim,Ensino Médio,Perto,Feminino,68,médio
121,15,86,Médio,Médio,Sim,7,57,Médio,Sim,1,Médio,Médio,Público,Negativo,3,Não,Faculdade,Perto,Masculino,65,médio
122,28,89,Baixo,Alto,Sim,9,79,Alto,Sim,0,Baixo,Médio,Privado,Positivo,1,Não,Faculdade,Moderado,Feminino,71,médio
123,12,88,Baixo,Médio,Não,6,72,Baixo,Sim,2,Médio,Médio,Público,Positivo,2,Não,Faculdade,Longe,Masculino,64,médio
124,24,73,Médio,Alto,Sim,8,64,Médio,Sim,4,Alto,Médio,Privado,Neutro,3,Sim,Faculdade,Moderado,Masculino,68,médio
125,33,70,Médio,Médio,Sim,6,82,Baixo,Sim,1,Baixo,Alto,Público,Neutro,4,Não,Faculdade,Perto,Masculino,69,médio
126,14,98,Médio,Médio,Não,7,76,Médio,Sim,0,Médio,Alto,Privado,Positivo,4,Não,Faculdade,Moderado,Feminino,69,médio
127,17,97,Médio,Médio,Não,8,89,Médio,Sim,1,Baixo,Médio,Público,Neutro,4,Não,Ensino Médio,Longe,Masculino,69,médio
128,21,78,Médio,Médio,Sim,10,55,Médio,Sim,1,Alto,Baixo,Privado,Positivo,2,Não,Faculdade,Perto,Masculino,67,médio
129,17,94,Baixo,Médio,Sim,8,65,Baixo,Sim,4,Médio,Médio,Público,Neutro,6,Não,Ensino Médio,Longe,Feminino,68,médio
130,11,78,Médio,Alto,Sim,8,51,Médio,Sim,2,Baixo,Médio,Público,Neutro,3,Não,Pós-Graduação,Perto,Masculino,64,médio
131,20,77,Médio,Médio,Não,6,87,Baixo,Sim,0,Baixo,Alto,Público,Positivo,4,Não,Ensino Médio,Perto,Feminino,66,médio
132,14,66,Alto,Baixo,Não,7,96,Médio,Sim,3,Baixo,Alto,Público,Negativo,3,Não,Ensino Médio,Perto,Masculino,63,médio
133,23,77,Médio,Médio,Sim,7,79,Médio,Sim,0,Baixo,Alto,Público,Neutro,2,Não,Ensino Médio,Moderado,Masculino,66,médio
134,14,81,Médio,Médio,Não,9,81,Médio,Sim,1,Baixo,Alto,Privado,Negativo,3,Não,Pós-Graduação,Perto,Feminino,66,médio
135,29,61,Médio,Alto,Sim,7,52,Baixo,Sim,3,Baixo,Médio,Privado,Positivo,3,Não,Faculdade,Perto,Feminino,67,médio
136,15,78,Alto,Alto,Não,9,75,Baixo,Sim,1,Baixo,Médio,Público,Negativo,1,Não,Ensino Médio,Perto,Masculino,65,médio
137,18,91,Baixo,Médio,Sim,5,76,Médio,Sim,1,Médio,Médio,Público,Neutro,3,Não,Ensino Médio,Perto,Feminino,68,médio
138,25,87,Médio,Baixo,Não,9,52,Alto,Sim,1,Baixo,Alto,Privado,Positivo,2,Não,Ensino Médio,Perto,Masculino,68,médio
139,13,85,Alto,Médio,Não,6,89,Médio,Sim,0,Alto,Médio,Privado,Neutro,1,Sim,Ensino Médio,Perto,Masculino,65,médio
140,21,96,Médio,Médio,Não,8,64,Alto,Sim,2,Médio,Alto,Público,Neutro,0,Não,Faculdade,Perto,Masculino,71,médio
141,28,61,Médio,Alto,Não,6,86,Alto,Sim,1,Baixo,Médio,Privado,Negativo,3,Sim,Pós-Graduação,Longe,Masculino,65,médio
142,10,82,Médio,Baixo,Não,8,70,Médio,Sim,3,Baixo,Alto,Público,Positivo,1,Sim,Pós-Graduação,Perto,Feminino,64,médio
143,21,91,Alto,Médio,Não,6,100,Médio,Sim,0,Alto,Médio,Privado,Neutro,2,Não,Pós-Graduação,Perto,Feminino,72,médio
144,22,82,Médio,Médio,Não,9,61,Médio,Sim,2,Baixo,Médio,Público,Negativo,2,Sim,Ensino Médio,Perto,Feminino,65,médio
145,25,73,Médio,Alto,Não,8,53,Alto,Não,0,Baixo,Alto,Privado,Negativo,5,Não,Pós-Graduação,Perto,Feminino,66,médio
146,13,65,Baixo,Alto,Não,6,99,Médio,Sim,0,Baixo,Médio,Privado,Negativo,4,Não,Ensino Médio,Perto,Masculino,61,médio
147,12,96,Baixo,Alto,Sim,8,62,Médio,Sim,2,Médio,Alto,Público,Negativo,3,Não,Faculdade,Perto,Feminino,68,médio
148,23,79,Alto,Alto,Sim,8,82,Baixo,Sim,3,Médio,Médio,Público,Negativo,3,Sim,Pós-Graduação,Moderado,Feminino,69,médio
149,22,95,Médio,Alto,Sim,6,69,Médio,Sim,1,Baixo,Médio,Público,Positivo,3,Não,Faculdade,Perto,Feminino,72,médio
150,22,83,Médio,Alto,Sim,5,82,Médio,Sim,2,Baixo,Alto,Público,Positivo,3,Não,Pós-Graduação,Perto,Feminino,71,médio
151,22,87,Alto,Alto,Não,5,80,Baixo,Sim,2,Baixo,Alto,Público,Negativo,3,Não,Ensino Médio,Perto,Feminino,70,médio
152,16,92,Médio,Alto,Sim,5,85,Baixo,Sim,1,Baixo,Médio,Público,Neutro,2,Não,Ensino Médio,Moderado,Masculino,68,médio
153,21,86,Baixo,Médio,Sim,5,51,Médio,Sim,2,Baixo,Alto,Público,Positivo,2,Não,Ensino Médio,Moderado,Feminino,67,médio
154,22,76,Médio,Médio,Sim,8,92,Médio,Sim,1,Baixo,Alto,Público,Neutro,4,Não,Ensino Médio,Perto,Feminino,68,médio
155,16,81,Médio,Médio,Sim,8,74,Médio,Sim,3,Médio,Médio,Público,Positivo,2,Não,Pós-Graduação,Perto,Feminino,68,médio
156,31,92,Médio,Médio,Sim,4,76,Médio,Sim,2,Médio,Alto,Público,Positivo,4,Sim,Ensino Médio,Longe,Masculino,72,médio
157,23,75,Baixo,Alto,Não,6,71,Baixo,Sim,0,Médio,Médio,Público,Neutro,2,Não,Faculdade,Perto,Masculino,65,médio
158,13,76,Médio,Alto,Não,5,99,Baixo,Sim,2,Médio,Médio,Privado,Positivo,4,Não,Ensino Médio,Perto,Feminino,66,médio
159,24,64,Médio,Médio,Sim,8,90,Alto,Sim,0,Baixo,Alto,Público,Negativo,3,Não,Ensino Médio,Perto,Masculino,65,médio
160,14,97,Médio,Médio,Sim,6,66,Médio,Sim,2,Médio,Médio,Público,Negativo,3,Sim,Faculdade,Perto,Feminino,67,médio
161,25,64,Médio,Alto,Não,5,89,Baixo,Sim,2,Médio,Médio,Público,Neutro,4,Não,Faculdade,Longe,Masculino,66,médio
162,27,86,Médio,Médio,Não,7,72,Baixo,Sim,1,Médio,Alto,Público,Positivo,4,Não,Ensino Médio,Longe,Masculino,69,médio
163,15,77,Médio,Médio,Sim,8,94,Baixo,Sim,0,Alto,Alto,Público,Positivo,3,Não,Faculdade,Moderado,Masculino,66,médio
164,26,76,Médio,Alto,Sim,6,52,Médio,Sim,4,Alto,Baixo,Público,Neutro,3,Não,Ensino Médio,Perto,Masculino,69,médio
165,22,87,Alto,Baixo,Sim,7,68,Médio,Não,0,Baixo,Médio,Público,Neutro,2,Não,Ensino Médio,Perto,Masculino,67,médio
166,25,63,Alto,Médio,Sim,6,71,Médio,Sim,1,Médio,Baixo,Privado,Positivo,3,Não,Ensino Médio,Perto,Masculino,66,médio
167,31,84,Médio,Médio,Sim,9,87,Médio,Sim,2,Baixo,Médio,Privado,Neutro,3,Não,Faculdade,Longe,Masculino,71,médio
168,19,91,Alto,Baixo,Não,6,59,Médio,Sim,5,Médio,Alto,Público,Neutro,4,Não,Faculdade,Moderado,Masculino,70,médio
169,15,93,Alto,Médio,Não,6,64,Médio,Sim,2,Médio,Alto,Público,Positivo,4,Não,Pós-Graduação,Perto,Masculino,71,médio
170,15,67,Médio,Médio,Sim,7,86,Alto,Sim,1,Alto,Médio,Privado,Positivo,3,Não,Pós-Graduação,Perto,Masculino,66,médio
171,15,96,Médio,Médio,Não,7,54,Alto,Não,3,Médio,Alto,Público,Negativo,2,Não,Ensino Médio,Perto,Masculino,67,médio
172,20,86,Alto,Baixo,Não,8,60,Médio,Sim,1,Médio,Médio,Público,Neutro,4,Sim,Faculdade,Longe,Feminino,66,médio
173,22,95,Médio,Alto,Não,9,88,Baixo,Sim,0,Baixo,Alto,Público,Positivo,2,Não,Pós-Graduação,Perto,Masculino,72,médio
174,22,79,Médio,Médio,Não,9,94,Médio,Sim,1,Médio,Médio,Público,Positivo,3,Não,Ensino Médio,Perto,Masculino,68,médio
175,25,82,Médio,Médio,Não,6,86,Médio,Não,3,Baixo,Alto,Público,Positivo,3,Não,Ensino Médio,Perto,Feminino,69,médio
176,20,97,Médio,Médio,Sim,7,76,Baixo,Sim,2,Baixo,Baixo,Privado,Positivo,3,Não,Pós-Graduação,Perto,Masculino,71,médio
177,29,96,Médio,Médio,Sim,9,55,Baixo,Não,0,Médio,Médio,Público,Neutro,2,Não,Pós-Graduação,Longe,Feminino,70,médio
178,18,78,Médio,Médio,Não,9,91,Alto,Sim,2,Alto,Baixo,Público,Neutro,4,Não,Faculdade,Longe,Feminino,67,médio
179,36,71,Médio,Médio,Sim,6,56,Médio,Sim,2,Alto,Médio,Público,Positivo,2,Não,Ensino Médio,Longe,Masculino,69,médio
180,24,76,Baixo,Alto,Não,8,69,Baixo,Sim,2,Médio,Médio,Público,Neutro,1,Não,Ensino Médio,Moderado,Masculino,65,médio
181,15,76,Alto,Alto,Não,8,53,Médio,Sim,1,Baixo,Médio,Público,Neutro,4,Não,Faculdade,Perto,Masculino,65,médio
182,14,71,Médio,Médio,Sim,8,85,Baixo,Sim,2,Médio,Alto,Público,Neutro,4,Não,Ensino Médio,Perto,Masculino,64,médio
183,23,71,Baixo,Baixo,Sim,9,75,Baixo,Sim,1,Baixo,Médio,Público,Negativo,2,Não,Faculdade,Perto,Masculino,63,médio
184,19,94,Baixo,Médio,Sim,5,95,Médio,Sim,3,Baixo,Baixo,Público,Positivo,2,Não,Ensino Médio,Moderado,Masculino,69,médio
185,24,63,Médio,Baixo,Sim,6,57,Médio,Sim,1,Baixo,Alto,Privado,Neutro,5,Não,Faculdade,Perto,Feminino,64,médio
186,23,87,Alto,Alto,Sim,8,91,Alto,Sim,0,Alto,Médio,Privado,Positivo,3,Não,Ensino Médio,Moderado,Masculino,72,médio
187,20,67,Baixo,Médio,Sim,7,76,Médio,Sim,0,Médio,Médio,Público,Neutro,4,Não,Ensino Médio,Perto,Masculino,63,médio
188,15,74,Baixo,Alto,Sim,4,68,Baixo,Sim,3,Baixo,Médio,Público,Positivo,3,Não,Ensino Médio,Perto,Feminino,64,médio
189,11,62,Médio,Alto,Sim,5,82,Médio,Sim,3,Alto,Médio,Privado,Neutro,4,Não,Faculdade,Moderado,Masculino,64,médio
190,17,71,Médio,Médio,Sim,8,90,Médio,Sim,5,Médio,Médio,Público,Positivo,1,Não,Pós-Graduação,Longe,Masculino,67,médio
191,25,91,Médio,Médio,Não,8,72,Baixo,Sim,2,Médio,Alto,Público,Positivo,0,Não,Pós-Graduação,Perto,Masculino,71,médio
192,21,95,Médio,Médio,Não,5,62,Alto,Sim,1,Médio,Baixo,Público,Positivo,4,Não,Ensino Médio,Perto,Masculino,70,médio
193,13,69,Médio,Baixo,Sim,9,96,Baixo,Sim,0,Alto,Médio,Privado,Neutro,4,Não,Ensino Médio,Longe,Feminino,61,médio
194,21,79,Médio,Alto,Sim,7,66,Baixo,Sim,2,Baixo,Médio,Público,Negativo,4,Não,Faculdade,Moderado,Masculino,67,médio
195,22,79,Alto,Médio,Não,5,100,Médio,Sim,4,Alto,Alto,Público,Negativo,3,Não,Faculdade,Perto,Masculino,72,médio
196,15,95,Baixo,Baixo,Sim,6,88,Baixo,Sim,1,Baixo,Médio,Público,Negativo,5,Não,Ensino Médio,Perto,Masculino,66,médio
197,21,91,Médio,Alto,Sim,5,84,Médio,Sim,1,Alto,Baixo,Público,Neutro,2,Não,Ensino Médio,Perto,Masculino,70,médio
198,20,81,Alto,Médio,Sim,6,51,Alto,Não,3,Médio,Médio,Público,Neutro,4,Sim,Ensino Médio,Perto,Masculino,67,médio
199,13,87,Alto,Baixo,Sim,4,72,Médio,Sim,2,Médio,Alto,Público,Neutro,3,Não,Ensino Médio,Moderado,Feminino,67,médio
200,22,94,Baixo,Médio,Sim,7,75,Alto,Sim,2,Alto,Médio,Público,Neutro,2,Não,Faculdade,Perto,Feminino,71,médio
201,23,60,Alto,Médio,Sim,8,69,Médio,Sim,1,Baixo,Médio,Privado,Positivo,4,Não,Faculdade,Perto,Masculino,66,médio
202,26,76,Médio,Médio,Sim,5,57,Médio,Sim,1,Médio,Médio,Público,Positivo,4,Não,Ensino Médio,Perto,Masculino,68,médio
203,26,96,Médio,Médio,Sim,7,68,Médio,Sim,3,Alto,Médio,Privado,Positivo,3,Não,Faculdade,Perto,Feminino,74,médio
204,12,90,Médio,Baixo,Sim,6,54,Médio,Não,1,Alto,Médio,Público,Neutro,3,Não,Ensino Médio,Perto,Masculino,64,médio
205,14,82,Médio,Médio,Não,8,65,Médio,Sim,1,Baixo,Médio,Privado,Positivo,3,Não,Faculdade,Perto,Masculino,65,médio
206,23,81,Baixo,Médio,Sim,4,54,Médio,Sim,1,Baixo,Médio,Público,Neutro,3,Não,Faculdade,Perto,Masculino,66,médio
207,23,74,Médio,Alto,Sim,8,88,Baixo,Sim,0,Médio,Alto,Público,Negativo,3,Sim,Ensino Médio,Perto,Masculino,66,médio
208,23,81,Médio,Baixo,Não,4,84,Médio,Sim,2,Médio,Médio,Público,Positivo,5,Não,Ensino Médio,Perto,Masculino,68,médio
209,43,86,Alto,Médio,Sim,7,97,Médio,Sim,2,Médio,Alto,Público,Positivo,1,Não,Ensino Médio,Perto,Feminino,78,médio
210,23,77,Médio,Alto,Sim,6,69,Baixo,Sim,1,Médio,Médio,Privado,Positivo,2,Não,Ensino Médio,Moderado,Feminino,67,médio
211,27,89,Médio,Alto,Sim,6,89,Médio,Sim,3,Médio,Médio,Privado,Positivo,3,Não,Ensino Médio,Perto,Masculino,74,médio
212,26,94,Médio,Alto,Não,5,79,Alto,Sim,1,Baixo,Alto,Público,Positivo,2,Não,Pós-Graduação,Perto,Masculino,74,médio
213,24,66,Médio,Baixo,Não,9,82,Baixo,Sim,1,Médio,Médio,Público,Neutro,2,Sim,Ensino Médio,Perto,Feminino,62,médio
214,18,78,Alto,Médio,Sim,5,77,Médio,Não,2,Médio,Médio,Público,Neutro,4,Não,Ensino Médio,Longe,Masculino,66,médio
215,25,76,Médio,Médio,Sim,5,89,Alto,Sim,3,Médio,Alto,Público,Neutro,3,Não,Ensino Médio,Longe,Feminino,69,médio
216,15,87,Médio,Alto,Sim,10,52,Médio,Sim,2,Baixo,Alto,Privado,Positivo,3,Não,Faculdade,Perto,Masculino,68,médio
217,19,70,Médio,Baixo,Não,7,54,Alto,Sim,0,Médio,Médio,Público,Positivo,2,Sim,Ensino Médio,Moderado,Masculino,89,alto
218,17,86,Alto,Baixo,Não,5,55,Baixo,Não,2,Alto,Médio,Privado,Neutro,4,Não,Faculdade,Perto,Masculino,66,médio
219,20,95,Baixo,Médio,Sim,7,64,Baixo,Não,2,Médio,Alto,Público,Neutro,3,Não,Ensino Médio,Perto,Feminino,68,médio
220,34,77,Médio,Baixo,Sim,7,80,Baixo,Sim,0,Médio,Médio,Público,Positivo,3,Não,Ensino Médio,Perto,Masculino,69,médio
221,9,96,Médio,Médio,Sim,4,82,Alto,Não,0,Baixo,Médio,Público,Positivo,4,Não,Faculdade,Perto,Masculino,67,médio
222,24,100,Alto,Alto,Sim,6,86,Baixo,Sim,2,Médio,Médio,Privado,Positivo,5,Não,Ensino Médio,Perto,Masculino,75,médio
223,10,64,Médio,Alto,Não,7,64,Alto,Sim,0,Médio,Médio,Público,Positivo,4,Sim,Ensino Médio,Moderado,Feminino,60,baixo
224,17,69,Alto,Médio,Sim,9,83,Médio,Sim,2,Médio,Alto,Privado,Positivo,4,Sim,Faculdade,Moderado,Feminino,66,médio
225,27,98,Baixo,Alto,Sim,7,56,Baixo,Sim,1,Alto,Médio,Privado,Positivo,3,Não,Faculdade,Perto,Feminino,73,médio
226,20,98,Médio,Baixo,Não,7,50,Baixo,Sim,1,Médio,Alto,Privado,Neutro,2,Não,Ensino Médio,Perto,Feminino,68,médio
227,14,64,Médio,Médio,Sim,6,85,Médio,Sim,0,Médio,Médio,Público,Neutro,3,Não,Ensino Médio,Perto,Masculino,62,médio
228,16,61,Médio,Médio,Não,9,86,Baixo,Sim,2,Baixo,Alto,Público,Positivo,2,Não,Ensino Médio,Perto,Masculino,62,médio
229,24,66,Alto,Baixo,Sim,8,81,Alto,Sim,1,Médio,Médio,Público,Neutro,4,Não,Ensino Médio,Longe,Masculino,65,médio
230,16,100,Alto,Baixo,Sim,8,63,Alto,Sim,2,Baixo,Médio,Público,Negativo,3,Não,Ensino Médio,Moderado,Masculino,69,médio
231,21,67,Médio,Médio,Não,7,96,Baixo,Sim,3,Baixo,Médio,Público,Neutro,2,Não,Ensino Médio,Longe,Feminino,64,médio
232,20,80,Médio,Alto,Não,5,94,Médio,Sim,0,Baixo,Baixo,Privado,Positivo,4,Sim,Pós-Graduação,Moderado,Feminino,67,médio
233,16,94,Alto,Alto,Sim,9,76,Médio,Sim,0,Baixo,Alto,Público,Neutro,2,Não,Ensino Médio,Perto,Masculino,70,médio
234,33,61,Médio,Médio,Não,7,99,Alto,Sim,2,Médio,Alto,Público,Neutro,3,Não,Faculdade,Perto,Feminino,70,médio
235,24,84,Alto,Baixo,Não,7,65,Baixo,Sim,3,Médio,Alto,Público,Positivo,3,Não,Ensino Médio,Perto,Feminino,69,médio
236,8,71,Alto,Baixo,Não,8,75,Médio,Sim,0,Médio,Alto,Público,Positivo,3,Não,Ensino Médio,Perto,Masculino,61,médio
237,21,94,Médio,Médio,Não,7,96,Baixo,Sim,0,Médio,Médio,Privado,Neutro,2,Sim,Pós-Graduação,Moderado,Masculino,69,médio
238,16,71,Alto,Médio,Sim,5,73,Médio,Sim,1,Médio,Médio,Público,Neutro,0,Sim,Ensino Médio,Perto,Masculino,63,médio
239,25,87,Médio,Baixo,Sim,7,74,Baixo,Sim,0,Médio,Alto,Público,Neutro,4,Sim,Ensino Médio,Perto,Masculino,67,médio
240,15,87,Baixo,Médio,Não,4,54,Médio,Sim,1,Médio,Médio,Público,Neutro,6,Não,Ensino Médio,Moderado,Masculino,65,médio
241,19,69,Médio,Médio,Sim,7,61,Alto,Sim,3,Alto,Alto,Público,Neutro,4,Não,Ensino Médio,Moderado,Masculino,66,médio
242,23,61,Baixo,Médio,Não,9,58,Médio,Sim,4,Médio,Médio,Público,Neutro,2,Não,Ensino Médio,Perto,Masculino,63,médio
243,25,76,Médio,Alto,Sim,4,78,Médio,Sim,2,Médio,Médio,Privado,Negativo,3,Não,Ensino Médio,Moderado,Feminino,68,médio
244,13,72,Alto,Alto,Não,7,66,Médio,Sim,0,Baixo,Alto,Público,Neutro,4,Não,Pós-Graduação,Perto,Masculino,65,médio
245,18,92,Baixo,Médio,Sim,8,54,Médio,Sim,1,Médio,Médio,Público,Positivo,3,Não,Ensino Médio,Perto,Masculino,67,médio
246,17,92,Baixo,Baixo,Sim,8,75,Médio,Sim,2,Médio,Alto,Público,Neutro,3,Não,Pós-Graduação,Perto,Feminino,68,médio
247,16,78,Médio,Alto,Não,6,83,Médio,Sim,0,Baixo,Baixo,Público,Neutro,3,Sim,Faculdade,Perto,Masculino,64,médio
248,31,84,Médio,Médio,Não,5,87,Alto,Sim,0,Médio,Médio,Privado,Positivo,3,Não,Faculdade,Moderado,Masculino,71,médio
249,22,84,Médio,Médio,Sim,6,92,Baixo,Sim,0,Médio,Médio,Público,Neutro,5,Não,Ensino Médio,Perto,Feminino,69,médio
250,12,93,Médio,Médio,Sim,9,74,Baixo,Sim,1,Médio,Médio,Público,Neutro,3,Não,Pós-Graduação,Moderado,Masculino,67,médio
251,26,77,Baixo,Médio,Não,4,70,Baixo,Sim,2,Alto,Baixo,Público,Neutro,3,Sim,Faculdade,Moderado,Feminino,65,médio
252,33,71,Baixo,Médio,Não,5,84,Médio,Sim,1,Médio,Médio,Público,Positivo,2,Não,Ensino Médio,Perto,Masculino,68,médio
253,26,71,Alto,Médio,Sim,6,51,Baixo,Não,1,Alto,Médio,Privado,Positivo,3,Não,Pós-Graduação,Moderado,Masculino,67,médio
254,11,81,Médio,Médio,Sim,6,82,Alto,Sim,3,Médio,Alto,Público,Neutro,4,Não,Ensino Médio,Perto,Masculino,67,médio
255,17,78,Médio,Alto,Sim,7,70,Médio,Não,2,Baixo,Alto,Público,Positivo,3,Não,Ensino Médio,Perto,Masculino,66,médio
256,28,78,Alto,Médio,Não,9,73,Alto,Sim,2,Médio,Médio,Público,Neutro,4,Não,Faculdade,Moderado,Feminino,70,médio
257,16,64,Alto,Baixo,Sim,5,65,Médio,Sim,3,Médio,Alto,Privado,Positivo,4,Não,Pós-Graduação,Moderado,Feminino,65,médio
258,23,89,Baixo,Baixo,Sim,7,56,Baixo,Sim,4,Médio,Baixo,Privado,Positivo,4,Não,Pós-Graduação,Perto,Feminino,69,médio
259,25,69,Médio,Médio,Sim,7,70,Baixo,Não,1,Alto,Alto,Público,Positivo,4,Não,Ensino Médio,Longe,Feminino,65,médio
260,14,68,Alto,Médio,Não,6,65,Médio,Sim,1,Alto,Médio,Público,Neutro,3,Sim,Faculdade,Perto,Masculino,63,médio
261,20,77,Médio,Médio,Não,5,98,Baixo,Sim,2,Baixo,Alto,Privado,Neutro,2,Não,Pós-Graduação,Longe,Feminino,67,médio
262,1,69,Alto,Médio,Sim,6,97,Médio,Sim,1,Baixo,Médio,Público,Positivo,3,Não,Ensino Médio,Perto,Feminino,61,médio
263,14,83,Médio,Baixo,Sim,6,82,Médio,Sim,0,Médio,Médio,Público,Positivo,2,Não,Ensino Médio,Perto,Feminino,65,médio
264,18,75,Baixo,Alto,Sim,8,95,Médio,Sim,1,Baixo,Baixo,Público,Neutro,2,Não,Faculdade,Perto,Feminino,66,médio
265,13,78,Médio,Alto,Sim,8,88,Alto,Sim,0,Alto,Baixo,Público,Neutro,3,Não,Faculdade,Perto,Masculino,66,médio
266,30,81,Médio,Baixo,Sim,5,67,Médio,Sim,1,Alto,Alto,Público,Negativo,1,Não,Ensino Médio,Perto,Masculino,69,médio
267,11,68,Médio,Médio,Não,6,80,Médio,Sim,2,Médio,Médio,Público,Positivo,3,Não,Faculdade,Moderado,Feminino,63,médio
268,17,66,Baixo,Alto,Não,6,61,Médio,Sim,1,Alto,Médio,Público,Positivo,6,Não,Pós-Graduação,Perto,Masculino,65,médio
269,21,95,Baixo,Baixo,Não,10,84,Baixo,Sim,0,Alto,Médio,Público,Neutro,4,Sim,Ensino Médio,Perto,Masculino,67,médio
270,29,77,Alto,Alto,Sim,7,52,Médio,Sim,2,Alto,Médio,Público,Negativo,3,Sim,Ensino Médio,Perto,Feminino,69,médio
271,11,76,Baixo,Médio,Sim,5,92,Médio,Sim,4,Médio,Baixo,Público,Negativo,2,Não,Pós-Graduação,Perto,Masculino,65,médio
272,27,61,Médio,Médio,Não,6,79,Médio,Sim,1,Baixo,Médio,Público,Positivo,3,Não,Ensino Médio,Moderado,Masculino,65,médio
273,20,80,Alto,Baixo,Sim,6,53,Médio,Sim,0,Baixo,Médio,Público,Neutro,2,Não,Faculdade,Moderado,Masculino,65,médio
274,14,82,Médio,Alto,Sim,8,94,Baixo,Sim,2,Baixo,Alto,Público,Negativo,5,Não,Faculdade,Longe,Feminino,67,médio
275,23,82,Baixo,Médio,Sim,8,94,Médio,Sim,1,Médio,Médio,Público,Negativo,2,Sim,Ensino Médio,Perto,Masculino,66,médio
276,21,88,Médio,Alto,Não,7,93,Médio,Sim,4,Baixo,Médio,Público,Positivo,3,Não,Ensino Médio,Perto,Feminino,72,médio
277,16,67,Médio,Alto,Não,7,89,Alto,Sim,3,Baixo,Médio,Público,Positivo,3,Não,Faculdade,Perto,Masculino,66,médio
278,20,70,Médio,Médio,Sim,7,84,Baixo,Não,2,Médio,Alto,Privado,Neutro,4,Não,Faculdade,Longe,Masculino,65,médio
279,18,92,Alto,Médio,Sim,7,70,Médio,Sim,1,Baixo,Médio,Público,Neutro,3,Não,Ensino Médio,Moderado,Masculino,69,médio
280,21,98,Médio,Baixo,Não,4,57,Médio,Sim,2,Alto,Baixo,Público,Neutro,2,Não,Ensino Médio,Perto,Feminino,68,médio
281,24,65,Médio,Baixo,Não,7,64,Baixo,Sim,1,Alto,Médio,Público,Neutro,1,Não,Pós-Graduação,Perto,Masculino,64,médio
282,30,80,Baixo,Alto,Não,6,67,Médio,Sim,3,Médio,Médio,Público,Negativo,4,Não,Faculdade,Moderado,Feminino,69,médio
283,13,69,Médio,Baixo,Sim,5,68,Baixo,Sim,0,Alto,Médio,Público,Positivo,1,Sim,Ensino Médio,Moderado,Feminino,59,baixo
284,33,62,Alto,Médio,Sim,10,78,Médio,Sim,0,Médio,Médio,Privado,Positivo,3,Não,Ensino Médio,Moderado,Feminino,68,médio
285,8,73,Médio,Médio,Não,7,60,Médio,Não,0,Alto,Médio,Privado,Neutro,3,Não,Ensino Médio,Perto,Feminino,60,baixo
286,19,66,Médio,Alto,Não,7,59,Médio,Sim,1,Alto,Médio,Público,Negativo,3,Não,Ensino Médio,Longe,Masculino,62,médio
287,24,88,Baixo,Médio,Sim,6,86,Baixo,Sim,0,Baixo,Baixo,Público,Negativo,3,Não,Faculdade,Perto,Masculino,67,médio
288,22,81,Baixo,Alto,Sim,8,50,Alto,Sim,4,Médio,Médio,Privado,Positivo,5,Não,Ensino Médio,Longe,Feminino,68,médio
289,16,66,Médio,Alto,Sim,5,57,Alto,Sim,3,Médio,Médio,Público,Positivo,3,Não,Ensino Médio,Moderado,Feminino,64,médio
290,19,60,Médio,Alto,Sim,7,72,Alto,Sim,3,Baixo,Alto,Público,Positivo,3,Não,Ensino Médio,Moderado,Feminino,65,médio
291,17,92,Baixo,Baixo,Sim,6,57,Médio,Sim,2,Médio,Médio,Privado,Positivo,2,Sim,Ensino Médio,Moderado,Feminino,65,médio
292,16,67,Alto,Médio,Não,8,98,Médio,Sim,0,Baixo,Baixo,Público,Neutro,3,Não,Ensino Médio,Perto,Feminino,63,médio
293,25,84,Médio,Baixo,Sim,6,84,Baixo,Sim,2,Médio,Alto,Público,Positivo,3,Não,Ensino Médio,Perto,Masculino,70,médio
294,22,73,Baixo,Médio,Sim,9,72,Baixo,Sim,3,Médio,Médio,Público,Positivo,3,Não,Ensino Médio,Perto,Feminino,66,médio
295,16,83,Médio,Alto,Sim,7,56,Baixo,Sim,4,Alto,Médio,Público,Positivo,3,Não,Ensino Médio,Perto,Feminino,68,médio
296,25,73,Baixo,Baixo,Não,8,69,Médio,Sim,3,Médio,Médio,Privado,Positivo,3,Não,Ensino Médio,Perto,Feminino,66,médio
297,22,63,Baixo,Baixo,Não,8,83,Médio,Sim,3,Médio,Médio,Privado,Negativo,1,Não,Faculdade,Perto,Masculino,63,médio
298,25,69,Alto,Médio,Sim,9,98,Médio,Sim,1,Baixo,Médio,Público,Negativo,3,Sim,Faculdade,Moderado,Feminino,66,médio
299,24,68,Médio,Médio,Sim,6,74,Médio,Sim,1,Médio,Médio,Público,Neutro,3,Não,Ensino Médio,Perto,Feminino,65,médio
300,15,77,Médio,Médio,Sim,8,85,Alto,Sim,1,Baixo,Médio,Público,Positivo,2,Não,Pós-Graduação,Moderado,Masculino,66,médio
301,17,86,Alto,Baixo,Sim,4,60,Alto,Sim,2,Alto,Baixo,Privado,Positivo,3,Sim,Faculdade,Moderado,Feminino,67,médio
302,24,71,Médio,Médio,Sim,7,81,Médio,Sim,0,Baixo,Médio,Privado,Positivo,3,Não,Ensino Médio,Perto,Masculino,66,médio
303,24,60,Baixo,Médio,Não,6,62,Alto,Sim,4,Baixo,Alto,Público,Negativo,3,Não,Ensino Médio,Perto,Feminino,63,médio
304,20,81,Médio,Médio,Sim,5,60,Baixo,Sim,3,Médio,Médio,Público,Positivo,4,Sim,Ensino Médio,Perto,Masculino,66,médio
305,21,84,Médio,Médio,Não,6,75,Baixo,Não,1,Alto,Médio,Público,Positivo,3,Não,Faculdade,Moderado,Masculino,67,médio
306,28,99,Médio,Médio,Sim,6,61,Médio,Não,1,Baixo,Médio,Público,Positivo,3,Não,Ensino Médio,Perto,Masculino,71,médio
307,16,84,Médio,Alto,Sim,7,86,Médio,Sim,1,Baixo,Médio,Privado,Neutro,2,Não,Ensino Médio,Perto,Feminino,67,médio
308,23,79,Médio,Alto,Sim,6,97,Médio,Sim,1,Alto,Baixo,Público,Neutro,4,Não,Ensino Médio,Moderado,Masculino,69,médio
309,19,83,Médio,Médio,Sim,7,70,Médio,Sim,2,Baixo,Médio,Público,Negativo,4,Sim,Pós-Graduação,Perto,Feminino,67,médio
310,19,97,Alto,Médio,Sim,6,66,Alto,Sim,2,Médio,Médio,Privado,Positivo,2,Não,Faculdade,Moderado,Feminino,72,médio
311,27,93,Alto,Baixo,Não,6,59,Alto,Sim,2,Baixo,Médio,Privado,Negativo,4,Não,Ensino Médio,Perto,Feminino,70,médio
312,25,73,Médio,Alto,Sim,7,70,Baixo,Sim,0,Baixo,Médio,Privado,Neutro,4,Não,Pós-Graduação,Moderado,Masculino,67,médio
313,25,69,Baixo,Alto,Sim,7,78,Médio,Sim,0,Baixo,Alto,Público,Negativo,3,Não,Ensino Médio,Longe,Feminino,64,médio
314,28,71,Médio,Médio,Não,8,69,Alto,Sim,1,Médio,Alto,Privado,Neutro,1,Não,Faculdade,Moderado,Feminino,67,médio
315,20,80,Baixo,Alto,Não,8,81,Médio,Sim,3,Médio,Médio,Privado,Negativo,4,Não,Pós-Graduação,Perto,Masculino,69,médio
316,24,90,Baixo,Baixo,Não,7,83,Médio,Sim,0,Baixo,Médio,Privado,Positivo,3,Não,Faculdade,Perto,Masculino,68,médio
317,18,80,Médio,Médio,Não,8,55,Baixo,Sim,2,Baixo,Baixo,Público,Neutro,3,Não,Ensino Médio,Moderado,Masculino,63,médio
318,22,63,Médio,Alto,Sim,7,85,Médio,Sim,4,Alto,Alto,Público,Negativo,3,Não,Faculdade,Perto,Feminino,68,médio
319,19,89,Alto,Médio,Sim,7,95,Médio,Sim,0,Médio,Médio,Público,Positivo,3,Não,Ensino Médio,Perto,Masculino,70,médio
320,21,92,Médio,Baixo,Sim,8,51,Baixo,Sim,0,Médio,Médio,Público,Neutro,2,Não,Faculdade,Moderado,Masculino,66,médio
321,24,72,Alto,Alto,Não,6,78,Alto,Sim,0,Baixo,Alto,Público,Negativo,6,Não,Ensino Médio,Perto,Feminino,68,médio
322,15,87,Alto,Baixo,Sim,4,80,Alto,Sim,0,Baixo,Médio,Privado,Positivo,3,Não,Faculdade,Perto,Masculino,67,médio
323,33,77,Baixo,Alto,Sim,5,85,Médio,Sim,0,Baixo,Médio,Privado,Neutro,5,Não,Ensino Médio,Longe,Feminino,69,médio
324,14,96,Médio,Baixo,Sim,9,69,Alto,Sim,0,Médio,Médio,Privado,Negativo,3,Sim,Faculdade,Perto,Feminino,66,médio
325,13,94,Médio,Médio,Sim,7,91,Baixo,Sim,3,Baixo,Médio,Público,Neutro,3,Não,Ensino Médio,Perto,Masculino,68,médio
326,27,81,Médio,Médio,Sim,7,77,Médio,Sim,2,Médio,Baixo,Público,Neutro,2,Sim,Pós-Graduação,Moderado,Feminino,69,médio
327,25,88,Médio,Médio,Sim,7,70,Baixo,Sim,1,Médio,Médio,Privado,Positivo,3,Não,Pós-Graduação,Moderado,Masculino,70,médio
328,24,95,Médio,Alto,Sim,8,86,Alto,Sim,1,Médio,Alto,Privado,Neutro,3,Não,Faculdade,Perto,Masculino,74,médio
329,24,80,Médio,Alto,Sim,7,96,Alto,Sim,0,Baixo,Alto,Público,Positivo,0,Não,Faculdade,Moderado,Feminino,70,médio
330,20,73,Médio,Médio,Sim,7,91,Baixo,Sim,1,Médio,Alto,Público,Neutro,2,Não,Pós-Graduação,Moderado,Masculino,66,médio
331,15,90,Alto,Médio,Sim,8,97,Médio,Sim,1,Baixo,Alto,Privado,Negativo,3,Não,Faculdade,Perto,Feminino,69,médio
332,20,69,Médio,Alto,Não,6,63,Baixo,Sim,0,Baixo,Médio,Público,Negativo,3,Não,Pós-Graduação,Perto,Masculino,64,médio
333,16,76,Baixo,Alto,Sim,8,56,Médio,Não,1,Baixo,Médio,Público,Positivo,1,Não,Ensino Médio,Perto,Masculino,62,médio
334,26,95,Baixo,Alto,Não,7,77,Médio,Sim,0,Médio,Médio,Público,Neutro,3,Não,Ensino Médio,Moderado,Feminino,70,médio
335,19,89,Alto,Médio,Sim,7,52,Médio,Sim,2,Médio,Médio,Público,Negativo,4,Não,Ensino Médio,Moderado,Masculino,68,médio
336,15,76,Médio,Médio,Sim,6,84,Baixo,Sim,0,Médio,Alto,Público,Neutro,3,Não,Faculdade,Perto,Feminino,65,médio
337,18,69,Alto,Alto,Não,7,62,Baixo,Sim,3,Médio,Médio,Público,Positivo,3,Não,Ensino Médio,Moderado,Masculino,65,médio
338,22,74,Alto,Alto,Sim,6,73,Baixo,Sim,3,Alto,Alto,Público,Positivo,4,Não,Pós-Graduação,Moderado,Feminino,71,médio
339,17,71,Alto,Médio,Sim,9,83,Baixo,Sim,2,Médio,Médio,Público,Neutro,5,Não,Ensino Médio,Perto,Masculino,66,médio
340,15,67,Médio,Médio,Não,4,74,Médio,Sim,0,Baixo,Médio,Público,Negativo,3,Não,Faculdade,Moderado,Masculino,61,médio
341,21,90,Baixo,Médio,Sim,8,62,Baixo,Sim,2,Médio,Alto,Público,Negativo,5,Sim,Ensino Médio,Perto,Masculino,67,médio
342,21,70,Baixo,Alto,Sim,4,94,Médio,Sim,0,Baixo,Alto,Privado,Neutro,2,Não,Faculdade,Longe,Masculino,65,médio
343,17,78,Médio,Alto,Não,8,88,Médio,Sim,0,Baixo,Médio,Público,Negativo,3,Não,Ensino Médio,Perto,Feminino,65,médio
344,17,75,Médio,Alto,Sim,6,80,Médio,Não,1,Baixo,Médio,Privado,Positivo,5,Não,Ensino Médio,Moderado,Masculino,65,médio
345,21,99,Médio,Médio,Não,8,85,Alto,Sim,4,Médio,Médio,Público,Positivo,4,Não,Ensino Médio,Moderado,Masculino,73,médio
346,11,76,Médio,Médio,Sim,7,71,Médio,Não,1,Médio,Baixo,Público,Neutro,2,Não,Faculdade,Perto,Masculino,62,médio
347,12,63,Médio,Alto,Sim,5,69,Baixo,Sim,0,Médio,Alto,Público,Negativo,2,Não,Faculdade,Moderado,Feminino,60,baixo
348,16,64,Baixo,Médio,Sim,9,58,Baixo,Sim,1,Médio,Médio,Público,Positivo,3,Não,Faculdade,Moderado,Feminino,61,médio
349,19,84,Baixo,Médio,Sim,8,90,Alto,Sim,2,Baixo,Médio,Privado,Neutro,3,Não,Pós-Graduação,Longe,Masculino,67,médio
350,22,84,Alto,Médio,Não,8,69,Médio,Não,3,Médio,Alto,Privado,Neutro,4,Não,Faculdade,Perto,Masculino,70,médio
351,29,77,Baixo,Alto,Não,6,85,Médio,Sim,1,Médio,Médio,Público,Positivo,1,Não,Faculdade,Perto,Masculino,69,médio
352,25,77,Médio,Baixo,Sim,8,65,Alto,Não,0,Médio,Médio,Público,Positivo,5,Não,Faculdade,Longe,Feminino,66,médio
353,19,62,Médio,Médio,Não,5,90,Baixo,Sim,2,Baixo,Alto,Público,Positivo,3,Não,Faculdade,Moderado,Masculino,64,médio
354,20,81,Alto,Médio,Sim,4,55,Médio,Sim,1,Alto,Médio,Privado,Positivo,2,Não,Pós-Graduação,Moderado,Masculino,68,médio
355,14,80,Alto,Médio,Sim,5,81,Médio,Sim,1,Baixo,Médio,Público,Positivo,4,Não,Pós-Graduação,Longe,Feminino,67,médio
356,20,66,Médio,Médio,Não,6,90,Alto,Sim,0,Médio,Médio,Público,Neutro,1,Não,Faculdade,Perto,Feminino,64,médio
357,18,64,Médio,Médio,Sim,6,83,Alto,Sim,2,Baixo,Médio,Público,Positivo,2,Não,Faculdade,Perto,Masculino,65,médio
358,22,65,Baixo,Alto,Sim,6,85,Médio,Sim,2,Alto,Médio,Público,Positivo,3,Sim,Pós-Graduação,Perto,Feminino,66,médio
359,15,64,Médio,Médio,Sim,6,76,Alto,Sim,2,Médio,Médio,Privado,Positivo,4,Sim,Ensino Médio,Perto,Feminino,63,médio
360,23,84,Alto,Médio,Sim,6,78,Baixo,Sim,2,Baixo,Baixo,Público,Negativo,2,Não,Ensino Médio,Moderado,Feminino,68,médio
361,29,68,Médio,Alto,Sim,4,53,Médio,Sim,1,Médio,Médio,Privado,Negativo,4,Não,Ensino Médio,Longe,Masculino,66,médio
362,19,70,Médio,Médio,Não,7,63,Baixo,Não,3,Baixo,Baixo,Público,Neutro,5,Não,Ensino Médio,Perto,Masculino,63,médio
363,22,67,Baixo,Médio,Não,7,86,Baixo,Sim,1,Baixo,Médio,Público,Positivo,3,Não,Ensino Médio,Moderado,Feminino,63,médio
364,24,98,Alto,Médio,Sim,6,97,Médio,Sim,1,Médio,Médio,Público,Positivo,4,Não,Faculdade,Longe,Masculino,74,médio
365,18,94,Médio,Alto,Sim,9,77,Baixo,Sim,1,Médio,Alto,Público,Positivo,2,Não,Faculdade,Moderado,Masculino,70,médio
366,21,69,Alto,Alto,Sim,7,86,Médio,Sim,2,Baixo,Médio,Privado,Neutro,3,Não,Ensino Médio,Perto,Masculino,68,médio
367,20,73,Médio,Médio,Sim,7,84,Médio,Sim,0,Médio,Médio,Público,Neutro,4,Não,Pós-Graduação,Moderado,Feminino,66,médio
368,21,68,Médio,Baixo,Não,8,100,Baixo,Sim,0,Médio,Médio,Público,Positivo,4,Não,Ensino Médio,Longe,Masculino,63,médio
369,15,80,Baixo,Alto,Não,5,90,Médio,Sim,4,Baixo,Médio,Público,Positivo,3,Não,Faculdade,Longe,Feminino,67,médio
370,20,61,Médio,Médio,Não,7,81,Médio,Sim,1,Médio,Baixo,Público,Neutro,3,Não,Ensino Médio,Moderado,Masculino,62,médio
371,23,87,Alto,Alto,Não,8,56,Médio,Sim,1,Médio,Alto,Público,Positivo,3,Não,Pós-Graduação,Moderado,Masculino,71,médio
372,29,81,Alto,Médio,Não,7,68,Médio,Sim,2,Médio,Médio,Público,Neutro,4,Não,Pós-Graduação,Perto,Masculino,72,médio
373,26,96,Médio,Médio,Sim,5,63,Médio,Não,1,Alto,Médio,Privado,Positivo,2,Não,Pós-Graduação,Perto,Masculino,72,médio
374,33,67,Médio,Médio,Sim,6,93,Alto,Sim,0,Baixo,Alto,Público,Neutro,3,Não,Ensino Médio,Longe,Feminino,68,médio
375,15,92,Médio,Baixo,Sim,7,72,Baixo,Sim,1,Médio,Médio,Público,Negativo,5,Não,Ensino Médio,Perto,Feminino,66,médio
376,25,92,Médio,Médio,Não,4,77,Médio,Sim,0,Baixo,Médio,Público,Positivo,3,Não,Ensino Médio,Perto,Masculino,70,médio
377,21,65,Médio,Baixo,Sim,5,98,Alto,Não,2,Baixo,Médio,Privado,Positivo,4,Não,Pós-Graduação,Perto,Masculino,66,médio
378,33,76,Médio,Médio,Sim,10,92,Baixo,Sim,1,Alto,Médio,Privado,Positivo,3,Não,Pós-Graduação,Perto,Feminino,72,médio
379,15,67,Alto,Médio,Sim,8,89,Baixo,Sim,0,Alto,Alto,Público,Neutro,4,Não,Ensino Médio,Moderado,Feminino,64,médio
380,15,70,Alto,Médio,Não,9,57,Médio,Sim,1,Médio,Médio,Privado,Negativo,3,Não,Ensino Médio,Perto,Feminino,63,médio
381,16,71,Médio,Médio,Não,8,51,Médio,Sim,0,Baixo,Médio,Público,Negativo,2,Não,Pós-Graduação,Longe,Feminino,61,médio
382,7,82,Alto,Alto,Sim,8,56,Médio,Sim,0,Baixo,Médio,Privado,Negativo,2,Não,Ensino Médio,Longe,Masculino,62,médio
383,17,76,Médio,Alto,Não,7,87,Alto,Sim,1,Médio,Alto,Público,Positivo,4,Não,Ensino Médio,Perto,Feminino,68,médio
384,15,98,Baixo,Médio,Sim,8,71,Baixo,Sim,1,Médio,Médio,Público,Positivo,3,Não,Ensino Médio,Perto,Masculino,68,médio
385,21,65,Baixo,Médio,Não,9,56,Alto,Sim,1,Médio,Médio,Público,Positivo,5,Não,Ensino Médio,Moderado,Masculino,63,médio
386,22,99,Médio,Baixo,Sim,8,87,Baixo,Sim,1,Médio,Médio,Privado,Neutro,4,Não,Ensino Médio,Moderado,Feminino,70,médio
387,31,69,Alto,Baixo,Sim,7,60,Médio,Sim,1,Baixo,Médio,Público,Neutro,3,Não,Pós-Graduação,Perto,Feminino,68,médio
388,26,91,Alto,Médio,Sim,7,79,Médio,Sim,1,Baixo,Médio,Privado,Neutro,5,Não,Ensino Médio,Perto,Feminino,72,médio
389,17,74,Médio,Médio,Sim,8,87,Médio,Sim,4,Baixo,Baixo,Público,Positivo,3,Não,Faculdade,Perto,Masculino,67,médio
390,15,66,Baixo,Alto,Não,6,80,Médio,Não,1,Baixo,Médio,Privado,Neutro,1,Não,Faculdade,Perto,Masculino,61,médio
391,23,94,Baixo,Médio,Não,8,100,Médio,Não,0,Baixo,Médio,Público,Neutro,3,Não,Pós-Graduação,Perto,Masculino,69,médio
392,12,72,Médio,Baixo,Sim,6,72,Alto,Sim,2,Baixo,Alto,Privado,Negativo,2,Não,Ensino Médio,Moderado,Feminino,61,médio
393,31,86,Alto,Alto,Sim,6,66,Médio,Sim,3,Médio,Médio,Público,Positivo,3,Não,Faculdade,Moderado,Masculino,75,médio
394,27,83,Alto,Baixo,Não,5,60,Médio,Sim,0,Alto,Baixo,Público,Neutro,2,Não,Faculdade,Moderado,Feminino,68,médio
395,17,79,Médio,Baixo,Sim,6,75,Baixo,Sim,1,Médio,Alto,Público,Neutro,4,Não,Ensino Médio,Perto,Masculino,65,médio
396,10,80,Alto,Médio,Sim,6,93,Alto,Sim,4,Médio,Médio,Público,Negativo,3,Não,Faculdade,Moderado,Feminino,67,médio
397,28,89,Médio,Alto,Sim,10,97,Alto,Sim,3,Médio,Baixo,Público,Negativo,6,Não,Ensino Médio,Perto,Feminino,75,médio
398,19,64,Baixo,Médio,Não,6,99,Médio,Sim,1,Médio,Médio,Público,Positivo,3,Não,Faculdade,Perto,Masculino,64,médio
399,27,87,Médio,Médio,Não,8,77,Médio,Sim,1,Baixo,Alto,Público,Neutro,4,Não,Ensino Médio,Moderado,Masculino,70,médio
400,10,96,Alto,Alto,Não,6,80,Médio,Não,0,Médio,Médio,Público,Neutro,4,Não,Ensino Médio,Moderado,Feminino,67,médio
401,16,62,Médio,Médio,Sim,7,79,Baixo,Sim,2,Médio,Médio,Público,Neutro,3,Não,Ensino Médio,Perto,Masculino,63,médio
402,20,66,Alto,Alto,Não,7,73,Médio,Sim,1,Médio,Médio,Público,Negativo,4,Não,Faculdade,Perto,Feminino,65,médio
403,20,89,Médio,Médio,Sim,4,58,Médio,Sim,1,Médio,Médio,Público,Positivo,3,Não,Ensino Médio,Longe,Feminino,67,médio
404,17,77,Baixo,Alto,Sim,5,53,Médio,Sim,2,Alto,Médio,Público,Neutro,3,Não,Faculdade,Perto,Masculino,86,alto
405,24,76,Baixo,Alto,Não,6,72,Alto,Sim,3,Médio,Alto,Público,Neutro,3,Sim,Ensino Médio,Moderado,Feminino,67,médio
406,14,65,Alto,Médio,Não,5,59,Baixo,Sim,1,Alto,Médio,Público,Positivo,4,Não,Pós-Graduação,Longe,Masculino,63,médio
407,19,80,Médio,Médio,Não,7,94,Médio,Sim,0,Médio,Baixo,Público,Neutro,3,Não,Faculdade,Moderado,Feminino,66,médio
408,21,65,Alto,Alto,Não,7,88,Baixo,Sim,2,Baixo,Médio,Privado,Neutro,1,Não,Ensino Médio,Perto,Masculino,65,médio
409,23,79,Médio,Médio,Não,5,81,Médio,Sim,1,Médio,Médio,Privado,Neutro,3,Não,Ensino Médio,Perto,Feminino,67,médio
410,24,91,Médio,Médio,Não,7,52,Baixo,Sim,0,Alto,Alto,Público,Neutro,4,Não,Faculdade,Perto,Masculino,69,médio
411,13,70,Alto,Alto,Não,6,81,Médio,Sim,2,Médio,Baixo,Público,Positivo,2,Não,Pós-Graduação,Perto,Masculino,66,médio
412,11,79,Médio,Médio,Sim,7,81,Médio,Sim,1,Alto,Médio,Público,Neutro,2,Não,Ensino Médio,Moderado,Masculino,64,médio
413,28,100,Alto,Baixo,Sim,6,72,Médio,Sim,1,Baixo,Médio,Público,Negativo,2,Não,Pós-Graduação,Perto,Feminino,73,médio
414,22,87,Baixo,Médio,Não,8,83,Baixo,Sim,1,Baixo,Médio,Público,Neutro,1,Não,Faculdade,Longe,Masculino,66,médio
415,16,94,Médio,Médio,Não,9,93,Baixo,Sim,1,Baixo,Médio,Público,Negativo,4,Não,Pós-Graduação,Perto,Feminino,68,médio
416,29,77,Alto,Baixo,Sim,8,88,Baixo,Sim,0,Médio,Alto,Público,Positivo,4,Não,Faculdade,Moderado,Masculino,70,médio
417,21,91,Alto,Médio,Não,9,74,Médio,Sim,2,Baixo,Baixo,Privado,Negativo,2,Não,Ensino Médio,Perto,Feminino,69,médio
418,27,62,Médio,Alto,Sim,5,63,Baixo,Sim,4,Alto,Médio,Público,Negativo,4,Não,Ensino Médio,Perto,Feminino,67,médio
419,20,65,Médio,Baixo,Não,6,74,Baixo,Sim,0,Médio,Médio,Privado,Positivo,3,Não,Faculdade,Moderado,Masculino,62,médio
420,32,68,Médio,Baixo,Não,8,97,Alto,Sim,1,Baixo,Médio,Público,Positivo,2,Não,Ensino Médio,Perto,Masculino,68,médio
421,31,76,Médio,Alto,Sim,9,91,Médio,Sim,1,Baixo,Médio,Privado,Neutro,4,Não,Pós-Graduação,Perto,Masculino,72,médio
422,19,94,Baixo,Médio,Não,8,51,Médio,Sim,3,Médio,Baixo,Privado,Positivo,5,Não,Pós-Graduação,Perto,Masculino,69,médio
423,26,74,Baixo,Baixo,Não,5,89,Baixo,Sim,3,Alto,Alto,Privado,Negativo,2,Não,Ensino Médio,Perto,Masculino,66,médio
424,24,86,Alto,Alto,Não,6,59,Médio,Sim,1,Baixo,Médio,Público,Positivo,3,Não,Ensino Médio,Moderado,Feminino,70,médio
425,28,88,Alto,Médio,Não,8,79,Médio,Sim,0,Médio,Médio,Público,Positivo,3,Não,Ensino Médio,Longe,Masculino,71,médio
426,14,83,Médio,Médio,Sim,7,90,Médio,Sim,0,Baixo,Baixo,Público,Negativo,3,Não,Faculdade,Perto,Feminino,65,médio
427,24,74,Alto,Médio,Sim,6,78,Médio,Sim,3,Baixo,Alto,Público,Positivo,3,Não,Faculdade,Perto,Feminino,70,médio
428,26,83,Baixo,Baixo,Não,7,70,Alto,Não,2,Médio,Alto,Público,Negativo,4,Sim,Ensino Médio,Moderado,Masculino,65,médio
429,9,74,Médio,Alto,Não,7,66,Baixo,Sim,1,Alto,Alto,Privado,Neutro,3,Não,Ensino Médio,Longe,Feminino,62,médio
430,13,63,Alto,Médio,Sim,5,65,Médio,Sim,2,Alto,Médio,Privado,Neutro,2,Não,Ensino Médio,Longe,Masculino,62,médio
431,8,100,Alto,Médio,Sim,8,92,Médio,Sim,1,Médio,Alto,Público,Neutro,3,Não,Pós-Graduação,Moderado,Feminino,70,médio
432,18,65,Médio,Alto,Sim,6,91,Médio,Não,5,Baixo,Médio,Privado,Neutro,3,Não,Faculdade,Perto,Masculino,66,médio
433,24,63,Alto,Baixo,Sim,7,91,Baixo,Sim,4,Baixo,Médio,Privado,Positivo,4,Não,Ensino Médio,Perto,Feminino,67,médio
434,29,95,Médio,Baixo,Não,9,64,Médio,Sim,1,Médio,Alto,Público,Positivo,3,Não,Ensino Médio,Perto,Feminino,72,médio
435,20,72,Alto,Baixo,Sim,7,90,Baixo,Sim,0,Baixo,Alto,Privado,Negativo,3,Não,Pós-Graduação,Perto,Feminino,66,médio
436,30,86,Médio,Baixo,Sim,8,52,Médio,Sim,2,Médio,Médio,Público,Negativo,2,Sim,Faculdade,Moderado,Feminino,68,médio
437,12,73,Alto,Médio,Não,5,60,Médio,Sim,1,Baixo,Médio,Público,Negativo,4,Não,Ensino Médio,Moderado,Masculino,62,médio
438,10,76,Baixo,Médio,Sim,8,76,Médio,Sim,2,Alto,Alto,Privado,Positivo,3,Sim,Pós-Graduação,Moderado,Masculino,64,médio
439,20,70,Médio,Médio,Não,8,70,Médio,Sim,0,Baixo,Médio,Público,Neutro,5,Não,Pós-Graduação,Perto,Feminino,65,médio
440,22,74,Médio,Baixo,Sim,6,56,Baixo,Sim,4,Médio,Alto,Público,Negativo,3,Não,Pós-Graduação,Moderado,Masculino,66,médio
441,20,76,Médio,Baixo,Não,7,52,Médio,Sim,2,Baixo,Alto,Privado,Neutro,3,Não,Ensino Médio,Perto,Feminino,64,médio
442,8,89,Médio,Alto,Sim,7,81,Baixo,Sim,4,Baixo,Médio,Público,Neutro,3,Não,Faculdade,Perto,Masculino,67,médio
443,19,80,Alto,Médio,Sim,7,66,Baixo,Sim,4,Médio,Médio,Público,Negativo,4,Não,Faculdade,Perto,Feminino,69,médio
444,12,98,Alto,Médio,Sim,8,51,Médio,Sim,0,Médio,Baixo,Público,Positivo,5,Não,Pós-Graduação,Moderado,Masculino,68,médio
445,24,62,Médio,Médio,Não,6,72,Alto,Sim,2,Baixo,Baixo,Público,Neutro,4,Não,Ensino Médio,Perto,Masculino,64,médio
446,22,80,Alto,Médio,Sim,7,65,Médio,Sim,2,Alto,Médio,Privado,Neutro,2,Não,Ensino Médio,Moderado,Feminino,68,médio
447,14,83,Baixo,Baixo,Sim,9,79,Médio,Sim,1,Médio,Baixo,Público,Positivo,3,Não,Ensino Médio,Perto,Masculino,64,médio
448,17,97,Médio,Alto,Não,9,96,Alto,Sim,0,Alto,Médio,Público,Negativo,1,Não,Pós-Graduação,Perto,Masculino,71,médio
449,14,62,Alto,Alto,Sim,8,65,Baixo,Sim,3,Baixo,Médio,Público,Negativo,2,Não,Ensino Médio,Longe,Masculino,61,médio
450,20,83,Baixo,Médio,Não,7,100,Médio,Sim,4,Baixo,Médio,Público,Negativo,3,Não,Faculdade,Perto,Masculino,68,médio
451,26,94,Alto,Médio,Sim,10,54,Baixo,Sim,2,Alto,Médio,Público,Neutro,5,Não,Ensino Médio,Perto,Masculino,73,médio
452,14,70,Alto,Médio,Sim,9,54,Médio,Não,3,Médio,Médio,Público,Positivo,1,Não,Faculdade,Perto,Masculino,64,médio
453,23,95,Médio,Médio,Sim,7,86,Médio,Sim,3,Baixo,Médio,Público,Positivo,4,Sim,Pós-Graduação,Longe,Masculino,72,médio
454,17,61,Médio,Médio,Sim,7,87,Alto,Sim,5,Médio,Médio,Público,Neutro,3,Não,Ensino Médio,Perto,Masculino,65,médio
455,15,89,Médio,Médio,Sim,6,71,Médio,Sim,1,Médio,Alto,Público,Positivo,4,Não,Ensino Médio,Perto,Feminino,68,médio
456,19,97,Alto,Baixo,Sim,8,64,Médio,Sim,2,Baixo,Alto,Público,Positivo,3,Não,Ensino Médio,Perto,Masculino,71,médio
457,14,86,Médio,Baixo,Sim,8,90,Médio,Não,3,Médio,Médio,Público,Negativo,3,Sim,Pós-Graduação,Perto,Masculino,65,médio
458,17,78,Médio,Médio,Não,8,98,Baixo,Sim,2,Médio,Médio,Privado,Positivo,2,Não,Ensino Médio,Perto,Masculino,66,médio
459,13,62,Baixo,Alto,Não,7,99,Médio,Sim,4,Médio,Baixo,Público,Positivo,1,Não,Pós-Graduação,Moderado,Feminino,63,médio
460,32,97,Médio,Alto,Não,5,82,Médio,Sim,1,Médio,Médio,Público,Neutro,3,Não,Ensino Médio,Moderado,Masculino,74,médio
461,20,79,Alto,Baixo,Sim,7,87,Baixo,Não,2,Médio,Alto,Privado,Neutro,4,Sim,Ensino Médio,Perto,Feminino,66,médio
462,16,61,Médio,Baixo,Não,8,91,Alto,Sim,2,Médio,Alto,Público,Neutro,3,Não,Faculdade,Moderado,Masculino,63,médio
463,21,88,Alto,Médio,Sim,6,90,Alto,Sim,2,Alto,Médio,Privado,Neutro,4,Não,Ensino Médio,Moderado,Masculino,72,médio
464,19,79,Médio,Alto,Não,7,100,Baixo,Sim,1,Alto,Alto,Público,Positivo,2,Não,Faculdade,Longe,Feminino,69,médio
465,19,65,Médio,Alto,Sim,9,91,Médio,Sim,1,Médio,Alto,Público,Positivo,4,Não,Faculdade,Perto,Masculino,67,médio
466,24,69,Baixo,Alto,Não,5,83,Baixo,Sim,3,Baixo,Médio,Privado,Neutro,3,Não,Ensino Médio,Perto,Masculino,66,médio
467,25,63,Alto,Médio,Não,7,69,Médio,Sim,0,Baixo,Alto,Privado,Negativo,5,Não,Ensino Médio,Moderado,Feminino,64,médio
468,17,83,Baixo,Médio,Não,9,80,Médio,Sim,4,Médio,Alto,Público,Negativo,2,Não,Faculdade,Perto,Feminino,67,médio
469,17,85,Médio,Baixo,Não,7,94,Alto,Sim,4,Baixo,Médio,Público,Positivo,3,Não,Faculdade,Perto,Feminino,69,médio
470,18,80,Médio,Baixo,Sim,6,65,Médio,Sim,2,Baixo,Alto,Público,Negativo,2,Não,Faculdade,Perto,Feminino,65,médio
471,6,93,Médio,Médio,Não,7,52,Alto,Sim,0,Médio,Médio,Público,Neutro,2,Não,Faculdade,Perto,Feminino,64,médio
472,11,94,Médio,Baixo,Sim,8,66,Alto,Não,1,Alto,Baixo,Público,Neutro,4,Não,Ensino Médio,Perto,Feminino,65,médio
473,28,85,Médio,Alto,Sim,7,98,Médio,Sim,2,Baixo,Alto,Privado,Positivo,1,Sim,Ensino Médio,Perto,Masculino,72,médio
474,30,61,Baixo,Alto,Sim,8,90,Médio,Sim,2,Baixo,Alto,Público,Negativo,2,Não,Ensino Médio,Moderado,Feminino,66,médio
475,19,88,Médio,Baixo,Não,7,59,Médio,Sim,2,Baixo,Médio,Público,Neutro,3,Não,Faculdade,Perto,Feminino,66,médio
476,23,77,Alto,Alto,Sim,7,51,Médio,Sim,1,Baixo,Baixo,Privado,Positivo,3,Não,Faculdade,Moderado,Masculino,67,médio
477,22,83,Médio,Médio,Sim,8,83,Alto,Sim,1,Alto,Médio,Privado,Negativo,3,Sim,Pós-Graduação,Moderado,Masculino,69,médio
478,38,86,Baixo,Alto,Sim,7,79,Baixo,Sim,3,Baixo,Médio,Público,Negativo,3,Não,Ensino Médio,Perto,Masculino,73,médio
479,27,74,Médio,Alto,Não,6,54,Médio,Sim,3,Médio,Médio,Público,Neutro,3,Não,Faculdade,Perto,Feminino,69,médio
480,19,97,Médio,Baixo,Não,8,98,Médio,Sim,1,Baixo,Médio,Privado,Neutro,4,Sim,Ensino Médio,Perto,Masculino,68,médio
481,14,65,Baixo,Médio,Sim,7,81,Médio,Sim,1,Baixo,Médio,Público,Positivo,3,Não,Ensino Médio,Moderado,Feminino,61,médio
482,10,87,Médio,Baixo,Sim,6,83,Médio,Não,0,Baixo,Médio,Público,Positivo,4,Não,Ensino Médio,Perto,Masculino,63,médio
483,21,60,Médio,Alto,Sim,8,93,Baixo,Sim,0,Baixo,Médio,Público,Positivo,2,Não,Ensino Médio,Longe,Feminino,63,médio
484,15,97,Baixo,Médio,Sim,9,67,Médio,Sim,1,Baixo,Alto,Público,Neutro,2,Não,Faculdade,Perto,Masculino,68,médio
485,11,65,Médio,Alto,Não,7,78,Médio,Sim,2,Baixo,Médio,Público,Neutro,3,Não,Pós-Graduação,Perto,Feminino,63,médio
486,16,64,Alto,Médio,Sim,7,79,Médio,Sim,3,Médio,Médio,Privado,Positivo,4,Sim,Pós-Graduação,Perto,Feminino,66,médio
487,14,73,Alto,Médio,Sim,5,98,Médio,Sim,2,Baixo,Médio,Público,Negativo,4,Não,Ensino Médio,Moderado,Feminino,65,médio
488,30,75,Alto,Alto,Não,7,57,Alto,Sim,0,Baixo,Médio,Público,Neutro,1,Sim,Faculdade,Perto,Feminino,68,médio
489,25,69,Médio,Médio,Sim,7,88,Alto,Sim,0,Baixo,Médio,Público,Negativo,4,Não,Faculdade,Perto,Feminino,66,médio
490,20,83,Baixo,Baixo,Não,7,79,Baixo,Não,2,Médio,Médio,Público,Positivo,5,Não,Pós-Graduação,Moderado,Masculino,66,médio
491,29,78,Alto,Médio,Não,6,92,Médio,Sim,2,Baixo,Médio,Privado,Negativo,4,Não,Ensino Médio,Perto,Masculino,70,médio
492,20,61,Baixo,Baixo,Sim,8,92,Médio,Sim,0,Médio,Médio,Público,Negativo,2,Não,Ensino Médio,Perto,Feminino,61,médio
493,15,73,Médio,Baixo,Sim,7,51,Médio,Sim,2,Baixo,Alto,Privado,Negativo,3,Não,Ensino Médio,Moderado,Masculino,61,médio
494,29,92,Médio,Médio,Sim,10,63,Alto,Sim,1,Baixo,Alto,Privado,Negativo,4,Não,Ensino Médio,Moderado,Masculino,71,médio
495,23,88,Baixo,Médio,Sim,7,59,Médio,Sim,1,Médio,Médio,Público,Negativo,2,Não,Ensino Médio,Perto,Masculino,67,médio
496,14,89,Alto,Alto,Sim,4,73,Médio,Sim,2,Médio,Alto,Público,Negativo,3,Não,Faculdade,Perto,Masculino,70,médio
497,19,88,Alto,Médio,Não,5,95,Médio,Sim,2,Baixo,Médio,Privado,Negativo,4,Não,Faculdade,Moderado,Masculino,69,médio
498,15,72,Alto,Alto,Não,8,50,Médio,Sim,2,Médio,Médio,Público,Neutro,4,Não,Ensino Médio,Perto,Feminino,65,médio
499,12,64,Alto,Baixo,Sim,6,74,Alto,Sim,0,Médio,Médio,Público,Positivo,2,Não,Ensino Médio,Moderado,Masculino,61,médio
500,26,71,Médio,Baixo,Não,6,94,Baixo,Sim,3,Baixo,Médio,Público,Positivo,4,Não,Pós-Graduação,Perto,Masculino,68,médio
501,31,93,Alto,Baixo,Sim,5,96,Médio,Sim,2,Baixo,Médio,Público,Positivo,2,Não,Ensino Médio,Perto,Masculino,74,médio
502,12,99,Médio,Médio,Não,6,83,Baixo,Sim,1,Médio,Médio,Público,Negativo,3,Não,Ensino Médio,Perto,Feminino,67,médio
503,23,80,Médio,Médio,Sim,7,91,Baixo,Sim,5,Alto,Médio,Público,Negativo,1,Não,Ensino Médio,Perto,Feminino,70,médio
504,16,60,Baixo,Médio,Sim,8,66,Baixo,Sim,1,Alto,Alto,Privado,Neutro,2,Sim,Ensino Médio,Moderado,Feminino,59,baixo
505,17,66,Alto,Alto,Não,5,64,Baixo,Sim,0,Médio,Alto,Privado,Neutro,2,Não,Faculdade,Perto,Masculino,64,médio
506,16,73,Alto,Médio,Sim,8,52,Médio,Sim,2,Médio,Alto,Público,Positivo,4,Não,Faculdade,Perto,Feminino,66,médio
507,15,83,Baixo,Baixo,Sim,5,75,Médio,Sim,1,Médio,Médio,Público,Neutro,3,Não,Ensino Médio,Longe,Feminino,63,médio
508,20,63,Baixo,Baixo,Sim,8,73,Baixo,Sim,0,Alto,Médio,Público,Neutro,3,Não,Faculdade,Perto,Feminino,61,médio
509,15,98,Baixo,Alto,Sim,8,69,Baixo,Sim,2,Baixo,Médio,Público,Neutro,4,Não,Ensino Médio,Moderado,Feminino,68,médio
510,22,75,Médio,Médio,Não,6,56,Baixo,Sim,3,Médio,Médio,Privado,Positivo,3,Não,Ensino Médio,Longe,Masculino,65,médio
511,20,97,Médio,Alto,Não,5,62,Médio,Sim,1,Médio,Médio,Privado,Neutro,4,Não,Ensino Médio,Longe,Masculino,69,médio
512,19,91,Alto,Baixo,Sim,8,60,Médio,Sim,2,Baixo,Médio,Privado,Neutro,4,Não,Ensino Médio,Moderado,Masculino,68,médio
513,15,90,Médio,Baixo,Sim,6,97,Baixo,Sim,2,Alto,Alto,Público,Positivo,2,Não,Ensino Médio,Perto,Masculino,69,médio
514,17,84,Médio,Baixo,Sim,7,98,Alto,Sim,1,Baixo,Alto,Público,Neutro,2,Não,Faculdade,Longe,Feminino,67,médio
515,25,85,Alto,Alto,Não,8,50,Alto,Sim,1,Alto,Médio,Público,Neutro,1,Não,Faculdade,Moderado,Feminino,70,médio
516,23,86,Médio,Médio,Sim,8,59,Baixo,Sim,1,Baixo,Médio,Público,Neutro,3,Não,Pós-Graduação,Moderado,Feminino,68,médio
517,14,85,Médio,Médio,Não,6,94,Baixo,Sim,0,Alto,Médio,Público,Positivo,4,Não,Faculdade,Perto,Masculino,67,médio
518,21,82,Alto,Médio,Não,7,52,Médio,Sim,4,Baixo,Médio,Público,Neutro,3,Não,Ensino Médio,Longe,Masculino,67,médio
519,25,99,Alto,Médio,Sim,6,97,Alto,Sim,0,Médio,Médio,Público,Positivo,3,Não,Faculdade,Moderado,Masculino,75,médio
520,10,89,Baixo,Baixo,Sim,8,69,Baixo,Sim,3,Baixo,Médio,Público,Negativo,4,Não,Faculdade,Moderado,Masculino,63,médio
521,23,91,Baixo,Médio,Não,9,77,Alto,Sim,1,Baixo,Médio,Público,Positivo,5,Não,Ensino Médio,Perto,Masculino,70,médio
522,16,95,Médio,Baixo,Sim,6,88,Baixo,Sim,2,Alto,Alto,Público,Positivo,4,Não,Ensino Médio,Perto,Feminino,70,médio
523,23,69,Médio,Alto,Sim,7,62,Médio,Sim,1,Médio,Médio,Público,Neutro,4,Sim,Ensino Médio,Longe,Masculino,64,médio
524,15,63,Médio,Baixo,Não,8,55,Baixo,Sim,0,Médio,Baixo,Público,Neutro,3,Não,Faculdade,Perto,Feminino,59,baixo
525,9,79,Médio,Baixo,Não,7,90,Alto,Sim,1,Alto,Baixo,Público,Neutro,3,Não,Ensino Médio,Perto,Masculino,63,médio
526,10,81,Alto,Médio,Sim,8,99,Médio,Não,2,Médio,Médio,Público,Positivo,4,Não,Pós-Graduação,Moderado,Feminino,67,médio
527,20,93,Baixo,Alto,Sim,7,83,Médio,Sim,0,Médio,Médio,Privado,Negativo,2,Sim,Ensino Médio,Perto,Masculino,68,médio
528,22,78,Médio,Médio,Sim,5,91,Baixo,Sim,0,Médio,Alto,Privado,Negativo,3,Não,Pós-Graduação,Perto,Masculino,68,médio
529,15,83,Médio,Médio,Não,7,97,Médio,Sim,2,Baixo,Alto,Privado,Neutro,2,Não,Ensino Médio,Perto,Feminino,97,alto
530,24,81,Médio,Baixo,Não,9,61,Médio,Sim,1,Baixo,Baixo,Público,Positivo,4,Não,Faculdade,Perto,Feminino,66,médio
531,10,62,Médio,Baixo,Não,7,68,Alto,Sim,3,Médio,Médio,Público,Neutro,3,Não,Pós-Graduação,Perto,Masculino,61,médio
532,20,85,Alto,Médio,Não,9,61,Alto,Sim,2,Alto,Médio,Público,Positivo,3,Não,Faculdade,Perto,Masculino,70,médio
533,13,93,Baixo,Baixo,Sim,4,53,Alto,Sim,1,Médio,Baixo,Público,Positivo,1,Não,Pós-Graduação,Perto,Masculino,65,médio
534,16,66,Baixo,Médio,Sim,8,87,Alto,Sim,3,Médio,Médio,Público,Positivo,2,Não,Ensino Médio,Moderado,Feminino,64,médio
535,20,84,Médio,Alto,Sim,6,57,Alto,Sim,2,Médio,Médio,Público,Positivo,4,Não,Ensino Médio,Longe,Feminino,69,médio
536,15,84,Médio,Alto,Não,6,55,Baixo,Sim,1,Médio,Médio,Privado,Negativo,2,Não,Ensino Médio,Perto,Masculino,64,médio
537,18,67,Baixo,Baixo,Sim,9,68,Baixo,Sim,2,Baixo,Alto,Privado,Negativo,2,Não,Pós-Graduação,Perto,Masculino,61,médio
538,26,65,Baixo,Médio,Não,7,53,Baixo,Sim,3,Alto,Médio,Público,Positivo,2,Não,Ensino Médio,Perto,Feminino,64,médio
539,17,99,Médio,Alto,Não,6,59,Médio,Sim,0,Médio,Médio,Público,Neutro,3,Não,Ensino Médio,Moderado,Masculino,68,médio
540,25,76,Médio,Alto,Não,8,53,Alto,Sim,1,Alto,Alto,Público,Positivo,3,Sim,Ensino Médio,Longe,Feminino,67,médio
541,13,69,Alto,Baixo,Não,4,94,Médio,Sim,3,Baixo,Baixo,Público,Positivo,3,Sim,Ensino Médio,Perto,Masculino,62,médio
542,23,67,Médio,Médio,Sim,9,89,Médio,Sim,2,Baixo,Alto,Público,Neutro,2,Não,Ensino Médio,Perto,Feminino,66,médio
543,29,87,Médio,Alto,Sim,10,93,Alto,Sim,1,Baixo,Médio,Público,Neutro,4,Não,Ensino Médio,Moderado,Masculino,72,médio
544,5,84,Médio,Médio,Sim,8,93,Alto,Sim,4,Alto,Alto,Público,Positivo,3,Não,Faculdade,Moderado,Masculino,68,médio
545,15,86,Médio,Alto,Sim,8,97,Médio,Sim,4,Alto,Médio,Público,Positivo,3,Não,Ensino Médio,Perto,Masculino,71,médio
546,23,64,Médio,Médio,Sim,7,59,Alto,Sim,3,Médio,Médio,Público,Positivo,2,Não,Ensino Médio,Moderado,Feminino,65,médio
547,19,96,Médio,Baixo,Sim,5,95,Baixo,Não,2,Médio,Baixo,Privado,Neutro,3,Não,Ensino Médio,Moderado,Feminino,68,médio
548,22,76,Médio,Baixo,Não,9,76,Médio,Sim,2,Baixo,Alto,Público,Neutro,5,Não,Ensino Médio,Longe,Feminino,65,médio
549,16,73,Alto,Baixo,Sim,8,58,Médio,Sim,1,Médio,Médio,Público,Neutro,4,Não,Ensino Médio,Perto,Feminino,64,médio
550,21,78,Médio,Baixo,Não,8,83,Médio,Sim,2,Médio,Médio,Público,Positivo,4,Sim,Ensino Médio,Longe,Masculino,65,médio
551,19,76,Alto,Alto,Sim,8,66,Baixo,Sim,0,Baixo,Alto,Privado,Negativo,4,Sim,Ensino Médio,Perto,Masculino,65,médio
552,27,95,Alto,Médio,Não,7,52,Alto,Sim,3,Médio,Alto,Privado,Negativo,3,Não,Faculdade,Moderado,Feminino,73,médio
553,22,97,Médio,Alto,Sim,6,54,Médio,Sim,1,Baixo,Alto,Público,Positivo,3,Não,Pós-Graduação,Perto,Masculino,72,médio
554,22,72,Baixo,Médio,Sim,10,71,Médio,Sim,1,Médio,Médio,Privado,Negativo,1,Não,Faculdade,Perto,Masculino,64,médio
555,18,95,Médio,Médio,Sim,7,91,Baixo,Sim,0,Baixo,Médio,Público,Positivo,4,Sim,Pós-Graduação,Moderado,Masculino,69,médio
556,17,91,Médio,Médio,Não,6,66,Alto,Sim,1,Alto,Médio,Privado,Positivo,3,Não,Ensino Médio,Perto,Masculino,69,médio
557,17,97,Médio,Alto,Sim,9,88,Médio,Não,0,Médio,Médio,Público,Positivo,2,Não,Ensino Médio,Perto,Masculino,70,médio
558,22,70,Baixo,Médio,Não,7,53,Baixo,Sim,1,Baixo,Médio,Público,Positivo,3,Não,Ensino Médio,Perto,Feminino,83,alto
559,17,83,Alto,Médio,Não,7,70,Baixo,Sim,3,Baixo,Médio,Privado,Neutro,5,Não,Pós-Graduação,Perto,Feminino,68,médio
560,22,71,Baixo,Alto,Sim,9,56,Alto,Sim,1,Baixo,Alto,Público,Neutro,3,Sim,Faculdade,Perto,Feminino,84,alto
561,32,93,Médio,Médio,Sim,8,93,Alto,Sim,1,Médio,Alto,Público,Negativo,3,Não,Pós-Graduação,Longe,Feminino,75,médio
562,25,60,Baixo,Alto,Não,8,98,Médio,Sim,1,Médio,Médio,Público,Neutro,5,Não,Pós-Graduação,Perto,Feminino,67,médio
563,18,83,Médio,Alto,Sim,5,66,Médio,Sim,0,Alto,Médio,Privado,Positivo,4,Não,Pós-Graduação,Perto,Masculino,69,médio
564,27,74,Alto,Médio,Não,8,99,Alto,Não,3,Médio,Médio,Público,Positivo,4,Não,Ensino Médio,Perto,Masculino,71,médio
565,18,73,Médio,Baixo,Sim,5,88,Médio,Sim,1,Médio,Médio,Público,Positivo,5,Não,Faculdade,Perto,Feminino,66,médio
566,8,86,Médio,Alto,Não,6,50,Alto,Sim,1,Médio,Médio,Público,Positivo,2,Não,Faculdade,Perto,Masculino,65,médio
567,14,94,Alto,Médio,Não,7,74,Médio,Sim,1,Alto,Médio,Privado,Positivo,5,Não,Faculdade,Perto,Masculino,70,médio
568,9,84,Alto,Baixo,Não,7,92,Alto,Sim,1,Baixo,Alto,Público,Negativo,4,Não,Pós-Graduação,Perto,Masculino,66,médio
569,18,94,Alto,Médio,Sim,8,77,Médio,Sim,3,Médio,Alto,Público,Positivo,4,Não,Pós-Graduação,Perto,Masculino,74,médio
570,20,71,Alto,Médio,Não,8,77,Médio,Sim,0,Alto,Médio,Privado,Neutro,4,Não,Ensino Médio,Moderado,Masculino,66,médio
571,30,81,Médio,Alto,Não,8,72,Baixo,Sim,0,Baixo,Médio,Público,Neutro,2,Não,Ensino Médio,Moderado,Masculino,68,médio
572,22,78,Médio,Alto,Sim,5,70,Médio,Sim,2,Baixo,Médio,Público,Positivo,1,Não,Faculdade,Perto,Masculino,68,médio
573,19,60,Médio,Alto,Não,10,51,Médio,Sim,0,Médio,Médio,Público,Positivo,3,Sim,Faculdade,Perto,Feminino,62,médio
574,25,82,Médio,Alto,Sim,7,81,Médio,Sim,2,Médio,Médio,Privado,Neutro,2,Não,Pós-Graduação,Moderado,Masculino,71,médio
575,7,86,Médio,Baixo,Não,9,88,Médio,Sim,2,Baixo,Médio,Público,Negativo,2,Não,Faculdade,Perto,Feminino,63,médio
576,21,84,Alto,Alto,Não,4,90,Médio,Sim,2,Médio,Baixo,Público,Neutro,3,Não,Ensino Médio,Longe,Masculino,69,médio
577,25,89,Médio,Médio,Sim,7,81,Alto,Sim,3,Médio,Médio,Público,Negativo,0,Não,Faculdade,Perto,Masculino,71,médio
578,11,83,Alto,Baixo,Sim,5,67,Médio,Sim,1,Médio,Médio,Público,Positivo,2,Não,Pós-Graduação,Perto,Masculino,66,médio
579,27,63,Médio,Alto,Não,6,51,Baixo,Sim,0,Baixo,Médio,Público,Positivo,2,Não,Pós-Graduação,Moderado,Masculino,64,médio
580,22,65,Médio,Médio,Sim,7,95,Baixo,Sim,3,Baixo,Médio,Público,Positivo,2,Não,Ensino Médio,Moderado,Feminino,65,médio
581,18,84,Médio,Alto,Não,6,71,Médio,Sim,4,Médio,Baixo,Público,Positivo,2,Não,Ensino Médio,Perto,Feminino,69,médio
582,24,71,Médio,Baixo,Não,9,80,Médio,Sim,2,Médio,Alto,Privado,Positivo,3,Não,Ensino Médio,Perto,Feminino,66,médio
583,34,63,Médio,Alto,Sim,10,60,Baixo,Sim,1,Médio,Médio,Público,Negativo,4,Não,Ensino Médio,Perto,Feminino,67,médio
584,21,77,Médio,Baixo,Sim,6,57,Médio,Sim,4,Baixo,Médio,Público,Negativo,5,Não,Ensino Médio,Longe,Masculino,65,médio
585,21,82,Baixo,Baixo,Sim,6,54,Alto,Sim,3,Baixo,Médio,Público,Negativo,2,Não,Faculdade,Moderado,Masculino,65,médio
586,17,73,Alto,Médio,Não,5,90,Alto,Sim,1,Baixo,Médio,Privado,Positivo,4,Não,Ensino Médio,Perto,Masculino,67,médio
587,15,89,Baixo,Médio,Sim,9,82,Baixo,Sim,1,Médio,Médio,Público,Neutro,3,Não,Faculdade,Perto,Masculino,66,médio
588,25,86,Médio,Médio,Sim,7,81,Baixo,Sim,1,Alto,Baixo,Público,Positivo,1,Não,Ensino Médio,Perto,Masculino,69,médio
589,15,73,Médio,Alto,Não,7,96,Baixo,Sim,1,Baixo,Médio,Público,Negativo,2,Não,Faculdade,Perto,Masculino,64,médio
590,20,90,Médio,Médio,Sim,7,58,Alto,Sim,1,Alto,Alto,Privado,Neutro,4,Não,Ensino Médio,Perto,Masculino,70,médio
591,17,86,Alto,Médio,Sim,7,59,Baixo,Sim,3,Baixo,Médio,Público,Positivo,3,Não,Pós-Graduação,Moderado,Masculino,68,médio
592,23,85,Alto,Baixo,Sim,6,59,Baixo,Sim,1,Médio,Médio,Público,Negativo,1,Não,Ensino Médio,Perto,Masculino,68,médio
593,22,82,Alto,Médio,Sim,7,71,Baixo,Sim,1,Alto,Médio,Privado,Positivo,3,Não,Ensino Médio,Perto,Feminino,69,médio
594,26,60,Médio,Médio,Sim,7,94,Alto,Sim,3,Alto,Médio,Público,Positivo,2,Não,Ensino Médio,Moderado,Feminino,68,médio
595,17,88,Médio,Médio,Sim,8,94,Médio,Sim,5,Médio,Médio,Público,Neutro,2,Sim,Faculdade,Perto,Feminino,70,médio
596,18,75,Alto,Médio,Sim,5,80,Médio,Sim,2,Baixo,Alto,Público,Neutro,3,Não,Ensino Médio,Perto,Feminino,67,médio
597,14,98,Alto,Alto,Sim,7,83,Médio,Não,3,Baixo,Médio,Público,Positivo,3,Não,Faculdade,Perto,Masculino,72,médio
598,17,93,Alto,Baixo,Não,6,95,Médio,Sim,1,Baixo,Médio,Público,Neutro,4,Não,Ensino Médio,Perto,Masculino,69,médio
599,22,84,Alto,Médio,Não,7,81,Médio,Sim,1,Médio,Baixo,Privado,Positivo,3,Não,Ensino Médio,Moderado,Masculino,69,médio
600,25,70,Baixo,Médio,Sim,8,61,Baixo,Não,3,Baixo,Médio,Público,Positivo,4,Não,Faculdade,Moderado,Feminino,64,médio
601,14,68,Baixo,Médio,Sim,6,85,Médio,Sim,2,Médio,Médio,Público,Neutro,3,Não,Ensino Médio,Perto,Feminino,63,médio
602,25,74,Alto,Alto,Sim,9,88,Médio,Sim,3,Médio,Alto,Público,Neutro,3,Sim,Ensino Médio,Perto,Masculino,70,médio
603,28,79,Alto,Médio,Sim,4,82,Médio,Sim,0,Médio,Médio,Privado,Positivo,3,Não,Ensino Médio,Perto,Masculino,70,médio
604,22,72,Alto,Médio,Sim,9,64,Baixo,Sim,1,Médio,Médio,Público,Negativo,2,Não,Faculdade,Perto,Feminino,66,médio
605,31,81,Médio,Médio,Não,9,70,Baixo,Sim,1,Baixo,Médio,Público,Neutro,4,Não,Pós-Graduação,Perto,Feminino,70,médio
606,15,67,Médio,Alto,Sim,6,74,Alto,Sim,0,Alto,Médio,Público,Positivo,2,Não,Pós-Graduação,Perto,Feminino,66,médio
607,13,99,Médio,Médio,Sim,6,57,Médio,Sim,1,Baixo,Médio,Público,Negativo,5,Não,Faculdade,Perto,Masculino,68,médio
608,9,64,Médio,Médio,Não,5,73,Médio,Sim,1,Médio,Médio,Público,Positivo,4,Não,Faculdade,Perto,Masculino,61,médio
609,29,97,Médio,Médio,Não,8,58,Médio,Sim,1,Alto,Médio,Privado,Negativo,4,Não,Faculdade,Moderado,Feminino,72,médio
610,24,97,Alto,Baixo,Não,7,75,Baixo,Sim,1,Médio,Médio,Público,Negativo,2,Não,Ensino Médio,Moderado,Feminino,69,médio
611,20,81,Médio,Baixo,Sim,6,53,Baixo,Sim,0,Médio,Baixo,Público,Neutro,4,Não,Ensino Médio,Longe,Feminino,63,médio
612,22,89,Médio,Alto,Sim,5,97,Médio,Sim,2,Médio,Médio,Privado,Neutro,5,Não,Ensino Médio,Perto,Masculino,72,médio
613,13,77,Médio,Médio,Sim,10,62,Médio,Sim,1,Alto,Médio,Privado,Neutro,4,Não,Faculdade,Moderado,Masculino,65,médio
614,35,85,Médio,Alto,Sim,6,73,Alto,Sim,1,Alto,Médio,Público,Negativo,5,Não,Ensino Médio,Moderado,Feminino,74,médio
615,21,74,Médio,Baixo,Sim,7,52,Baixo,Sim,1,Alto,Médio,Público,Negativo,4,Não,Ensino Médio,Longe,Masculino,62,médio
616,21,72,Alto,Médio,Não,7,60,Baixo,Sim,0,Baixo,Médio,Privado,Neutro,4,Não,Pós-Graduação,Perto,Masculino,65,médio
617,24,83,Baixo,Alto,Não,6,85,Baixo,Sim,1,Baixo,Alto,Público,Neutro,4,Não,Ensino Médio,Moderado,Feminino,68,médio
618,23,80,Médio,Baixo,Sim,6,56,Médio,Sim,3,Médio,Médio,Público,Positivo,2,Sim,Ensino Médio,Perto,Masculino,66,médio
619,21,83,Alto,Médio,Sim,6,81,Baixo,Sim,3,Alto,Médio,Público,Negativo,4,Não,Pós-Graduação,Moderado,Masculino,71,médio
620,15,71,Médio,Alto,Não,8,50,Baixo,Sim,1,Médio,Médio,Público,Neutro,2,Sim,Pós-Graduação,Perto,Feminino,62,médio
621,23,75,Baixo,Alto,Sim,6,73,Baixo,Sim,1,Baixo,Médio,Público,Positivo,2,Não,Ensino Médio,Moderado,Feminino,65,médio
622,31,63,Médio,Alto,Não,9,86,Baixo,Sim,0,Alto,Médio,Público,Neutro,3,Não,Pós-Graduação,Moderado,Masculino,68,médio
623,28,62,Médio,Alto,Não,6,96,Médio,Sim,4,Médio,Alto,Público,Positivo,3,Não,Ensino Médio,Perto,Masculino,70,médio
624,30,70,Baixo,Médio,Não,8,75,Médio,Sim,1,Médio,Médio,Privado,Positivo,2,Não,Ensino Médio,Perto,Feminino,67,médio
625,17,63,Médio,Médio,Não,4,92,Médio,Sim,2,Baixo,Médio,Público,Negativo,4,Não,Ensino Médio,Perto,Feminino,63,médio
626,14,64,Alto,Alto,Sim,6,90,Baixo,Sim,0,Baixo,Alto,Privado,Negativo,2,Não,Ensino Médio,Perto,Feminino,63,médio
627,19,93,Médio,Alto,Não,6,65,Médio,Sim,0,Médio,Alto,Público,Neutro,3,Não,Ensino Médio,Perto,Masculino,69,médio
628,20,62,Baixo,Médio,Sim,5,94,Alto,Sim,3,Médio,Médio,Público,Neutro,3,Não,Pós-Graduação,Perto,Masculino,66,médio
629,27,86,Médio,Médio,Sim,7,82,Baixo,Sim,2,Baixo,Médio,Público,Positivo,3,Não,Ensino Médio,Moderado,Feminino,70,médio
630,10,71,Médio,Médio,Sim,7,55,Alto,Sim,2,Baixo,Alto,Público,Positivo,3,Não,Faculdade,Perto,Feminino,63,médio
631,29,95,Baixo,Médio,Sim,4,97,Médio,Sim,0,Médio,Médio,Privado,Positivo,4,Sim,Faculdade,Moderado,Feminino,72,médio
632,19,79,Alto,Médio,Sim,10,59,Baixo,Sim,1,Médio,Médio,Público,Neutro,3,Sim,Faculdade,Moderado,Masculino,65,médio
633,17,72,Médio,Alto,Sim,7,74,Baixo,Sim,2,Alto,Médio,Público,Positivo,4,Não,Pós-Graduação,Longe,Masculino,67,médio
634,14,81,Médio,Médio,Sim,7,73,Baixo,Não,1,Alto,Médio,Privado,Positivo,3,Sim,Ensino Médio,Moderado,Masculino,63,médio
635,10,75,Alto,Médio,Não,9,81,Médio,Sim,3,Baixo,Alto,Público,Negativo,5,Não,Ensino Médio,Perto,Feminino,65,médio
636,25,83,Médio,Médio,Sim,8,83,Médio,Sim,2,Baixo,Médio,Público,Neutro,1,Sim,Ensino Médio,Moderado,Feminino,67,médio
637,20,65,Médio,Baixo,Sim,7,62,Alto,Sim,0,Médio,Médio,Público,Neutro,0,Sim,Pós-Graduação,Perto,Masculino,80,médio
638,12,100,Médio,Médio,Sim,4,68,Médio,Sim,2,Baixo,Médio,Público,Neutro,3,Não,Faculdade,Longe,Masculino,68,médio
639,12,77,Médio,Médio,Sim,8,57,Médio,Sim,2,Baixo,Alto,Público,Negativo,2,Não,Faculdade,Moderado,Masculino,63,médio
640,18,74,Médio,Médio,Não,6,56,Médio,Sim,1,Médio,Médio,Privado,Positivo,3,Não,Faculdade,Moderado,Masculino,64,médio
641,30,88,Médio,Médio,Não,9,91,Médio,Sim,3,Médio,Baixo,Público,Positivo,3,Não,Ensino Médio,Perto,Feminino,73,médio
642,18,75,Médio,Médio,Sim,6,88,Baixo,Sim,2,Médio,Alto,Público,Negativo,1,Sim,Pós-Graduação,Perto,Feminino,66,médio
643,11,93,Médio,Médio,Sim,6,72,Baixo,Sim,2,Baixo,Médio,Público,Negativo,3,Não,Faculdade,Moderado,Masculino,66,médio
644,19,78,Alto,Alto,Não,5,55,Médio,Sim,0,Médio,Médio,Público,Neutro,4,Não,Ensino Médio,Moderado,Masculino,66,médio
645,18,89,Médio,Alto,Sim,5,72,Baixo,Sim,4,Médio,Baixo,Público,Neutro,2,Não,Ensino Médio,Perto,Feminino,69,médio
646,4,64,Médio,Alto,Sim,7,65,Médio,Sim,1,Médio,Alto,Público,Negativo,4,Não,Ensino Médio,Longe,Masculino,59,baixo
647,20,94,Médio,Médio,Não,7,89,Médio,Sim,0,Baixo,Médio,Privado,Neutro,1,Não,Ensino Médio,Perto,Masculino,68,médio
648,19,89,Médio,Médio,Não,6,55,Médio,Sim,1,Baixo,Médio,Privado,Neutro,3,Não,Pós-Graduação,Moderado,Feminino,67,médio
649,24,68,Médio,Médio,Sim,10,73,Baixo,Sim,1,Médio,Médio,Público,Neutro,4,Sim,Ensino Médio,Moderado,Feminino,64,médio
650,31,66,Baixo,Alto,Sim,8,80,Baixo,Sim,0,Baixo,Baixo,Privado,Negativo,4,Não,Ensino Médio,Perto,Feminino,65,médio
651,27,73,Médio,Médio,Não,7,99,Baixo,Sim,1,Baixo,Médio,Público,Positivo,4,Não,Faculdade,Perto,Masculino,68,médio
652,18,99,Médio,Alto,Sim,4,54,Baixo,Sim,0,Médio,Médio,Público,Positivo,3,Não,Pós-Graduação,Moderado,Masculino,70,médio
653,13,70,Médio,Médio,Não,8,56,Médio,Sim,2,Médio,Alto,Público,Neutro,0,Não,Ensino Médio,Perto,Masculino,62,médio
654,35,78,Alto,Baixo,Sim,10,99,Médio,Sim,1,Baixo,Médio,Privado,Positivo,2,Não,Ensino Médio,Perto,Masculino,72,médio
655,20,61,Médio,Baixo,Sim,7,70,Baixo,Sim,1,Médio,Médio,Privado,Positivo,4,Não,Ensino Médio,Moderado,Feminino,62,médio
656,20,76,Alto,Alto,Sim,6,87,Baixo,Sim,1,Baixo,Médio,Público,Negativo,4,Não,Pós-Graduação,Moderado,Masculino,68,médio
657,20,83,Alto,Médio,Não,7,89,Médio,Sim,3,Baixo,Alto,Privado,Negativo,4,Não,Ensino Médio,Perto,Feminino,69,médio
658,21,98,Alto,Médio,Não,5,66,Baixo,Sim,3,Alto,Alto,Público,Positivo,5,Não,Ensino Médio,Perto,Masculino,73,médio
659,19,81,Alto,Alto,Não,8,61,Baixo,Sim,3,Médio,Médio,Privado,Negativo,5,Não,Pós-Graduação,Perto,Masculino,69,médio
660,17,93,Médio,Médio,Sim,9,64,Médio,Sim,1,Médio,Médio,Público,Neutro,3,Não,Ensino Médio,Moderado,Feminino,67,médio
661,17,82,Médio,Baixo,Não,6,88,Baixo,Sim,2,Baixo,Baixo,Privado,Neutro,3,Não,Pós-Graduação,Perto,Masculino,65,médio
662,20,62,Baixo,Baixo,Não,6,92,Alto,Sim,2,Médio,Médio,Público,Positivo,3,Não,Pós-Graduação,Moderado,Masculino,63,médio
663,17,73,Alto,Médio,Sim,7,85,Médio,Sim,2,Baixo,Médio,Público,Positivo,2,Não,Ensino Médio,Moderado,Masculino,66,médio
664,16,83,Médio,Médio,Não,6,72,Médio,Sim,1,Baixo,Alto,Público,Positivo,2,Não,Faculdade,Perto,Masculino,66,médio
665,21,98,Médio,Alto,Não,5,63,Baixo,Sim,0,Baixo,Alto,Público,Neutro,2,Não,Pós-Graduação,Perto,Masculino,70,médio
666,18,94,Médio,Médio,Não,6,71,Baixo,Sim,2,Alto,Médio,Público,Neutro,3,Não,Pós-Graduação,Longe,Masculino,69,médio
667,29,69,Médio,Alto,Não,6,96,Baixo,Sim,1,Alto,Médio,Público,Positivo,4,Não,Ensino Médio,Perto,Feminino,70,médio
668,4,69,Médio,Baixo,Não,9,93,Baixo,Não,2,Médio,Alto,Privado,Negativo,3,Não,Ensino Médio,Moderado,Feminino,58,baixo
669,27,68,Médio,Médio,Não,9,66,Médio,Sim,3,Alto,Médio,Privado,Positivo,3,Não,Ensino Médio,Longe,Masculino,67,médio
670,27,97,Alto,Alto,Sim,9,66,Baixo,Sim,1,Baixo,Médio,Público,Positivo,3,Não,Ensino Médio,Longe,Masculino,73,médio
671,8,94,Alto,Baixo,Não,8,89,Alto,Sim,0,Médio,Médio,Público,Neutro,2,Não,Ensino Médio,Perto,Feminino,66,médio
672,18,91,Alto,Alto,Sim,7,71,Alto,Sim,0,Médio,Médio,Público,Neutro,3,Não,Ensino Médio,Perto,Masculino,70,médio
673,18,76,Alto,Alto,Não,6,79,Médio,Sim,1,Médio,Médio,Privado,Positivo,2,Não,Pós-Graduação,Longe,Feminino,67,médio
674,12,80,Baixo,Baixo,Não,9,71,Alto,Sim,1,Baixo,Baixo,Privado,Positivo,3,Sim,Ensino Médio,Moderado,Feminino,60,baixo
675,15,79,Alto,Médio,Não,8,62,Baixo,Sim,1,Baixo,Baixo,Público,Positivo,3,Não,Faculdade,Perto,Masculino,65,médio
676,13,70,Médio,Médio,Não,5,59,Médio,Sim,0,Médio,Alto,Privado,Positivo,2,Não,Pós-Graduação,Perto,Feminino,63,médio
677,31,80,Alto,Alto,Sim,6,57,Baixo,Sim,1,Médio,Alto,Privado,Positivo,3,Não,Ensino Médio,Perto,Feminino,72,médio
678,26,61,Baixo,Médio,Sim,5,51,Alto,Sim,0,Baixo,Médio,Privado,Neutro,5,Não,Ensino Médio,Moderado,Feminino,62,médio
679,28,65,Médio,Médio,Sim,4,64,Médio,Sim,6,Médio,Alto,Público,Neutro,3,Não,Pós-Graduação,Perto,Masculino,70,médio
680,24,95,Alto,Baixo,Sim,8,59,Médio,Sim,2,Baixo,Alto,Público,Negativo,1,Não,Faculdade,Moderado,Masculino,70,médio
681,13,90,Médio,Médio,Não,5,63,Médio,Sim,0,Baixo,Médio,Público,Neutro,4,Não,Ensino Médio,Moderado,Feminino,64,médio
682,17,77,Médio,Médio,Sim,6,54,Baixo,Sim,3,Baixo,Médio,Público,Neutro,4,Não,Ensino Médio,Moderado,Masculino,64,médio
683,23,81,Médio,Baixo,Sim,7,67,Médio,Sim,0,Médio,Alto,Privado,Positivo,5,Não,Ensino Médio,Moderado,Feminino,67,médio
684,13,75,Médio,Alto,Sim,7,76,Alto,Sim,1,Médio,Alto,Público,Negativo,1,Não,Ensino Médio,Moderado,Masculino,64,médio
685,24,90,Médio,Médio,Sim,6,97,Baixo,Sim,1,Alto,Alto,Público,Positivo,4,Não,Ensino Médio,Perto,Masculino,72,médio
686,19,91,Médio,Baixo,Não,9,67,Médio,Sim,0,Médio,Médio,Privado,Negativo,3,Não,Faculdade,Perto,Feminino,66,médio
687,18,91,Médio,Médio,Não,5,52,Médio,Sim,2,Médio,Médio,Público,Negativo,4,Não,Ensino Médio,Moderado,Feminino,66,médio
688,24,89,Médio,Alto,Sim,5,68,Médio,Sim,0,Baixo,Alto,Público,Positivo,2,Não,Pós-Graduação,Perto,Feminino,71,médio
689,23,68,Baixo,Baixo,Não,8,91,Médio,Sim,5,Baixo,Médio,Público,Negativo,5,Não,Pós-Graduação,Perto,Feminino,66,médio
690,18,74,Médio,Baixo,Sim,6,67,Alto,Sim,2,Baixo,Alto,Público,Neutro,2,Não,Ensino Médio,Perto,Masculino,64,médio
691,27,79,Médio,Baixo,Não,6,65,Baixo,Sim,0,Médio,Médio,Privado,Negativo,2,Não,Faculdade,Perto,Masculino,66,médio
692,14,73,Médio,Baixo,Sim,5,96,Baixo,Sim,1,Baixo,Médio,Público,Negativo,3,Não,Ensino Médio,Moderado,Feminino,62,médio
693,24,90,Médio,Médio,Não,8,65,Médio,Sim,4,Baixo,Médio,Público,Neutro,4,Não,Ensino Médio,Moderado,Masculino,70,médio
694,24,73,Médio,Médio,Sim,7,99,Médio,Sim,3,Médio,Alto,Privado,Neutro,3,Não,Ensino Médio,Perto,Feminino,69,médio
695,18,66,Alto,Médio,Não,7,92,Médio,Sim,2,Baixo,Médio,Privado,Neutro,4,Não,Ensino Médio,Moderado,Masculino,65,médio
696,22,76,Alto,Médio,Sim,6,84,Alto,Sim,2,Médio,Alto,Público,Neutro,3,Não,Ensino Médio,Perto,Masculino,70,médio
697,12,99,Alto,Alto,Sim,6,80,Médio,Não,0,Alto,Médio,Público,Positivo,3,Não,Ensino Médio,Moderado,Masculino,70,médio
698,26,69,Médio,Médio,Sim,7,61,Médio,Sim,1,Alto,Alto,Público,Positivo,2,Não,Faculdade,Perto,Masculino,67,médio
699,19,84,Médio,Alto,Sim,8,87,Baixo,Sim,2,Baixo,Alto,Público,Positivo,3,Não,Ensino Médio,Moderado,Feminino,69,médio
700,17,77,Baixo,Médio,Não,9,67,Baixo,Sim,0,Baixo,Alto,Público,Neutro,5,Sim,Ensino Médio,Perto,Feminino,62,médio
701,26,63,Médio,Alto,Sim,9,74,Médio,Sim,1,Baixo,Médio,Privado,Positivo,4,Não,Ensino Médio,Perto,Feminino,67,médio
702,16,80,Alto,Médio,Não,8,55,Alto,Não,0,Baixo,Médio,Público,Positivo,6,Não,Faculdade,Moderado,Masculino,65,médio
703,12,88,Médio,Médio,Não,8,65,Médio,Sim,0,Baixo,Médio,Público,Positivo,4,Não,Ensino Médio,Perto,Masculino,65,médio
704,11,81,Médio,Alto,Sim,5,76,Médio,Sim,1,Baixo,Médio,Público,Neutro,3,Não,Pós-Graduação,Longe,Masculino,65,médio
705,24,95,Médio,Baixo,Sim,6,73,Médio,Não,3,Baixo,Médio,Público,Positivo,2,Não,Ensino Médio,Moderado,Masculino,69,médio
706,12,72,Médio,Médio,Não,8,67,Baixo,Sim,4,Médio,Médio,Público,Neutro,4,Não,Ensino Médio,Perto,Masculino,63,médio
707,31,63,Baixo,Alto,Sim,7,74,Baixo,Sim,3,Médio,Médio,Público,Negativo,2,Não,Faculdade,Moderado,Masculino,66,médio
708,8,97,Médio,Alto,Sim,8,87,Médio,Sim,0,Médio,Médio,Público,Positivo,2,Sim,Ensino Médio,Perto,Masculino,67,médio
709,30,75,Médio,Médio,Não,8,73,Alto,Sim,1,Médio,Médio,Público,Negativo,3,Não,Faculdade,Perto,Masculino,69,médio
710,21,83,Médio,Médio,Sim,8,75,Alto,Sim,1,Baixo,Alto,Público,Neutro,2,Não,Ensino Médio,Longe,Masculino,67,médio
711,19,92,Médio,Médio,Sim,5,85,Médio,Sim,1,Médio,Alto,Privado,Neutro,4,Não,Ensino Médio,Perto,Masculino,70,médio
712,17,73,Alto,Alto,Sim,7,92,Médio,Sim,2,Alto,Médio,Privado,Negativo,2,Não,Ensino Médio,Moderado,Masculino,67,médio
713,22,89,Alto,Médio,Não,6,76,Médio,Sim,2,Baixo,Médio,Público,Neutro,4,Não,Ensino Médio,Perto,Masculino,70,médio
714,20,65,Alto,Alto,Sim,6,97,Médio,Sim,0,Baixo,Baixo,Privado,Negativo,3,Não,Ensino Médio,Moderado,Feminino,65,médio
715,27,72,Médio,Baixo,Não,4,68,Médio,Não,0,Médio,Alto,Público,Negativo,3,Sim,Faculdade,Perto,Masculino,63,médio
716,21,66,Médio,Médio,Sim,7,63,Médio,Sim,0,Alto,Médio,Público,Neutro,3,Não,Ensino Médio,Perto,Feminino,64,médio
717,21,92,Alto,Médio,Sim,4,85,Baixo,Sim,1,Alto,Médio,Público,Negativo,3,Não,Ensino Médio,Longe,Masculino,69,médio
718,18,69,Baixo,Médio,Não,8,59,Baixo,Não,1,Baixo,Médio,Público,Positivo,4,Não,Ensino Médio,Perto,Feminino,60,baixo
719,20,89,Baixo,Médio,Sim,9,95,Médio,Sim,3,Baixo,Médio,Público,Positivo,3,Não,Ensino Médio,Moderado,Masculino,69,médio
720,22,98,Médio,Baixo,Sim,8,69,Médio,Sim,4,Alto,Médio,Privado,Positivo,2,Não,Ensino Médio,Perto,Feminino,72,médio
721,10,81,Médio,Baixo,Sim,7,85,Baixo,Sim,1,Baixo,Médio,Público,Neutro,2,Não,Faculdade,Perto,Masculino,63,médio
722,12,82,Baixo,Médio,Não,9,79,Alto,Sim,0,Baixo,Médio,Privado,Positivo,2,Não,Faculdade,Moderado,Feminino,63,médio
723,24,78,Alto,Baixo,Sim,7,53,Alto,Sim,0,Médio,Médio,Público,Neutro,4,Sim,Ensino Médio,Perto,Masculino,66,médio
724,21,73,Médio,Médio,Não,6,85,Médio,Sim,6,Médio,Alto,Público,Neutro,5,Não,Faculdade,Perto,Masculino,70,médio
725,19,79,Médio,Alto,Sim,7,90,Médio,Sim,1,Alto,Médio,Público,Negativo,4,Não,Faculdade,Longe,Feminino,68,médio
726,20,84,Médio,Médio,Sim,10,99,Baixo,Sim,2,Médio,Médio,Privado,Positivo,3,Não,Ensino Médio,Moderado,Masculino,69,médio
727,22,99,Médio,Médio,Sim,5,71,Alto,Sim,0,Médio,Alto,Público,Neutro,4,Não,Faculdade,Perto,Feminino,72,médio
728,17,98,Baixo,Alto,Não,5,75,Baixo,Sim,1,Baixo,Baixo,Privado,Positivo,3,Sim,Faculdade,Perto,Masculino,67,médio
729,15,94,Baixo,Médio,Não,8,94,Baixo,Sim,1,Alto,Médio,Público,Positivo,4,Não,Ensino Médio,Moderado,Masculino,68,médio
730,21,96,Médio,Alto,Não,7,63,Médio,Sim,1,Médio,Médio,Privado,Negativo,2,Não,Pós-Graduação,Longe,Feminino,70,médio
731,14,79,Alto,Médio,Sim,6,59,Médio,Sim,5,Médio,Alto,Público,Positivo,3,Não,Pós-Graduação,Longe,Masculino,68,médio
732,22,86,Médio,Médio,Sim,5,57,Alto,Sim,2,Médio,Médio,Público,Positivo,3,Não,Faculdade,Moderado,Masculino,69,médio
733,10,96,Médio,Médio,Não,4,99,Médio,Sim,1,Médio,Médio,Privado,Negativo,5,Não,Faculdade,Perto,Feminino,68,médio
734,26,76,Médio,Médio,Não,5,64,Baixo,Sim,0,Médio,Médio,Público,Positivo,5,Não,Faculdade,Longe,Feminino,66,médio
735,23,98,Médio,Médio,Não,9,88,Alto,Sim,1,Baixo,Médio,Público,Negativo,4,Não,Pós-Graduação,Moderado,Feminino,72,médio
736,22,77,Médio,Médio,Sim,7,72,Médio,Sim,2,Médio,Alto,Público,Neutro,3,Não,Ensino Médio,Perto,Masculino,67,médio
737,26,84,Baixo,Alto,Não,4,62,Médio,Não,3,Alto,Alto,Público,Positivo,2,Não,Ensino Médio,Perto,Masculino,70,médio
738,30,88,Alto,Médio,Sim,9,96,Médio,Sim,1,Médio,Alto,Privado,Neutro,3,Sim,Ensino Médio,Perto,Masculino,73,médio
739,26,98,Médio,Baixo,Sim,9,73,Alto,Sim,1,Alto,Baixo,Público,Neutro,6,Não,Pós-Graduação,Moderado,Masculino,73,médio
740,9,70,Médio,Médio,Não,9,78,Baixo,Sim,1,Médio,Baixo,Público,Neutro,2,Não,Ensino Médio,Perto,Feminino,60,baixo
741,12,90,Médio,Alto,Não,6,61,Baixo,Sim,2,Médio,Alto,Público,Neutro,3,Não,Faculdade,Perto,Masculino,67,médio
742,16,81,Alto,Médio,Sim,7,66,Médio,Sim,3,Alto,Alto,Privado,Positivo,4,Não,Ensino Médio,Perto,Masculino,69,médio
743,20,71,Médio,Baixo,Não,7,87,Alto,Sim,1,Médio,Médio,Público,Negativo,5,Não,Ensino Médio,Perto,Masculino,65,médio
744,23,91,Baixo,Alto,Sim,9,67,Baixo,Sim,2,Baixo,Médio,Público,Neutro,4,Não,Ensino Médio,Perto,Feminino,70,médio
745,16,82,Alto,Alto,Sim,6,75,Baixo,Sim,3,Médio,Médio,Público,Neutro,3,Não,Faculdade,Moderado,Feminino,68,médio
746,21,86,Médio,Baixo,Não,6,56,Médio,Sim,1,Baixo,Alto,Privado,Negativo,2,Não,Faculdade,Perto,Feminino,66,médio
747,15,73,Baixo,Alto,Sim,8,93,Médio,Sim,1,Baixo,Alto,Público,Positivo,4,Não,Faculdade,Longe,Masculino,65,médio
748,16,79,Baixo,Médio,Sim,9,87,Médio,Sim,1,Baixo,Médio,Público,Neutro,2,Não,Faculdade,Moderado,Feminino,64,médio
749,12,85,Alto,Alto,Sim,7,88,Alto,Sim,1,Baixo,Médio,Público,Neutro,0,Não,Faculdade,Longe,Feminino,67,médio
750,14,76,Alto,Médio,Sim,8,59,Baixo,Sim,3,Médio,Médio,Privado,Neutro,5,Não,Ensino Médio,Moderado,Masculino,65,médio
751,12,68,Alto,Alto,Sim,7,75,Médio,Sim,1,Médio,Baixo,Privado,Positivo,4,Não,Ensino Médio,Perto,Masculino,64,médio
752,14,98,Alto,Alto,Não,7,51,Médio,Sim,0,Médio,Baixo,Público,Positivo,1,Sim,Ensino Médio,Perto,Masculino,67,médio
753,26,80,Médio,Baixo,Sim,6,66,Médio,Sim,2,Alto,Médio,Público,Neutro,4,Não,Pós-Graduação,Perto,Masculino,70,médio
754,14,89,Médio,Baixo,Sim,5,67,Baixo,Não,3,Baixo,Baixo,Privado,Neutro,3,Não,Ensino Médio,Longe,Feminino,63,médio
755,36,76,Médio,Médio,Não,6,96,Médio,Sim,1,Baixo,Médio,Privado,Neutro,2,Não,Faculdade,Perto,Masculino,71,médio
756,23,74,Alto,Baixo,Não,6,100,Baixo,Sim,2,Alto,Baixo,Privado,Positivo,3,Não,Ensino Médio,Perto,Masculino,68,médio
757,21,76,Médio,Médio,Não,7,81,Médio,Sim,0,Médio,Alto,Privado,Positivo,2,Não,Faculdade,Moderado,Feminino,67,médio
758,15,76,Alto,Alto,Sim,9,76,Médio,Sim,1,Médio,Alto,Público,Neutro,2,Não,Pós-Graduação,Longe,Feminino,67,médio
759,24,82,Baixo,Médio,Sim,7,72,Médio,Sim,0,Médio,Alto,Público,Positivo,2,Não,Pós-Graduação,Moderado,Feminino,68,médio
760,17,82,Alto,Médio,Não,6,51,Médio,Sim,1,Baixo,Médio,Público,Positivo,3,Não,Pós-Graduação,Moderado,Masculino,66,médio
761,21,80,Médio,Médio,Sim,8,90,Médio,Sim,0,Médio,Médio,Público,Negativo,4,Não,Faculdade,Perto,Masculino,68,médio
762,35,65,Alto,Médio,Sim,7,84,Alto,Sim,0,Médio,Médio,Público,Positivo,2,Não,Ensino Médio,Moderado,Masculino,70,médio
763,19,80,Baixo,Baixo,Não,8,82,Médio,Sim,5,Baixo,Baixo,Público,Positivo,3,Não,Faculdade,Perto,Masculino,67,médio
764,27,67,Baixo,Médio,Sim,6,90,Médio,Sim,2,Alto,Alto,Privado,Neutro,3,Não,Ensino Médio,Moderado,Masculino,67,médio
765,16,65,Baixo,Alto,Não,9,96,Baixo,Sim,2,Baixo,Médio,Público,Negativo,2,Não,Ensino Médio,Perto,Masculino,62,médio
766,20,97,Médio,Alto,Não,9,69,Baixo,Sim,0,Baixo,Baixo,Público,Negativo,3,Sim,Ensino Médio,Perto,Masculino,67,médio
767,31,84,Médio,Alto,Não,7,71,Baixo,Sim,4,Baixo,Médio,Público,Negativo,4,Não,Ensino Médio,Longe,Masculino,70,médio
768,16,86,Alto,Alto,Não,8,99,Médio,Sim,4,Baixo,Alto,Privado,Neutro,4,Não,Faculdade,Perto,Masculino,72,médio
769,31,76,Médio,Médio,Sim,9,83,Médio,Sim,2,Alto,Médio,Privado,Negativo,3,Não,Ensino Médio,Moderado,Feminino,70,médio
770,24,96,Baixo,Alto,Não,6,93,Médio,Sim,2,Baixo,Médio,Público,Neutro,2,Não,Ensino Médio,Moderado,Feminino,94,alto
771,17,86,Médio,Médio,Não,7,61,Médio,Não,2,Alto,Médio,Público,Positivo,3,Não,Ensino Médio,Moderado,Masculino,66,médio
772,24,91,Baixo,Baixo,Sim,7,66,Alto,Sim,2,Baixo,Alto,Público,Neutro,3,Não,Ensino Médio,Perto,Masculino,69,médio
773,26,75,Alto,Médio,Não,5,70,Baixo,Sim,0,Alto,Baixo,Privado,Neutro,2,Não,Pós-Graduação,Perto,Masculino,68,médio
774,24,98,Alto,Baixo,Não,8,66,Alto,Sim,2,Baixo,Médio,Público,Positivo,1,Não,Ensino Médio,Moderado,Masculino,71,médio
775,11,93,Alto,Médio,Não,9,94,Médio,Sim,4,Baixo,Alto,Público,Neutro,4,Não,Ensino Médio,Moderado,Masculino,69,médio
776,16,94,Médio,Médio,Não,7,76,Baixo,Sim,2,Médio,Médio,Público,Neutro,3,Sim,Ensino Médio,Perto,Feminino,67,médio
777,19,67,Baixo,Médio,Sim,8,98,Médio,Sim,2,Baixo,Médio,Privado,Negativo,2,Não,Pós-Graduação,Perto,Feminino,64,médio
778,20,71,Médio,Médio,Sim,9,66,Médio,Sim,1,Médio,Baixo,Privado,Negativo,5,Sim,Faculdade,Perto,Feminino,63,médio
779,24,71,Médio,Alto,Sim,6,52,Médio,Sim,2,Médio,Médio,Privado,Neutro,3,Não,Faculdade,Longe,Feminino,66,médio
780,21,71,Alto,Médio,Sim,8,57,Baixo,Não,2,Alto,Médio,Público,Positivo,1,Não,Pós-Graduação,Perto,Feminino,66,médio
781,12,94,Baixo,Alto,Sim,6,61,Médio,Sim,3,Alto,Alto,Público,Neutro,4,Não,Faculdade,Perto,Masculino,69,médio
782,22,61,Baixo,Baixo,Sim,6,82,Baixo,Sim,4,Médio,Médio,Público,Positivo,4,Não,Ensino Médio,Moderado,Feminino,64,médio
783,24,63,Alto,Médio,Não,8,59,Baixo,Sim,1,Baixo,Médio,Público,Neutro,3,Sim,Ensino Médio,Perto,Masculino,62,médio
784,23,71,Médio,Médio,Sim,7,69,Alto,Sim,3,Baixo,Médio,Público,Positivo,5,Sim,Ensino Médio,Longe,Feminino,66,médio
785,26,68,Médio,Alto,Sim,8,90,Médio,Sim,4,Baixo,Alto,Privado,Neutro,3,Não,Ensino Médio,Perto,Masculino,70,médio
786,25,69,Alto,Médio,Sim,7,56,Médio,Sim,2,Baixo,Médio,Privado,Neutro,4,Não,Ensino Médio,Perto,Masculino,67,médio
787,23,92,Baixo,Médio,Não,8,54,Médio,Sim,0,Alto,Baixo,Público,Positivo,1,Não,Pós-Graduação,Perto,Feminino,68,médio
788,20,83,Alto,Baixo,Não,9,77,Alto,Sim,0,Baixo,Médio,Público,Positivo,3,Sim,Ensino Médio,Perto,Masculino,67,médio
789,10,60,Médio,Médio,Não,9,85,Médio,Sim,0,Médio,Alto,Público,Positivo,4,Não,Pós-Graduação,Perto,Masculino,62,médio
790,23,77,Baixo,Médio,Sim,8,96,Médio,Sim,1,Alto,Médio,Privado,Neutro,1,Sim,Faculdade,Perto,Masculino,67,médio
791,21,76,Médio,Alto,Sim,8,83,Médio,Sim,0,Baixo,Médio,Público,Positivo,5,Não,Ensino Médio,Perto,Masculino,68,médio
792,22,65,Baixo,Médio,Não,7,97,Baixo,Sim,2,Médio,Alto,Privado,Neutro,4,Não,Ensino Médio,Moderado,Feminino,64,médio
793,12,87,Médio,Baixo,Sim,7,62,Médio,Não,2,Médio,Médio,Público,Neutro,4,Não,Ensino Médio,Perto,Feminino,64,médio
794,14,88,Médio,Médio,Não,8,67,Médio,Sim,2,Alto,Baixo,Público,Neutro,3,Não,Pós-Graduação,Longe,Masculino,66,médio
795,26,89,Médio,Baixo,Sim,7,92,Médio,Sim,2,Baixo,Alto,Público,Positivo,2,Não,Pós-Graduação,Moderado,Masculino,72,médio
796,20,89,Médio,Alto,Sim,8,91,Médio,Sim,2,Médio,Médio,Público,Positivo,3,Não,Ensino Médio,Perto,Feminino,72,médio
797,24,60,Médio,Alto,Sim,9,83,Alto,Sim,2,Médio,Baixo,Público,Positivo,3,Sim,Ensino Médio,Perto,Masculino,66,médio
798,20,98,Baixo,Médio,Não,7,75,Alto,Sim,4,Médio,Médio,Privado,Positivo,1,Não,Faculdade,Perto,Masculino,72,médio
799,20,93,Alto,Médio,Sim,4,51,Baixo,Sim,1,Médio,Médio,Público,Positivo,3,Não,Ensino Médio,Perto,Masculino,69,médio
800,26,96,Alto,Alto,Sim,10,64,Baixo,Sim,2,Médio,Médio,Privado,Neutro,3,Sim,Ensino Médio,Perto,Feminino,72,médio
801,17,61,Baixo,Baixo,Sim,6,58,Médio,Sim,1,Médio,Alto,Público,Neutro,4,Não,Ensino Médio,Perto,Masculino,60,baixo
802,21,97,Médio,Médio,Sim,7,53,Médio,Sim,0,Alto,Médio,Público,Neutro,2,Não,Ensino Médio,Moderado,Masculino,69,médio
803,17,92,Médio,Alto,Não,8,89,Médio,Sim,0,Baixo,Baixo,Público,Positivo,3,Sim,Ensino Médio,Perto,Masculino,68,médio
804,17,93,Baixo,Médio,Sim,9,57,Alto,Sim,3,Baixo,Alto,Privado,Neutro,2,Não,Faculdade,Perto,Masculino,69,médio
805,18,64,Médio,Baixo,Sim,10,68,Baixo,Sim,1,Baixo,Médio,Público,Positivo,5,Não,Ensino Médio,Perto,Masculino,62,médio
806,21,90,Médio,Médio,Sim,6,99,Baixo,Sim,2,Baixo,Alto,Público,Positivo,2,Não,Ensino Médio,Moderado,Masculino,71,médio
807,17,98,Médio,Alto,Sim,9,70,Baixo,Sim,1,Alto,Médio,Privado,Negativo,2,Não,Ensino Médio,Perto,Masculino,70,médio
808,28,87,Baixo,Baixo,Sim,7,57,Médio,Sim,2,Médio,Alto,Privado,Negativo,4,Não,Ensino Médio,Moderado,Masculino,68,médio
809,15,83,Alto,Médio,Sim,10,84,Médio,Sim,1,Alto,Alto,Público,Negativo,2,Não,Faculdade,Perto,Masculino,68,médio
810,19,98,Médio,Alto,Não,9,90,Baixo,Não,1,Alto,Médio,Privado,Positivo,2,Não,Faculdade,Longe,Feminino,70,médio
811,17,78,Médio,Alto,Não,7,64,Médio,Sim,0,Baixo,Médio,Privado,Neutro,3,Não,Ensino Médio,Perto,Feminino,65,médio
812,29,84,Alto,Médio,Sim,6,90,Médio,Sim,0,Médio,Alto,Público,Positivo,3,Não,Pós-Graduação,Longe,Masculino,73,médio
813,21,79,Alto,Médio,Não,4,64,Baixo,Sim,0,Baixo,Alto,Público,Negativo,4,Não,Faculdade,Moderado,Masculino,66,médio
814,26,97,Médio,Médio,Não,8,85,Baixo,Não,2,Alto,Baixo,Público,Neutro,3,Não,Ensino Médio,Perto,Masculino,71,médio
815,11,63,Alto,Médio,Sim,9,56,Alto,Sim,2,Médio,Médio,Público,Neutro,3,Não,Ensino Médio,Perto,Feminino,62,médio
816,22,80,Médio,Médio,Sim,8,71,Alto,Sim,2,Baixo,Médio,Privado,Positivo,3,Não,Ensino Médio,Perto,Feminino,68,médio
817,25,87,Médio,Alto,Não,4,76,Baixo,Sim,1,Baixo,Alto,Público,Positivo,4,Não,Faculdade,Longe,Masculino,70,médio
818,20,92,Médio,Baixo,Não,5,86,Baixo,Sim,0,Médio,Médio,Público,Neutro,2,Não,Pós-Graduação,Moderado,Feminino,68,médio
819,26,83,Alto,Baixo,Sim,8,83,Médio,Sim,2,Baixo,Alto,Público,Neutro,2,Não,Faculdade,Perto,Feminino,71,médio
820,17,96,Médio,Médio,Sim,10,93,Médio,Sim,2,Médio,Baixo,Público,Negativo,4,Não,Ensino Médio,Perto,Feminino,70,médio
821,28,98,Médio,Médio,Sim,7,59,Médio,Sim,1,Baixo,Médio,Público,Positivo,3,Não,Ensino Médio,Perto,Masculino,72,médio
822,34,63,Médio,Alto,Sim,9,83,Médio,Sim,2,Médio,Alto,Público,Negativo,2,Não,Faculdade,Moderado,Masculino,69,médio
823,18,76,Médio,Alto,Não,5,56,Médio,Sim,1,Baixo,Baixo,Público,Negativo,2,Não,Faculdade,Moderado,Masculino,63,médio
824,17,61,Médio,Médio,Não,7,74,Alto,Sim,0,Médio,Médio,Público,Neutro,2,Não,Pós-Graduação,Perto,Feminino,62,médio
825,29,73,Médio,Médio,Não,7,76,Médio,Sim,2,Baixo,Alto,Privado,Neutro,3,Não,Ensino Médio,Perto,Feminino,68,médio
826,29,81,Baixo,Médio,Sim,9,51,Baixo,Sim,2,Médio,Médio,Público,Positivo,5,Não,Pós-Graduação,Perto,Masculino,70,médio
827,17,96,Médio,Médio,Sim,6,54,Médio,Sim,1,Médio,Médio,Privado,Positivo,4,Não,Ensino Médio,Perto,Masculino,69,médio
828,17,94,Médio,Médio,Não,10,92,Baixo,Sim,2,Baixo,Médio,Privado,Negativo,2,Não,Ensino Médio,Perto,Masculino,68,médio
829,18,65,Alto,Médio,Sim,7,64,Médio,Sim,2,Alto,Médio,Público,Positivo,1,Não,Ensino Médio,Perto,Masculino,65,médio
830,12,64,Médio,Baixo,Não,5,67,Médio,Sim,3,Baixo,Médio,Privado,Positivo,2,Sim,Ensino Médio,Perto,Masculino,59,baixo
831,14,84,Médio,Médio,Não,5,82,Médio,Sim,3,Baixo,Médio,Público,Positivo,3,Não,Faculdade,Longe,Masculino,66,médio
832,14,81,Alto,Médio,Não,6,61,Baixo,Sim,0,Baixo,Médio,Público,Positivo,4,Não,Ensino Médio,Moderado,Masculino,64,médio
833,15,71,Baixo,Médio,Não,8,60,Alto,Não,5,Baixo,Alto,Público,Positivo,4,Não,Ensino Médio,Longe,Feminino,63,médio
834,20,96,Médio,Médio,Não,6,71,Médio,Sim,5,Baixo,Alto,Público,Neutro,3,Não,Faculdade,Perto,Masculino,72,médio
835,21,97,Médio,Alto,Sim,6,53,Baixo,Sim,0,Baixo,Médio,Público,Negativo,3,Sim,Ensino Médio,Moderado,Masculino,67,médio
836,29,76,Médio,Médio,Não,8,96,Baixo,Sim,2,Baixo,Médio,Público,Positivo,2,Não,Pós-Graduação,Moderado,Masculino,94,alto
837,14,96,Médio,Alto,Sim,4,97,Baixo,Sim,2,Médio,Médio,Público,Negativo,3,Não,Ensino Médio,Perto,Feminino,70,médio
838,26,75,Baixo,Médio,Não,6,72,Médio,Sim,0,Baixo,Alto,Público,Neutro,3,Não,Ensino Médio,Perto,Masculino,66,médio
839,19,89,Baixo,Médio,Sim,5,60,Baixo,Sim,4,Médio,Médio,Público,Positivo,2,Não,Pós-Graduação,Moderado,Feminino,69,médio
840,20,79,Médio,Baixo,Sim,6,74,Baixo,Sim,2,Baixo,Médio,Público,Positivo,2,Não,Ensino Médio,Longe,Masculino,64,médio
841,24,65,Médio,Médio,Não,7,55,Baixo,Sim,1,Baixo,Alto,Privado,Positivo,3,Sim,Ensino Médio,Perto,Feminino,63,médio
842,13,97,Alto,Alto,Não,7,70,Médio,Sim,1,Baixo,Alto,Público,Neutro,4,Não,Pós-Graduação,Perto,Feminino,71,médio
843,22,78,Alto,Médio,Não,7,54,Médio,Sim,1,Médio,Médio,Público,Negativo,3,Sim,Ensino Médio,Moderado,Masculino,65,médio
844,21,89,Baixo,Médio,Sim,9,85,Baixo,Sim,1,Médio,Médio,Público,Negativo,5,Não,Faculdade,Longe,Feminino,68,médio
845,23,75,Médio,Médio,Não,7,64,Alto,Sim,1,Baixo,Médio,Público,Negativo,3,Sim,Ensino Médio,Moderado,Masculino,64,médio
846,22,61,Baixo,Baixo,Sim,10,76,Alto,Sim,1,Alto,Alto,Público,Positivo,2,Não,Faculdade,Perto,Masculino,64,médio
847,35,64,Médio,Médio,Sim,8,51,Médio,Sim,2,Médio,Médio,Público,Negativo,5,Sim,Ensino Médio,Perto,Masculino,66,médio
848,16,80,Alto,Médio,Não,6,76,Médio,Sim,1,Médio,Alto,Público,Positivo,4,Não,Faculdade,Perto,Masculino,68,médio
849,17,88,Médio,Médio,Não,10,50,Médio,Sim,3,Baixo,Alto,Público,Neutro,5,Não,Faculdade,Moderado,Feminino,67,médio
850,16,73,Baixo,Alto,Sim,7,96,Médio,Sim,1,Médio,Médio,Privado,Positivo,3,Não,Ensino Médio,Moderado,Feminino,66,médio
851,17,88,Médio,Médio,Sim,10,75,Médio,Sim,2,Médio,Médio,Público,Neutro,3,Não,Ensino Médio,Perto,Masculino,68,médio
852,16,88,Baixo,Médio,Não,7,55,Médio,Sim,3,Baixo,Baixo,Público,Neutro,3,Não,Pós-Graduação,Perto,Masculino,66,médio
853,27,88,Médio,Médio,Não,7,67,Médio,Sim,3,Alto,Médio,Público,Neutro,4,Não,Faculdade,Longe,Masculino,71,médio
854,29,80,Médio,Alto,Sim,8,52,Médio,Sim,4,Baixo,Médio,Público,Positivo,4,Não,Ensino Médio,Moderado,Feminino,71,médio
855,17,97,Médio,Alto,Não,7,77,Médio,Sim,0,Baixo,Médio,Privado,Negativo,4,Não,Faculdade,Longe,Masculino,68,médio
856,15,80,Alto,Baixo,Não,9,56,Alto,Sim,3,Médio,Médio,Público,Neutro,3,Sim,Ensino Médio,Perto,Feminino,64,médio
857,23,78,Médio,Médio,Sim,10,74,Baixo,Sim,3,Médio,Médio,Público,Negativo,4,Não,Ensino Médio,Moderado,Masculino,67,médio
858,17,68,Alto,Médio,Sim,4,65,Alto,Sim,0,Médio,Médio,Privado,Positivo,2,Não,Ensino Médio,Moderado,Masculino,64,médio
859,24,72,Alto,Baixo,Sim,8,88,Alto,Sim,3,Baixo,Médio,Público,Positivo,2,Não,Ensino Médio,Perto,Feminino,68,médio
860,21,62,Médio,Baixo,Não,6,74,Alto,Sim,0,Baixo,Alto,Privado,Positivo,3,Sim,Pós-Graduação,Longe,Masculino,62,médio
861,11,85,Médio,Baixo,Sim,4,92,Baixo,Sim,0,Médio,Alto,Público,Neutro,1,Não,Faculdade,Perto,Masculino,64,médio
862,29,70,Baixo,Alto,Não,8,97,Baixo,Sim,3,Baixo,Alto,Público,Positivo,3,Não,Pós-Graduação,Moderado,Masculino,70,médio
863,31,72,Médio,Médio,Não,8,98,Alto,Sim,0,Baixo,Médio,Público,Neutro,4,Não,Faculdade,Longe,Masculino,68,médio
864,16,91,Médio,Médio,Não,8,63,Alto,Sim,2,Médio,Alto,Público,Neutro,3,Não,Faculdade,Perto,Feminino,69,médio
865,18,73,Baixo,Médio,Sim,8,88,Baixo,Sim,3,Baixo,Médio,Público,Positivo,4,Não,Faculdade,Moderado,Masculino,65,médio
866,22,70,Médio,Alto,Sim,8,72,Médio,Sim,2,Alto,Médio,Público,Neutro,3,Não,Ensino Médio,Perto,Masculino,67,médio
867,22,67,Alto,Médio,Não,6,71,Baixo,Sim,2,Médio,Médio,Público,Positivo,2,Não,Faculdade,Moderado,Masculino,65,médio
868,24,91,Alto,Médio,Não,7,93,Baixo,Sim,0,Médio,Médio,Público,Positivo,2,Não,Ensino Médio,Moderado,Masculino,71,médio
869,32,65,Médio,Baixo,Sim,8,57,Baixo,Sim,2,Baixo,Médio,Público,Positivo,3,Não,Ensino Médio,Moderado,Feminino,65,médio
870,19,78,Médio,Médio,Sim,9,74,Baixo,Sim,2,Baixo,Médio,Público,Positivo,5,Não,Ensino Médio,Moderado,Feminino,66,médio
871,15,80,Alto,Médio,Não,7,80,Médio,Sim,0,Baixo,Baixo,Público,Neutro,5,Não,Ensino Médio,Perto,Feminino,65,médio
872,12,87,Médio,Médio,Sim,7,53,Baixo,Sim,2,Médio,Médio,Privado,Neutro,1,Não,Faculdade,Perto,Masculino,65,médio
873,16,85,Baixo,Médio,Não,7,93,Alto,Sim,1,Médio,Alto,Público,Positivo,3,Não,Ensino Médio,Perto,Masculino,68,médio
874,20,92,Médio,Médio,Sim,5,66,Médio,Sim,2,Médio,Médio,Público,Negativo,2,Sim,Faculdade,Moderado,Masculino,68,médio
875,31,62,Alto,Médio,Não,8,83,Médio,Sim,0,Médio,Alto,Privado,Neutro,2,Sim,Faculdade,Perto,Feminino,67,médio
876,17,72,Baixo,Médio,Sim,5,96,Alto,Sim,3,Alto,Médio,Público,Negativo,3,Não,Ensino Médio,Moderado,Masculino,65,médio
877,21,71,Médio,Baixo,Não,8,86,Médio,Sim,2,Médio,Alto,Público,Neutro,2,Não,Faculdade,Perto,Masculino,66,médio
878,20,66,Médio,Médio,Sim,7,94,Baixo,Sim,0,Médio,Baixo,Público,Neutro,4,Não,Ensino Médio,Moderado,Feminino,63,médio
879,27,72,Alto,Alto,Sim,5,53,Médio,Sim,1,Alto,Médio,Privado,Neutro,5,Não,Pós-Graduação,Perto,Masculino,70,médio
880,35,72,Alto,Alto,Sim,5,75,Médio,Sim,1,Baixo,Médio,Público,Positivo,5,Não,Faculdade,Moderado,Masculino,72,médio
881,17,81,Médio,Alto,Não,6,78,Médio,Sim,2,Baixo,Médio,Privado,Positivo,2,Não,Ensino Médio,Moderado,Masculino,67,médio
882,17,87,Alto,Baixo,Sim,6,84,Médio,Sim,0,Médio,Médio,Público,Positivo,3,Não,Faculdade,Longe,Masculino,67,médio
883,26,75,Baixo,Médio,Sim,9,56,Médio,Sim,1,Baixo,Médio,Público,Positivo,5,Não,Ensino Médio,Moderado,Masculino,66,médio
884,24,89,Baixo,Médio,Não,7,83,Médio,Não,1,Baixo,Baixo,Público,Neutro,3,Não,Ensino Médio,Moderado,Masculino,66,médio
885,31,73,Alto,Médio,Sim,8,57,Médio,Sim,2,Baixo,Alto,Público,Neutro,4,Não,Ensino Médio,Longe,Masculino,69,médio
886,24,72,Médio,Baixo,Sim,9,53,Médio,Sim,0,Baixo,Alto,Privado,Neutro,4,Sim,Ensino Médio,Moderado,Masculino,62,médio
887,18,82,Baixo,Médio,Não,9,73,Baixo,Sim,2,Baixo,Médio,Público,Positivo,4,Não,Faculdade,Perto,Feminino,66,médio
888,24,61,Médio,Médio,Não,7,80,Alto,Sim,0,Baixo,Médio,Público,Positivo,3,Não,Pós-Graduação,Moderado,Masculino,64,médio
889,27,63,Alto,Médio,Sim,6,98,Médio,Sim,1,Baixo,Alto,Público,Positivo,2,Não,Ensino Médio,Moderado,Feminino,67,médio
890,25,77,Alto,Alto,Não,8,85,Médio,Sim,2,Médio,Médio,Público,Positivo,1,Não,Faculdade,Perto,Masculino,71,médio
891,23,98,Alto,Médio,Sim,6,80,Médio,Sim,1,Médio,Médio,Público,Positivo,2,Não,Ensino Médio,Moderado,Masculino,73,médio
892,26,89,Médio,Baixo,Sim,10,61,Baixo,Sim,0,Médio,Alto,Público,Neutro,3,Não,Ensino Médio,Moderado,Feminino,68,médio
893,27,64,Alto,Baixo,Sim,8,58,Médio,Sim,2,Alto,Alto,Público,Neutro,1,Não,Pós-Graduação,Longe,Masculino,66,médio
894,28,94,Médio,Alto,Sim,7,80,Médio,Sim,3,Baixo,Alto,Público,Positivo,4,Não,Pós-Graduação,Longe,Masculino,75,médio
895,24,89,Médio,Alto,Sim,8,61,Médio,Sim,1,Baixo,Alto,Público,Positivo,3,Não,Pós-Graduação,Perto,Feminino,72,médio
896,19,84,Alto,Baixo,Sim,7,85,Médio,Sim,1,Alto,Médio,Privado,Neutro,3,Não,Ensino Médio,Perto,Masculino,68,médio
897,21,93,Médio,Médio,Sim,6,56,Médio,Não,1,Baixo,Médio,Público,Positivo,3,Não,Ensino Médio,Perto,Masculino,68,médio
898,27,76,Baixo,Alto,Sim,8,67,Médio,Sim,1,Médio,Médio,Público,Positivo,4,Não,Ensino Médio,Perto,Masculino,69,médio
899,15,69,Médio,Médio,Sim,7,89,Médio,Sim,1,Baixo,Alto,Público,Negativo,2,Não,Faculdade,Moderado,Feminino,63,médio
900,22,80,Médio,Alto,Sim,10,92,Médio,Sim,0,Médio,Alto,Público,Positivo,2,Não,Ensino Médio,Perto,Feminino,70,médio
901,18,82,Baixo,Médio,Sim,6,67,Baixo,Sim,1,Alto,Baixo,Privado,Positivo,3,Não,Pós-Graduação,Moderado,Masculino,66,médio
902,20,82,Baixo,Baixo,Sim,8,60,Médio,Sim,3,Médio,Alto,Público,Positivo,4,Não,Ensino Médio,Moderado,Masculino,66,médio
903,28,83,Médio,Alto,Não,6,98,Médio,Sim,1,Baixo,Alto,Privado,Neutro,2,Não,Pós-Graduação,Moderado,Masculino,72,médio
904,21,98,Baixo,Médio,Não,6,88,Médio,Sim,1,Médio,Baixo,Público,Neutro,3,Não,Pós-Graduação,Perto,Masculino,71,médio
905,20,96,Alto,Médio,Não,4,90,Médio,Sim,3,Baixo,Médio,Privado,Neutro,2,Não,Faculdade,Perto,Masculino,72,médio
906,12,95,Médio,Médio,Não,8,61,Alto,Sim,4,Alto,Alto,Privado,Neutro,1,Não,Faculdade,Perto,Masculino,69,médio
907,24,92,Baixo,Alto,Sim,6,71,Baixo,Sim,2,Baixo,Alto,Público,Positivo,2,Não,Ensino Médio,Perto,Masculino,71,médio
908,24,98,Médio,Baixo,Não,9,53,Médio,Sim,3,Alto,Baixo,Privado,Negativo,2,Não,Pós-Graduação,Longe,Masculino,69,médio
909,33,64,Alto,Médio,Não,8,55,Médio,Sim,1,Médio,Alto,Público,Neutro,3,Não,Faculdade,Moderado,Feminino,68,médio
910,18,71,Baixo,Baixo,Sim,7,61,Baixo,Sim,2,Baixo,Médio,Público,Negativo,4,Não,Faculdade,Perto,Masculino,61,médio
911,21,80,Médio,Alto,Não,5,65,Alto,Sim,2,Médio,Baixo,Privado,Neutro,1,Não,Pós-Graduação,Moderado,Masculino,68,médio
912,21,94,Alto,Médio,Sim,8,100,Baixo,Sim,0,Baixo,Médio,Público,Neutro,3,Não,Pós-Graduação,Perto,Masculino,72,médio
913,29,80,Médio,Médio,Sim,6,71,Médio,Sim,0,Médio,Médio,Público,Positivo,3,Não,Faculdade,Moderado,Feminino,70,médio
914,19,90,Alto,Médio,Sim,5,85,Alto,Sim,0,Médio,Alto,Privado,Positivo,5,Não,Pós-Graduação,Perto,Feminino,73,médio
915,22,66,Médio,Alto,Não,8,95,Baixo,Sim,3,Médio,Médio,Privado,Positivo,3,Não,Ensino Médio,Moderado,Feminino,67,médio
916,24,70,Médio,Alto,Não,5,62,Médio,Sim,2,Baixo,Médio,Privado,Negativo,4,Sim,Faculdade,Perto,Masculino,65,médio
917,21,89,Médio,Médio,Não,4,57,Médio,Sim,1,Alto,Médio,Privado,Positivo,2,Não,Ensino Médio,Perto,Feminino,68,médio
918,17,67,Baixo,Alto,Sim,9,62,Alto,Sim,3,Médio,Médio,Público,Positivo,3,Não,Ensino Médio,Perto,Masculino,65,médio
919,21,74,Alto,Médio,Não,6,94,Médio,Sim,1,Baixo,Alto,Público,Positivo,1,Não,Ensino Médio,Perto,Masculino,97,alto
920,26,71,Alto,Baixo,Sim,4,83,Baixo,Sim,1,Médio,Médio,Público,Negativo,3,Não,Faculdade,Moderado,Masculino,66,médio
921,14,74,Alto,Alto,Sim,6,73,Alto,Sim,2,Médio,Médio,Privado,Neutro,3,Não,Ensino Médio,Perto,Feminino,67,médio
922,21,88,Alto,Médio,Não,6,91,Médio,Sim,2,Alto,Médio,Público,Neutro,1,Não,Ensino Médio,Moderado,Feminino,70,médio
923,16,75,Alto,Médio,Sim,9,62,Médio,Sim,3,Baixo,Médio,Público,Positivo,4,Não,Ensino Médio,Moderado,Feminino,66,médio
924,27,82,Médio,Alto,Sim,5,62,Baixo,Sim,1,Baixo,Alto,Privado,Neutro,4,Não,Ensino Médio,Moderado,Feminino,69,médio
925,11,64,Alto,Médio,Sim,5,78,Baixo,Sim,2,Baixo,Alto,Privado,Neutro,4,Não,Faculdade,Moderado,Masculino,62,médio
926,17,92,Médio,Baixo,Sim,8,90,Alto,Sim,1,Alto,Baixo,Público,Negativo,3,Não,Ensino Médio,Perto,Masculino,68,médio
927,22,75,Médio,Alto,Sim,6,63,Baixo,Sim,1,Baixo,Médio,Público,Positivo,2,Não,Faculdade,Perto,Masculino,67,médio
928,29,86,Médio,Médio,Sim,7,61,Médio,Sim,0,Médio,Médio,Público,Negativo,4,Não,Ensino Médio,Longe,Feminino,68,médio
929,20,89,Alto,Médio,Sim,6,74,Médio,Sim,1,Baixo,Alto,Privado,Neutro,2,Não,Ensino Médio,Moderado,Masculino,69,médio
930,17,68,Médio,Médio,Sim,10,57,Médio,Sim,1,Alto,Médio,Privado,Positivo,1,Sim,Ensino Médio,Moderado,Feminino,62,médio
931,31,95,Alto,Médio,Sim,5,87,Médio,Sim,2,Baixo,Médio,Público,Neutro,3,Não,Pós-Graduação,Moderado,Masculino,75,médio
932,11,85,Médio,Médio,Não,7,79,Baixo,Sim,2,Alto,Baixo,Público,Positivo,3,Não,Ensino Médio,Perto,Masculino,65,médio
933,7,77,Alto,Médio,Não,9,76,Médio,Sim,2,Médio,Alto,Público,Negativo,3,Não,Faculdade,Moderado,Masculino,63,médio
934,23,67,Alto,Médio,Não,6,94,Baixo,Sim,1,Médio,Médio,Público,Positivo,2,Não,Faculdade,Longe,Masculino,66,médio
935,17,98,Baixo,Alto,Não,6,87,Alto,Não,3,Médio,Médio,Privado,Positivo,5,Não,Faculdade,Perto,Feminino,71,médio
936,14,90,Alto,Médio,Sim,8,57,Médio,Sim,0,Médio,Médio,Público,Positivo,3,Sim,Faculdade,Moderado,Masculino,66,médio
937,24,68,Médio,Médio,Não,9,71,Médio,Sim,2,Médio,Médio,Público,Neutro,4,Não,Faculdade,Perto,Masculino,66,médio
938,21,74,Médio,Alto,Não,6,66,Baixo,Sim,1,Médio,Alto,Privado,Negativo,4,Não,Ensino Médio,Perto,Masculino,66,médio
939,17,92,Alto,Alto,Sim,9,90,Médio,Sim,1,Alto,Baixo,Público,Positivo,3,Não,Ensino Médio,Moderado,Masculino,71,médio
940,12,88,Médio,Médio,Sim,7,86,Alto,Sim,3,Médio,Alto,Público,Positivo,3,Sim,Ensino Médio,Moderado,Masculino,68,médio
941,25,91,Médio,Médio,Não,8,74,Alto,Sim,1,Médio,Alto,Privado,Positivo,3,Não,Faculdade,Moderado,Masculino,71,médio
942,24,78,Médio,Médio,Sim,9,91,Baixo,Sim,0,Alto,Alto,Público,Negativo,3,Não,Pós-Graduação,Longe,Feminino,68,médio
943,19,89,Baixo,Médio,Não,8,71,Médio,Sim,2,Baixo,Alto,Público,Positivo,4,Não,Ensino Médio,Perto,Masculino,68,médio
944,31,75,Médio,Médio,Não,7,90,Baixo,Sim,2,Médio,Alto,Público,Neutro,2,Sim,Ensino Médio,Moderado,Masculino,68,médio
945,14,68,Médio,Médio,Sim,6,52,Médio,Sim,2,Baixo,Médio,Público,Positivo,2,Não,Faculdade,Perto,Masculino,62,médio
946,11,85,Alto,Baixo,Sim,10,57,Alto,Sim,0,Médio,Alto,Público,Neutro,5,Não,Ensino Médio,Perto,Masculino,65,médio
947,16,99,Baixo,Alto,Não,6,88,Alto,Sim,2,Baixo,Baixo,Público,Neutro,3,Não,Pós-Graduação,Perto,Masculino,71,médio
948,20,72,Médio,Alto,Sim,7,56,Baixo,Sim,0,Baixo,Médio,Público,Negativo,6,Sim,Faculdade,Moderado,Masculino,63,médio
949,21,78,Alto,Médio,Não,8,84,Baixo,Sim,1,Alto,Baixo,Público,Positivo,4,Não,Ensino Médio,Perto,Masculino,68,médio
950,19,87,Alto,Baixo,Sim,8,86,Baixo,Sim,1,Médio,Alto,Público,Positivo,4,Não,Ensino Médio,Moderado,Feminino,69,médio
951,22,82,Alto,Alto,Não,10,83,Médio,Sim,1,Baixo,Alto,Privado,Neutro,2,Sim,Faculdade,Moderado,Masculino,69,médio
952,12,94,Médio,Alto,Sim,7,91,Baixo,Sim,3,Médio,Médio,Privado,Positivo,3,Não,Pós-Graduação,Perto,Feminino,71,médio
953,29,90,Médio,Alto,Não,7,76,Médio,Sim,0,Baixo,Médio,Público,Neutro,1,Não,Pós-Graduação,Moderado,Feminino,71,médio
954,20,62,Médio,Médio,Sim,9,95,Baixo,Sim,0,Médio,Médio,Privado,Neutro,3,Sim,Ensino Médio,Perto,Masculino,62,médio
955,27,100,Baixo,Baixo,Sim,7,78,Baixo,Sim,2,Médio,Médio,Público,Negativo,2,Não,Ensino Médio,Perto,Masculino,70,médio
956,22,90,Alto,Alto,Não,8,75,Alto,Sim,1,Baixo,Baixo,Privado,Neutro,3,Não,Faculdade,Moderado,Masculino,70,médio
957,23,95,Médio,Médio,Sim,7,75,Médio,Sim,2,Alto,Médio,Público,Positivo,2,Não,Faculdade,Perto,Masculino,73,médio
958,23,86,Médio,Alto,Sim,8,96,Baixo,Sim,3,Médio,Médio,Privado,Positivo,2,Não,Ensino Médio,Moderado,Feminino,71,médio
959,23,94,Médio,Baixo,Sim,8,62,Médio,Sim,2,Baixo,Médio,Público,Positivo,0,Não,Pós-Graduação,Moderado,Feminino,69,médio
960,24,64,Médio,Alto,Sim,6,85,Alto,Sim,0,Alto,Baixo,Privado,Neutro,3,Sim,Pós-Graduação,Perto,Masculino,66,médio
961,28,74,Médio,Baixo,Sim,4,62,Médio,Sim,1,Baixo,Médio,Privado,Neutro,3,Não,Ensino Médio,Moderado,Masculino,65,médio
962,21,95,Alto,Médio,Não,4,55,Médio,Sim,2,Médio,Alto,Privado,Neutro,1,Não,Faculdade,Perto,Masculino,71,médio
963,24,68,Médio,Médio,Sim,4,98,Alto,Sim,2,Médio,Alto,Público,Negativo,2,Não,Ensino Médio,Perto,Masculino,68,médio
964,19,63,Médio,Alto,Sim,7,56,Médio,Sim,2,Baixo,Médio,Privado,Positivo,3,Não,Ensino Médio,Perto,Feminino,64,médio
965,29,92,Baixo,Baixo,Sim,4,84,Médio,Sim,2,Baixo,Médio,Público,Negativo,3,Não,Pós-Graduação,Perto,Masculino,71,médio
966,16,93,Baixo,Médio,Não,7,71,Médio,Sim,0,Médio,Alto,Público,Positivo,2,Não,Ensino Médio,Perto,Masculino,67,médio
967,31,67,Médio,Baixo,Não,7,92,Alto,Sim,2,Médio,Médio,Público,Negativo,3,Não,Ensino Médio,Longe,Feminino,66,médio
968,20,94,Baixo,Alto,Sim,8,89,Médio,Sim,1,Baixo,Médio,Público,Positivo,4,Não,Ensino Médio,Perto,Masculino,71,médio
969,11,87,Baixo,Médio,Não,8,57,Alto,Sim,0,Baixo,Médio,Público,Negativo,2,Não,Ensino Médio,Moderado,Masculino,62,médio
970,21,81,Alto,Médio,Não,8,73,Médio,Sim,3,Baixo,Médio,Público,Positivo,2,Sim,Ensino Médio,Perto,Masculino,67,médio
971,16,93,Médio,Baixo,Sim,8,51,Médio,Sim,3,Baixo,Médio,Público,Neutro,2,Não,Faculdade,Perto,Masculino,67,médio
972,25,77,Baixo,Médio,Sim,7,71,Médio,Sim,0,Médio,Médio,Público,Negativo,3,Não,Ensino Médio,Perto,Feminino,66,médio
973,16,68,Baixo,Médio,Sim,7,85,Alto,Sim,1,Baixo,Alto,Privado,Positivo,3,Não,Pós-Graduação,Moderado,Feminino,64,médio
974,17,71,Baixo,Médio,Sim,6,62,Médio,Sim,2,Baixo,Médio,Público,Neutro,3,Sim,Faculdade,Perto,Masculino,62,médio
975,9,80,Médio,Alto,Não,7,91,Baixo,Sim,1,Médio,Médio,Público,Neutro,3,Não,Faculdade,Perto,Feminino,65,médio
976,17,81,Médio,Baixo,Sim,5,53,Baixo,Sim,0,Médio,Médio,Público,Neutro,1,Não,Faculdade,Perto,Masculino,63,médio
977,5,92,Médio,Médio,Sim,9,52,Médio,Sim,2,Alto,Médio,Privado,Neutro,4,Sim,Faculdade,Moderado,Feminino,64,médio
978,10,92,Baixo,Alto,Sim,6,51,Baixo,Sim,1,Médio,Médio,Privado,Neutro,3,Não,Ensino Médio,Perto,Feminino,65,médio
979,25,83,Médio,Alto,Não,7,64,Médio,Sim,0,Baixo,Médio,Público,Neutro,2,Não,Faculdade,Moderado,Masculino,68,médio
980,25,91,Médio,Alto,Sim,7,73,Médio,Sim,2,Baixo,Médio,Público,Positivo,3,Não,Ensino Médio,Perto,Feminino,72,médio
981,23,68,Médio,Médio,Sim,9,55,Médio,Sim,0,Baixo,Médio,Público,Positivo,3,Não,Faculdade,Moderado,Masculino,64,médio
982,14,62,Alto,Médio,Não,4,100,Baixo,Sim,1,Baixo,Médio,Público,Neutro,3,Não,Ensino Médio,Perto,Masculino,62,médio
983,20,95,Médio,Baixo,Sim,7,100,Baixo,Não,3,Baixo,Médio,Privado,Neutro,2,Não,Ensino Médio,Perto,Feminino,69,médio
984,20,63,Baixo,Baixo,Sim,8,76,Médio,Sim,3,Médio,Médio,Público,Neutro,4,Não,Pós-Graduação,Perto,Feminino,64,médio
985,13,70,Alto,Médio,Não,10,78,Médio,Sim,1,Baixo,Médio,Público,Negativo,2,Não,Ensino Médio,Longe,Feminino,61,médio
986,29,88,Médio,Alto,Não,7,96,Baixo,Sim,2,Baixo,Baixo,Público,Positivo,2,Não,Ensino Médio,Perto,Feminino,72,médio
987,25,76,Médio,Baixo,Sim,6,88,Baixo,Sim,1,Médio,Médio,Privado,Negativo,3,Não,Faculdade,Longe,Masculino,66,médio
988,19,95,Alto,Baixo,Não,10,58,Baixo,Sim,2,Alto,Médio,Público,Positivo,3,Não,Ensino Médio,Perto,Masculino,69,médio
989,20,72,Médio,Médio,Não,8,90,Alto,Não,2,Baixo,Baixo,Privado,Neutro,2,Não,Faculdade,Perto,Feminino,65,médio
990,21,60,Alto,Médio,Sim,9,62,Médio,Sim,2,Baixo,Médio,Público,Positivo,3,Não,Ensino Médio,Perto,Masculino,64,médio
991,8,72,Baixo,Médio,Sim,5,72,Médio,Sim,3,Alto,Baixo,Privado,Positivo,4,Não,Ensino Médio,Perto,Feminino,62,médio
992,19,83,Médio,Médio,Não,8,77,Alto,Sim,1,Baixo,Médio,Público,Positivo,4,Não,Ensino Médio,Longe,Masculino,66,médio
993,16,75,Baixo,Baixo,Sim,5,86,Médio,Sim,0,Baixo,Médio,Público,Positivo,1,Não,Faculdade,Moderado,Feminino,62,médio
994,14,81,Médio,Médio,Sim,5,58,Alto,Sim,3,Baixo,Alto,Público,Negativo,4,Não,Pós-Graduação,Moderado,Masculino,66,médio
995,18,95,Médio,Alto,Não,8,54,Médio,Sim,2,Alto,Médio,Público,Neutro,3,Não,Faculdade,Moderado,Feminino,70,médio
996,31,96,Médio,Médio,Sim,8,93,Baixo,Sim,3,Baixo,Médio,Público,Positivo,3,Não,Ensino Médio,Perto,Masculino,75,médio
997,24,71,Baixo,Alto,Sim,6,91,Médio,Sim,3,Alto,Médio,Público,Neutro,2,Não,Ensino Médio,Longe,Feminino,67,médio
998,17,78,Baixo,Médio,Sim,9,76,Baixo,Sim,4,Médio,Médio,Público,Positivo,2,Não,Faculdade,Perto,Masculino,66,médio
999,23,82,Médio,Alto,Não,6,83,Médio,Sim,2,Médio,Médio,Privado,Positivo,3,Não,Pós-Graduação,Moderado,Masculino,71,médio
1000,28,98,Alto,Médio,Sim,7,86,Médio,Sim,2,Médio,Alto,Privado,Neutro,2,Não,Ensino Médio,Perto,Feminino,75,médio
1001,26,100,Alto,Alto,Não,7,74,Baixo,Sim,1,Médio,Médio,Público,Neutro,2,Não,Ensino Médio,Longe,Feminino,72,médio
1002,20,69,Alto,Médio,Não,7,63,Baixo,Sim,2,Baixo,Médio,Privado,Negativo,2,Não,Ensino Médio,Moderado,Feminino,64,médio
1003,16,89,Médio,Médio,Sim,9,74,Médio,Não,1,Baixo,Médio,Público,Neutro,3,Não,Ensino Médio,Longe,Masculino,65,médio
1004,24,75,Baixo,Médio,Não,5,98,Alto,Sim,1,Baixo,Médio,Público,Positivo,3,Não,Ensino Médio,Perto,Masculino,67,médio
1005,22,60,Médio,Médio,Não,6,92,Baixo,Sim,2,Baixo,Alto,Público,Negativo,2,Não,Ensino Médio,Perto,Masculino,63,médio
1006,25,60,Médio,Baixo,Sim,5,73,Baixo,Sim,1,Médio,Médio,Público,Negativo,2,Não,Ensino Médio,Perto,Masculino,62,médio
1007,24,78,Baixo,Alto,Sim,10,61,Alto,Sim,2,Médio,Médio,Público,Positivo,4,Não,Faculdade,Moderado,Feminino,69,médio
1008,26,80,Médio,Médio,Sim,7,94,Médio,Sim,1,Baixo,Médio,Privado,Positivo,2,Não,Pós-Graduação,Moderado,Masculino,70,médio
1009,17,61,Baixo,Médio,Sim,6,82,Alto,Sim,0,Médio,Alto,Público,Neutro,4,Não,Pós-Graduação,Perto,Masculino,63,médio
1010,28,87,Médio,Médio,Sim,7,70,Médio,Sim,2,Baixo,Médio,Público,Neutro,2,Não,Pós-Graduação,Perto,Masculino,71,médio
1011,21,72,Médio,Baixo,Sim,8,56,Médio,Sim,0,Baixo,Médio,Público,Neutro,4,Não,Ensino Médio,Perto,Masculino,63,médio
1012,32,82,Baixo,Médio,Sim,8,88,Baixo,Sim,0,Alto,Médio,Público,Positivo,2,Não,Faculdade,Moderado,Masculino,71,médio
1013,16,72,Médio,Médio,Sim,6,66,Baixo,Sim,0,Baixo,Médio,Privado,Positivo,4,Não,Faculdade,Perto,Masculino,63,médio
1014,30,67,Médio,Alto,Sim,6,80,Alto,Sim,0,Baixo,Médio,Público,Neutro,4,Não,Ensino Médio,Moderado,Masculino,68,médio
1015,21,76,Médio,Baixo,Sim,5,78,Alto,Não,0,Baixo,Alto,Público,Neutro,3,Não,Ensino Médio,Perto,Masculino,65,médio
1016,16,69,Alto,Alto,Sim,7,85,Médio,Sim,0,Alto,Alto,Privado,Negativo,3,Não,Ensino Médio,Perto,Feminino,66,médio
1017,17,81,Baixo,Médio,Sim,9,77,Médio,Sim,3,Baixo,Médio,Público,Neutro,4,Não,Faculdade,Longe,Masculino,66,médio
1018,18,68,Alto,Alto,Não,6,82,Baixo,Sim,0,Médio,Alto,Público,Positivo,3,Não,Ensino Médio,Perto,Masculino,66,médio
1019,23,80,Baixo,Baixo,Sim,8,54,Médio,Sim,0,Médio,Alto,Privado,Positivo,2,Não,Ensino Médio,Perto,Feminino,65,médio
1020,23,66,Médio,Alto,Não,6,83,Médio,Sim,0,Alto,Médio,Público,Positivo,2,Não,Ensino Médio,Perto,Feminino,66,médio
1021,17,87,Médio,Médio,Sim,5,60,Médio,Sim,4,Médio,Médio,Privado,Positivo,3,Sim,Ensino Médio,Perto,Feminino,67,médio
1022,20,90,Alto,Médio,Não,8,70,Médio,Sim,0,Médio,Médio,Privado,Neutro,3,Não,Ensino Médio,Moderado,Feminino,68,médio
1023,33,64,Médio,Baixo,Sim,10,76,Baixo,Sim,2,Alto,Alto,Privado,Neutro,3,Não,Ensino Médio,Perto,Masculino,68,médio
1024,30,79,Baixo,Médio,Não,8,84,Médio,Sim,3,Baixo,Médio,Privado,Negativo,3,Não,Faculdade,Moderado,Feminino,69,médio
1025,23,63,Médio,Baixo,Sim,6,87,Baixo,Sim,1,Médio,Médio,Público,Neutro,2,Não,Pós-Graduação,Perto,Masculino,64,médio
1026,20,84,Médio,Médio,Não,6,85,Médio,Sim,0,Médio,Médio,Privado,Positivo,3,Não,Ensino Médio,Moderado,Masculino,67,médio
1027,21,71,Médio,Médio,Sim,10,55,Baixo,Sim,1,Médio,Médio,Público,Negativo,4,Não,Ensino Médio,Moderado,Feminino,63,médio
1028,24,81,Baixo,Alto,Sim,7,69,Médio,Sim,3,Baixo,Médio,Público,Negativo,3,Não,Faculdade,Perto,Masculino,67,médio
1029,14,81,Médio,Alto,Sim,6,64,Baixo,Não,2,Alto,Alto,Público,Neutro,2,Não,Ensino Médio,Longe,Feminino,64,médio
1030,18,97,Baixo,Médio,Não,7,70,Baixo,Sim,0,Alto,Médio,Público,Neutro,2,Sim,Ensino Médio,Perto,Feminino,66,médio
1031,10,82,Alto,Médio,Não,7,82,Baixo,Sim,2,Baixo,Alto,Privado,Neutro,4,Não,Ensino Médio,Perto,Masculino,65,médio
1032,22,83,Médio,Médio,Sim,8,60,Baixo,Não,4,Médio,Médio,Público,Neutro,2,Não,Pós-Graduação,Moderado,Feminino,68,médio
1033,24,76,Baixo,Alto,Não,9,75,Baixo,Sim,0,Baixo,Médio,Privado,Positivo,5,Não,Ensino Médio,Perto,Masculino,66,médio
1034,17,98,Alto,Alto,Não,9,94,Baixo,Sim,0,Alto,Baixo,Público,Negativo,3,Não,Faculdade,Perto,Masculino,71,médio
1035,29,91,Médio,Alto,Sim,7,87,Médio,Não,2,Médio,Alto,Privado,Negativo,4,Não,Faculdade,Perto,Feminino,74,médio
1036,13,71,Médio,Alto,Não,7,86,Baixo,Sim,2,Baixo,Médio,Público,Positivo,3,Não,Pós-Graduação,Perto,Masculino,65,médio
1037,11,94,Baixo,Alto,Sim,8,92,Alto,Sim,0,Médio,Médio,Público,Neutro,4,Não,Ensino Médio,Perto,Feminino,68,médio
1038,21,77,Médio,Alto,Sim,6,70,Baixo,Não,2,Alto,Médio,Privado,Positivo,2,Não,Faculdade,Perto,Masculino,68,médio
1039,26,93,Médio,Médio,Não,8,88,Médio,Sim,1,Médio,Alto,Público,Neutro,4,Sim,Faculdade,Perto,Masculino,72,médio
1040,30,93,Alto,Alto,Sim,7,53,Médio,Sim,3,Baixo,Médio,Privado,Negativo,2,Não,Pós-Graduação,Moderado,Feminino,74,médio
1041,17,68,Baixo,Alto,Não,8,53,Médio,Sim,0,Baixo,Médio,Público,Neutro,2,Não,Faculdade,Perto,Masculino,61,médio
1042,26,88,Baixo,Baixo,Não,10,67,Baixo,Sim,0,Baixo,Baixo,Privado,Positivo,3,Não,Ensino Médio,Longe,Masculino,65,médio
1043,20,72,Alto,Baixo,Não,8,60,Baixo,Sim,0,Baixo,Médio,Público,Neutro,5,Não,Ensino Médio,Perto,Masculino,63,médio
1044,19,72,Alto,Médio,Sim,7,76,Médio,Sim,1,Médio,Alto,Público,Positivo,2,Não,Ensino Médio,Moderado,Feminino,66,médio
1045,25,72,Baixo,Alto,Sim,6,59,Médio,Sim,2,Baixo,Médio,Público,Negativo,3,Não,Ensino Médio,Perto,Masculino,66,médio
1046,24,89,Alto,Médio,Sim,7,99,Médio,Sim,2,Baixo,Alto,Privado,Neutro,4,Não,Ensino Médio,Perto,Feminino,73,médio
1047,11,69,Médio,Médio,Não,5,93,Médio,Sim,0,Médio,Alto,Público,Negativo,4,Não,Faculdade,Perto,Masculino,63,médio
1048,29,60,Alto,Alto,Sim,8,99,Médio,Sim,0,Médio,Médio,Público,Positivo,4,Sim,Ensino Médio,Perto,Feminino,68,médio
1049,28,89,Alto,Baixo,Sim,4,90,Alto,Sim,3,Baixo,Alto,Público,Positivo,2,Sim,Pós-Graduação,Moderado,Feminino,73,médio
1050,16,67,Baixo,Alto,Sim,8,98,Médio,Sim,0,Alto,Baixo,Privado,Negativo,3,Não,Ensino Médio,Moderado,Masculino,63,médio
1051,22,64,Médio,Alto,Sim,8,68,Médio,Sim,2,Médio,Médio,Público,Negativo,4,Não,Ensino Médio,Perto,Masculino,65,médio
1052,23,70,Baixo,Alto,Sim,7,75,Alto,Sim,0,Baixo,Médio,Público,Positivo,4,Não,Ensino Médio,Perto,Feminino,66,médio
1053,22,75,Baixo,Baixo,Sim,6,62,Médio,Sim,0,Alto,Alto,Público,Negativo,3,Não,Pós-Graduação,Perto,Feminino,65,médio
1054,17,79,Baixo,Alto,Sim,7,82,Médio,Sim,0,Médio,Alto,Público,Negativo,2,Não,Faculdade,Perto,Masculino,66,médio
1055,16,62,Alto,Médio,Não,4,89,Alto,Sim,3,Baixo,Médio,Público,Neutro,3,Não,Faculdade,Perto,Feminino,65,médio
1056,20,99,Médio,Médio,Não,8,75,Médio,Sim,2,Baixo,Alto,Privado,Negativo,2,Não,Pós-Graduação,Longe,Feminino,70,médio
1057,27,89,Médio,Médio,Não,7,65,Médio,Sim,1,Médio,Médio,Público,Neutro,3,Não,Ensino Médio,Perto,Feminino,70,médio
1058,23,73,Alto,Médio,Sim,9,75,Médio,Sim,0,Alto,Alto,Privado,Positivo,3,Não,Ensino Médio,Moderado,Feminino,68,médio
1059,18,73,Médio,Alto,Não,8,53,Médio,Não,1,Baixo,Alto,Público,Neutro,3,Não,Pós-Graduação,Moderado,Masculino,64,médio
1060,25,78,Médio,Médio,Não,7,86,Médio,Sim,1,Médio,Médio,Público,Negativo,3,Não,Pós-Graduação,Moderado,Feminino,68,médio
1061,3,85,Baixo,Alto,Não,8,73,Baixo,Sim,2,Baixo,Médio,Privado,Neutro,3,Não,Ensino Médio,Perto,Masculino,62,médio
1062,27,66,Médio,Médio,Sim,6,95,Médio,Sim,1,Médio,Médio,Público,Positivo,3,Não,Faculdade,Moderado,Masculino,68,médio
1063,10,68,Baixo,Médio,Não,6,96,Baixo,Sim,1,Alto,Médio,Público,Neutro,3,Não,Faculdade,Moderado,Masculino,61,médio
1064,18,94,Alto,Médio,Sim,7,56,Baixo,Não,1,Baixo,Médio,Público,Positivo,3,Não,Pós-Graduação,Perto,Masculino,69,médio
1065,13,70,Médio,Médio,Sim,7,100,Médio,Sim,3,Baixo,Médio,Público,Neutro,3,Não,Ensino Médio,Perto,Masculino,65,médio
1066,12,75,Médio,Alto,Sim,6,98,Médio,Sim,2,Baixo,Médio,Público,Neutro,2,Não,Faculdade,Longe,Masculino,65,médio
1067,27,95,Médio,Alto,Não,7,81,Baixo,Sim,3,Baixo,Médio,Público,Neutro,2,Não,Ensino Médio,Moderado,Masculino,72,médio
1068,17,87,Médio,Médio,Sim,7,91,Alto,Sim,3,Baixo,Alto,Público,Positivo,3,Sim,Faculdade,Perto,Feminino,70,médio
1069,22,74,Médio,Alto,Sim,10,51,Médio,Não,1,Médio,Médio,Privado,Negativo,4,Não,Ensino Médio,Perto,Masculino,65,médio
1070,20,87,Médio,Médio,Não,7,99,Médio,Sim,3,Baixo,Médio,Público,Negativo,3,Não,Ensino Médio,Perto,Masculino,69,médio
1071,23,61,Alto,Baixo,Sim,6,73,Médio,Sim,1,Médio,Médio,Público,Positivo,3,Não,Faculdade,Perto,Masculino,65,médio
1072,20,89,Baixo,Médio,Sim,7,95,Baixo,Sim,3,Baixo,Médio,Privado,Neutro,2,Não,Ensino Médio,Perto,Masculino,69,médio
1073,12,79,Baixo,Médio,Sim,9,69,Médio,Sim,2,Baixo,Alto,Público,Neutro,3,Não,Pós-Graduação,Perto,Masculino,65,médio
1074,26,93,Médio,Alto,Sim,9,89,Médio,Sim,0,Baixo,Médio,Público,Neutro,3,Não,Faculdade,Moderado,Masculino,72,médio
1075,17,98,Alto,Baixo,Sim,10,71,Médio,Sim,0,Baixo,Alto,Privado,Positivo,3,Não,Pós-Graduação,Moderado,Feminino,70,médio
1076,11,97,Médio,Médio,Sim,7,68,Baixo,Sim,0,Baixo,Médio,Privado,Negativo,2,Não,Ensino Médio,Moderado,Feminino,64,médio
1077,17,96,Médio,Baixo,Não,8,97,Baixo,Sim,0,Médio,Médio,Público,Negativo,3,Não,Ensino Médio,Perto,Feminino,67,médio
1078,29,80,Médio,Baixo,Não,5,85,Alto,Sim,0,Alto,Alto,Público,Neutro,2,Não,Ensino Médio,Moderado,Masculino,69,médio
1079,25,74,Baixo,Médio,Sim,6,92,Baixo,Sim,4,Médio,Médio,Privado,Positivo,3,Não,Pós-Graduação,Perto,Masculino,70,médio
1080,18,79,Médio,Médio,Sim,5,77,Baixo,Sim,1,Baixo,Alto,Público,Neutro,3,Não,Ensino Médio,Perto,Masculino,65,médio
1081,18,88,Alto,Alto,Sim,8,96,Baixo,Sim,1,Baixo,Médio,Público,Positivo,3,Não,Ensino Médio,Longe,Feminino,69,médio
1082,18,95,Alto,Médio,Sim,7,87,Alto,Sim,5,Médio,Médio,Público,Neutro,2,Não,Faculdade,Perto,Masculino,74,médio
1083,32,68,Baixo,Médio,Sim,7,54,Médio,Sim,1,Baixo,Médio,Privado,Neutro,1,Não,Pós-Graduação,Perto,Masculino,66,médio
1084,22,97,Médio,Médio,Sim,6,88,Alto,Sim,1,Baixo,Baixo,Privado,Positivo,4,Não,Faculdade,Perto,Masculino,72,médio
1085,23,93,Médio,Baixo,Sim,8,51,Alto,Não,0,Baixo,Alto,Privado,Positivo,1,Não,Ensino Médio,Perto,Masculino,67,médio
1086,26,99,Baixo,Alto,Sim,4,91,Alto,Sim,2,Alto,Baixo,Público,Neutro,4,Não,Pós-Graduação,Moderado,Feminino,75,médio
1087,21,95,Médio,Baixo,Sim,7,67,Médio,Sim,3,Médio,Médio,Público,Positivo,2,Não,Faculdade,Longe,Feminino,70,médio
1088,18,71,Baixo,Baixo,Não,7,80,Médio,Sim,1,Médio,Baixo,Público,Neutro,4,Não,Pós-Graduação,Moderado,Feminino,63,médio
1089,19,64,Médio,Médio,Não,4,87,Alto,Sim,2,Médio,Médio,Privado,Positivo,4,Não,Ensino Médio,Moderado,Masculino,65,médio
1090,20,64,Médio,Alto,Não,8,82,Médio,Sim,3,Médio,Baixo,Público,Negativo,3,Não,Ensino Médio,Moderado,Feminino,64,médio
1091,20,72,Médio,Alto,Não,7,84,Baixo,Sim,2,Médio,Alto,Público,Negativo,2,Não,Ensino Médio,Moderado,Feminino,65,médio
1092,24,85,Médio,Médio,Sim,8,95,Médio,Sim,2,Médio,Médio,Público,Negativo,4,Não,Ensino Médio,Perto,Feminino,70,médio
1093,20,92,Médio,Baixo,Não,10,69,Médio,Sim,0,Baixo,Médio,Público,Positivo,2,Não,Pós-Graduação,Longe,Masculino,67,médio
1094,24,96,Médio,Médio,Sim,7,77,Baixo,Não,0,Baixo,Médio,Público,Negativo,2,Sim,Ensino Médio,Perto,Feminino,67,médio
1095,20,85,Médio,Alto,Não,8,59,Médio,Sim,1,Médio,Médio,Público,Positivo,3,Não,Pós-Graduação,Longe,Feminino,68,médio
1096,20,60,Médio,Médio,Não,9,73,Alto,Sim,4,Médio,Médio,Público,Negativo,4,Não,Faculdade,Perto,Masculino,65,médio
1097,8,67,Alto,Médio,Sim,8,58,Baixo,Sim,2,Médio,Médio,Público,Positivo,1,Não,Pós-Graduação,Moderado,Feminino,61,médio
1098,25,64,Médio,Baixo,Sim,6,82,Baixo,Sim,2,Baixo,Médio,Público,Negativo,3,Não,Ensino Médio,Moderado,Feminino,63,médio
1099,22,75,Médio,Baixo,Sim,5,66,Baixo,Sim,2,Baixo,Médio,Público,Positivo,2,Não,Ensino Médio,Longe,Masculino,80,médio
1100,26,80,Médio,Médio,Sim,8,93,Médio,Sim,2,Baixo,Baixo,Público,Neutro,1,Não,Pós-Graduação,Moderado,Masculino,69,médio
1101,3,62,Médio,Baixo,Não,6,67,Médio,Sim,1,Baixo,Médio,Público,Negativo,3,Não,Ensino Médio,Perto,Masculino,55,baixo
1102,33,74,Médio,Médio,Não,9,64,Médio,Sim,2,Médio,Médio,Privado,Neutro,4,Não,Pós-Graduação,Perto,Feminino,70,médio
1103,19,67,Médio,Médio,Sim,6,75,Alto,Sim,1,Baixo,Médio,Público,Neutro,3,Não,Faculdade,Perto,Feminino,65,médio
1104,27,86,Baixo,Médio,Sim,7,59,Baixo,Sim,1,Médio,Médio,Público,Neutro,3,Não,Ensino Médio,Perto,Masculino,68,médio
1105,14,79,Médio,Baixo,Sim,5,60,Médio,Sim,3,Baixo,Médio,Público,Negativo,5,Não,Ensino Médio,Perto,Masculino,64,médio
1106,24,80,Médio,Médio,Não,6,89,Médio,Sim,1,Baixo,Alto,Público,Neutro,3,Não,Faculdade,Perto,Masculino,69,médio
1107,14,77,Baixo,Alto,Não,6,75,Médio,Sim,1,Médio,Alto,Público,Neutro,4,Sim,Ensino Médio,Perto,Feminino,89,alto
1108,16,98,Médio,Baixo,Sim,6,60,Médio,Sim,1,Médio,Médio,Privado,Positivo,3,Não,Ensino Médio,Longe,Masculino,67,médio
1109,31,69,Médio,Médio,Não,7,52,Médio,Não,2,Alto,Baixo,Público,Neutro,5,Não,Faculdade,Longe,Masculino,92,alto
1110,19,81,Alto,Alto,Não,6,73,Baixo,Não,1,Baixo,Alto,Privado,Positivo,3,Não,Ensino Médio,Perto,Feminino,67,médio
1111,21,89,Baixo,Médio,Sim,10,87,Baixo,Sim,3,Médio,Médio,Público,Positivo,3,Não,Faculdade,Perto,Masculino,70,médio
1112,25,82,Alto,Baixo,Não,8,68,Médio,Sim,1,Baixo,Alto,Público,Neutro,3,Não,Faculdade,Perto,Masculino,68,médio
1113,23,97,Médio,Baixo,Sim,9,62,Médio,Sim,0,Baixo,Médio,Privado,Positivo,2,Não,Pós-Graduação,Perto,Masculino,70,médio
1114,21,75,Médio,Médio,Sim,7,70,Baixo,Sim,3,Médio,Médio,Público,Positivo,4,Sim,Pós-Graduação,Perto,Masculino,67,médio
1115,22,79,Médio,Médio,Sim,7,98,Alto,Sim,0,Alto,Médio,Público,Neutro,3,Não,Ensino Médio,Perto,Masculino,69,médio
1116,34,64,Médio,Médio,Não,6,71,Alto,Sim,0,Baixo,Alto,Privado,Negativo,4,Não,Ensino Médio,Perto,Feminino,67,médio
1117,20,84,Alto,Alto,Sim,10,63,Médio,Sim,0,Baixo,Médio,Privado,Positivo,4,Não,Ensino Médio,Perto,Feminino,69,médio
1118,21,72,Médio,Alto,Não,7,78,Baixo,Não,0,Alto,Médio,Público,Neutro,1,Sim,Ensino Médio,Perto,Feminino,63,médio
1119,26,66,Médio,Médio,Não,6,91,Médio,Sim,3,Médio,Médio,Público,Positivo,3,Não,Faculdade,Perto,Feminino,69,médio
1120,27,82,Médio,Alto,Não,6,51,Baixo,Sim,1,Baixo,Médio,Público,Negativo,3,Não,Ensino Médio,Moderado,Masculino,66,médio
1121,27,81,Médio,Médio,Não,8,78,Médio,Sim,0,Médio,Médio,Público,Positivo,3,Não,Ensino Médio,Moderado,Masculino,68,médio
1122,24,63,Médio,Médio,Sim,9,92,Médio,Sim,4,Médio,Médio,Privado,Positivo,4,Não,Pós-Graduação,Perto,Masculino,69,médio
1123,13,88,Alto,Baixo,Sim,9,61,Baixo,Sim,4,Médio,Médio,Privado,Negativo,3,Não,Ensino Médio,Perto,Feminino,66,médio
1124,30,85,Médio,Médio,Sim,6,96,Baixo,Sim,1,Médio,Médio,Privado,Neutro,4,Não,Ensino Médio,Perto,Feminino,72,médio
1125,13,68,Baixo,Médio,Sim,6,79,Médio,Sim,1,Alto,Médio,Privado,Negativo,3,Não,Faculdade,Perto,Masculino,62,médio
1126,22,79,Médio,Médio,Não,9,76,Médio,Sim,1,Baixo,Médio,Privado,Positivo,2,Não,Ensino Médio,Perto,Masculino,67,médio
1127,15,89,Alto,Baixo,Não,10,98,Baixo,Sim,0,Baixo,Médio,Privado,Positivo,2,Não,Faculdade,Perto,Masculino,67,médio
1128,20,81,Alto,Alto,Sim,7,56,Baixo,Não,1,Médio,Médio,Privado,Positivo,3,Não,Ensino Médio,Perto,Masculino,67,médio
1129,22,76,Médio,Baixo,Não,9,87,Baixo,Sim,2,Baixo,Alto,Público,Neutro,3,Sim,Faculdade,Perto,Feminino,65,médio
1130,22,73,Alto,Baixo,Não,5,91,Médio,Sim,1,Médio,Médio,Público,Positivo,3,Não,Pós-Graduação,Moderado,Masculino,67,médio
1131,23,84,Baixo,Baixo,Não,6,74,Médio,Não,3,Baixo,Médio,Público,Positivo,1,Não,Ensino Médio,Perto,Feminino,66,médio
1132,30,98,Baixo,Baixo,Sim,5,50,Alto,Sim,0,Baixo,Alto,Público,Negativo,2,Não,Faculdade,Perto,Masculino,70,médio
1133,23,87,Baixo,Alto,Não,8,76,Médio,Sim,2,Alto,Médio,Público,Positivo,5,Sim,Pós-Graduação,Perto,Feminino,71,médio
1134,19,63,Baixo,Alto,Sim,7,58,Médio,Sim,2,Baixo,Alto,Privado,Neutro,3,Não,Pós-Graduação,Perto,Feminino,64,médio
1135,26,78,Baixo,Alto,Sim,7,78,Baixo,Sim,4,Médio,Médio,Privado,Neutro,4,Não,Ensino Médio,Moderado,Feminino,69,médio
1136,27,96,Médio,Alto,Sim,9,87,Baixo,Não,0,Médio,Alto,Público,Positivo,2,Não,Faculdade,Moderado,Masculino,72,médio
1137,13,64,Médio,Baixo,Sim,6,77,Médio,Sim,0,Baixo,Alto,Público,Neutro,4,Não,Ensino Médio,Perto,Masculino,60,baixo
1138,24,100,Médio,Baixo,Sim,7,82,Baixo,Sim,1,Médio,Alto,Privado,Positivo,3,Não,Ensino Médio,Moderado,Masculino,71,médio
1139,24,98,Médio,Médio,Sim,5,55,Alto,Sim,0,Médio,Médio,Público,Positivo,3,Não,Ensino Médio,Moderado,Masculino,71,médio
1140,18,63,Alto,Alto,Não,9,55,Médio,Sim,2,Alto,Alto,Privado,Positivo,2,Não,Pós-Graduação,Perto,Feminino,66,médio
1141,28,97,Médio,Médio,Não,9,93,Baixo,Sim,3,Médio,Alto,Público,Neutro,3,Não,Ensino Médio,Perto,Feminino,74,médio
1142,19,75,Médio,Médio,Não,8,52,Alto,Sim,0,Baixo,Médio,Público,Negativo,4,Não,Pós-Graduação,Moderado,Masculino,64,médio
1143,21,94,Médio,Baixo,Sim,7,64,Baixo,Sim,2,Médio,Médio,Privado,Neutro,2,Não,Ensino Médio,Perto,Masculino,68,médio
1144,19,77,Alto,Baixo,Não,6,97,Baixo,Sim,4,Baixo,Médio,Público,Negativo,2,Não,Ensino Médio,Perto,Masculino,66,médio
1145,20,78,Médio,Médio,Não,5,73,Baixo,Sim,1,Baixo,Médio,Público,Negativo,3,Não,Faculdade,Perto,Feminino,65,médio
1146,13,85,Baixo,Alto,Sim,7,84,Médio,Não,0,Baixo,Médio,Público,Neutro,5,Não,Ensino Médio,Moderado,Feminino,64,médio
1147,11,91,Médio,Baixo,Não,8,61,Médio,Sim,1,Alto,Médio,Privado,Positivo,3,Não,Pós-Graduação,Longe,Masculino,65,médio
1148,30,61,Alto,Alto,Não,10,64,Baixo,Sim,4,Médio,Médio,Público,Positivo,2,Não,Pós-Graduação,Moderado,Masculino,69,médio
1149,15,84,Médio,Alto,Sim,6,75,Médio,Sim,2,Médio,Médio,Privado,Positivo,4,Sim,Pós-Graduação,Perto,Feminino,68,médio
1150,14,67,Médio,Alto,Não,7,82,Baixo,Sim,1,Médio,Médio,Público,Neutro,3,Não,Ensino Médio,Longe,Feminino,62,médio
1151,7,74,Baixo,Alto,Não,9,98,Alto,Sim,3,Alto,Baixo,Público,Neutro,2,Não,Ensino Médio,Moderado,Masculino,63,médio
1152,16,74,Alto,Baixo,Não,9,79,Alto,Sim,0,Alto,Médio,Público,Neutro,4,Não,Pós-Graduação,Moderado,Feminino,65,médio
1153,12,79,Baixo,Alto,Não,6,55,Médio,Sim,1,Baixo,Alto,Privado,Neutro,4,Não,Faculdade,Longe,Feminino,62,médio
1154,30,73,Baixo,Médio,Não,7,68,Médio,Sim,0,Baixo,Alto,Público,Positivo,2,Não,Pós-Graduação,Perto,Masculino,67,médio
1155,26,64,Baixo,Alto,Não,6,62,Baixo,Sim,1,Baixo,Médio,Privado,Positivo,5,Não,Ensino Médio,Moderado,Masculino,64,médio
1156,16,66,Médio,Baixo,Não,6,63,Baixo,Sim,2,Médio,Alto,Público,Neutro,3,Não,Faculdade,Moderado,Masculino,61,médio
1157,34,61,Baixo,Médio,Não,9,75,Médio,Sim,1,Baixo,Médio,Público,Neutro,2,Não,Faculdade,Longe,Masculino,65,médio
1158,26,79,Alto,Baixo,Não,7,66,Médio,Sim,1,Alto,Médio,Público,Positivo,5,Sim,Ensino Médio,Moderado,Masculino,67,médio
1159,18,98,Alto,Baixo,Não,7,64,Médio,Sim,0,Médio,Médio,Público,Positivo,4,Não,Pós-Graduação,Moderado,Masculino,70,médio
1160,5,65,Médio,Alto,Sim,7,98,Baixo,Sim,1,Baixo,Baixo,Privado,Positivo,3,Não,Ensino Médio,Longe,Masculino,59,baixo
1161,34,98,Médio,Alto,Não,7,79,Médio,Sim,1,Baixo,Médio,Privado,Neutro,4,Não,Faculdade,Perto,Masculino,75,médio
1162,12,89,Baixo,Médio,Sim,7,63,Médio,Sim,4,Baixo,Alto,Público,Neutro,2,Não,Faculdade,Perto,Masculino,67,médio
1163,10,85,Médio,Médio,Sim,6,64,Baixo,Sim,1,Médio,Médio,Público,Negativo,3,Não,Faculdade,Perto,Masculino,64,médio
1164,26,86,Médio,Alto,Sim,9,91,Médio,Sim,3,Alto,Médio,Público,Neutro,3,Sim,Ensino Médio,Perto,Feminino,72,médio
1165,35,93,Médio,Médio,Sim,6,94,Médio,Sim,5,Médio,Médio,Público,Neutro,2,Sim,Faculdade,Perto,Feminino,76,médio
1166,28,64,Médio,Alto,Sim,6,84,Baixo,Sim,2,Médio,Médio,Privado,Positivo,2,Não,Pós-Graduação,Perto,Masculino,69,médio
1167,23,80,Baixo,Médio,Não,7,72,Baixo,Sim,0,Baixo,Alto,Público,Negativo,5,Não,Ensino Médio,Perto,Masculino,65,médio
1168,24,88,Alto,Médio,Não,10,88,Baixo,Sim,2,Alto,Alto,Público,Positivo,1,Não,Pós-Graduação,Longe,Feminino,72,médio
1169,25,83,Médio,Alto,Sim,6,97,Baixo,Sim,0,Baixo,Baixo,Público,Neutro,4,Não,Ensino Médio,Perto,Masculino,69,médio
1170,25,93,Alto,Médio,Não,8,58,Médio,Sim,0,Alto,Médio,Privado,Positivo,4,Não,Ensino Médio,Moderado,Feminino,71,médio
1171,22,63,Alto,Médio,Não,7,93,Alto,Sim,0,Médio,Médio,Privado,Neutro,2,Não,Ensino Médio,Longe,Masculino,64,médio
1172,21,88,Alto,Alto,Sim,7,92,Alto,Sim,2,Médio,Médio,Público,Positivo,3,Não,Pós-Graduação,Perto,Feminino,74,médio
1173,20,81,Médio,Alto,Sim,8,68,Médio,Sim,0,Médio,Médio,Público,Neutro,3,Não,Faculdade,Perto,Masculino,68,médio
1174,15,75,Médio,Alto,Sim,4,65,Alto,Sim,1,Baixo,Baixo,Privado,Positivo,4,Não,Pós-Graduação,Moderado,Feminino,66,médio
1175,18,74,Médio,Médio,Não,6,78,Alto,Sim,0,Alto,Médio,Público,Positivo,2,Não,Ensino Médio,Moderado,Feminino,65,médio
1176,10,85,Alto,Médio,Sim,8,64,Baixo,Sim,2,Alto,Médio,Público,Neutro,3,Não,Pós-Graduação,Perto,Feminino,67,médio
1177,19,96,Médio,Médio,Não,7,57,Alto,Sim,0,Baixo,Médio,Público,Positivo,3,Não,Ensino Médio,Perto,Feminino,69,médio
1178,14,80,Alto,Baixo,Sim,7,98,Alto,Sim,2,Baixo,Alto,Privado,Negativo,2,Não,Ensino Médio,Perto,Masculino,66,médio
1179,13,93,Médio,Alto,Sim,8,75,Médio,Sim,1,Médio,Médio,Privado,Positivo,2,Não,Ensino Médio,Perto,Masculino,69,médio
1180,21,76,Médio,Médio,Sim,6,74,Médio,Sim,2,Médio,Médio,Privado,Neutro,3,Não,Ensino Médio,Perto,Masculino,67,médio
1181,28,64,Médio,Médio,Sim,9,56,Médio,Sim,1,Baixo,Baixo,Público,Negativo,2,Não,Faculdade,Perto,Masculino,64,médio
1182,26,62,Alto,Alto,Não,8,75,Médio,Sim,2,Médio,Médio,Público,Neutro,2,Não,Faculdade,Moderado,Masculino,67,médio
1183,11,62,Baixo,Alto,Sim,7,87,Alto,Não,3,Baixo,Alto,Público,Positivo,3,Não,Ensino Médio,Longe,Feminino,61,médio
1184,14,75,Médio,Baixo,Sim,8,62,Baixo,Sim,0,Alto,Médio,Público,Negativo,2,Não,Ensino Médio,Moderado,Feminino,61,médio
1185,26,73,Médio,Médio,Sim,9,68,Alto,Sim,4,Médio,Médio,Público,Neutro,2,Não,Ensino Médio,Longe,Masculino,68,médio
1186,14,89,Baixo,Alto,Não,6,59,Baixo,Sim,2,Baixo,Alto,Público,Neutro,5,Não,Pós-Graduação,Moderado,Masculino,66,médio
1187,19,90,Médio,Médio,Não,8,68,Baixo,Sim,0,Alto,Médio,Público,Negativo,4,Não,Ensino Médio,Moderado,Masculino,66,médio
1188,23,62,Médio,Alto,Não,10,93,Alto,Sim,2,Baixo,Médio,Público,Positivo,4,Não,Faculdade,Perto,Feminino,68,médio
1189,14,69,Baixo,Alto,Não,8,62,Alto,Sim,1,Médio,Alto,Privado,Neutro,2,Não,Ensino Médio,Perto,Masculino,63,médio
1190,21,71,Médio,Médio,Sim,7,51,Médio,Sim,3,Médio,Alto,Privado,Neutro,3,Não,Pós-Graduação,Moderado,Feminino,66,médio
1191,12,82,Alto,Médio,Sim,10,77,Alto,Sim,0,Médio,Médio,Público,Neutro,4,Não,Faculdade,Longe,Feminino,66,médio
1192,16,66,Alto,Médio,Sim,7,79,Alto,Sim,0,Alto,Alto,Privado,Neutro,3,Não,Faculdade,Perto,Feminino,66,médio
1193,22,65,Médio,Médio,Sim,9,66,Alto,Sim,2,Médio,Médio,Público,Negativo,4,Não,Ensino Médio,Perto,Masculino,65,médio
1194,10,98,Médio,Médio,Sim,6,82,Médio,Sim,2,Alto,Médio,Público,Positivo,2,Não,Faculdade,Moderado,Masculino,69,médio
1195,23,92,Médio,Alto,Não,9,52,Alto,Sim,1,Alto,Médio,Privado,Positivo,2,Não,Ensino Médio,Perto,Feminino,71,médio
1196,20,67,Alto,Alto,Não,6,67,Alto,Sim,1,Médio,Alto,Público,Positivo,2,Sim,Faculdade,Perto,Feminino,66,médio
1197,23,76,Médio,Médio,Sim,7,57,Alto,Sim,1,Médio,Médio,Público,Negativo,3,Não,Ensino Médio,Moderado,Feminino,66,médio
1198,21,74,Médio,Alto,Sim,6,61,Baixo,Não,0,Baixo,Médio,Privado,Positivo,4,Não,Ensino Médio,Perto,Masculino,65,médio
1199,28,92,Baixo,Médio,Não,10,69,Médio,Sim,4,Baixo,Médio,Público,Neutro,4,Não,Ensino Médio,Moderado,Feminino,71,médio
1200,21,80,Médio,Alto,Não,7,75,Alto,Sim,3,Médio,Alto,Privado,Neutro,2,Não,Ensino Médio,Longe,Masculino,69,médio
1201,17,65,Baixo,Baixo,Sim,5,55,Médio,Sim,2,Baixo,Médio,Público,Positivo,3,Não,Ensino Médio,Perto,Feminino,61,médio
1202,21,90,Alto,Médio,Sim,7,55,Alto,Sim,1,Baixo,Alto,Público,Neutro,4,Não,Ensino Médio,Perto,Feminino,70,médio
1203,23,76,Médio,Médio,Não,8,84,Alto,Sim,2,Alto,Médio,Público,Positivo,4,Não,Faculdade,Perto,Feminino,70,médio
1204,20,71,Médio,Médio,Não,7,70,Alto,Sim,0,Alto,Alto,Público,Negativo,4,Não,Ensino Médio,Perto,Feminino,65,médio
1205,20,75,Médio,Baixo,Sim,6,59,Médio,Sim,2,Médio,Médio,Público,Negativo,1,Não,Pós-Graduação,Moderado,Masculino,64,médio
1206,16,80,Alto,Alto,Sim,9,62,Baixo,Sim,0,Alto,Médio,Público,Neutro,4,Não,Pós-Graduação,Perto,Feminino,68,médio
1207,16,74,Baixo,Médio,Sim,9,86,Baixo,Sim,1,Baixo,Médio,Privado,Neutro,2,Não,Ensino Médio,Perto,Feminino,63,médio
1208,12,70,Médio,Alto,Não,5,53,Médio,Sim,2,Baixo,Médio,Privado,Positivo,3,Não,Faculdade,Perto,Masculino,63,médio
1209,30,76,Médio,Médio,Sim,6,75,Baixo,Sim,3,Alto,Médio,Público,Positivo,3,Não,Faculdade,Perto,Feminino,71,médio
1210,13,61,Alto,Baixo,Não,7,68,Baixo,Não,1,Médio,Médio,Público,Neutro,2,Não,Ensino Médio,Perto,Masculino,58,baixo
1211,16,91,Médio,Médio,Sim,6,91,Médio,Sim,1,Médio,Médio,Público,Neutro,2,Não,Ensino Médio,Moderado,Feminino,68,médio
1212,16,67,Médio,Alto,Não,8,90,Alto,Sim,1,Alto,Baixo,Público,Neutro,4,Não,Ensino Médio,Perto,Masculino,65,médio
1213,25,62,Médio,Médio,Não,10,84,Baixo,Sim,2,Baixo,Médio,Público,Positivo,3,Não,Faculdade,Perto,Feminino,65,médio
1214,18,86,Alto,Baixo,Sim,6,69,Baixo,Sim,2,Médio,Alto,Público,Positivo,2,Não,Ensino Médio,Perto,Masculino,68,médio
1215,27,91,Baixo,Alto,Sim,9,82,Médio,Sim,0,Baixo,Baixo,Público,Neutro,1,Não,Ensino Médio,Longe,Masculino,69,médio
1216,16,93,Médio,Médio,Sim,5,82,Baixo,Sim,5,Alto,Médio,Público,Positivo,1,Não,Ensino Médio,Perto,Masculino,71,médio
1217,22,80,Baixo,Médio,Não,8,67,Baixo,Sim,2,Baixo,Baixo,Privado,Positivo,2,Não,Pós-Graduação,Moderado,Masculino,65,médio
1218,15,68,Baixo,Médio,Sim,6,94,Baixo,Sim,0,Médio,Alto,Público,Neutro,5,Não,Pós-Graduação,Perto,Feminino,64,médio
1219,33,89,Baixo,Médio,Não,8,99,Médio,Sim,2,Alto,Alto,Privado,Positivo,4,Não,Faculdade,Moderado,Masculino,75,médio
1220,13,88,Alto,Médio,Não,4,66,Baixo,Sim,1,Baixo,Alto,Público,Positivo,4,Não,Ensino Médio,Perto,Feminino,67,médio
1221,22,70,Médio,Alto,Sim,5,90,Alto,Sim,1,Médio,Alto,Público,Neutro,3,Não,Faculdade,Longe,Feminino,68,médio
1222,24,96,Alto,Alto,Não,8,75,Baixo,Sim,1,Médio,Médio,Público,Positivo,1,Não,Faculdade,Moderado,Feminino,72,médio
1223,22,64,Médio,Médio,Não,6,73,Alto,Sim,3,Médio,Médio,Público,Positivo,4,Não,Pós-Graduação,Moderado,Feminino,67,médio
1224,19,99,Alto,Médio,Não,7,69,Médio,Sim,1,Alto,Médio,Público,Positivo,3,Não,Ensino Médio,Perto,Masculino,72,médio
1225,19,94,Médio,Baixo,Sim,10,65,Alto,Sim,1,Baixo,Alto,Público,Negativo,3,Não,Pós-Graduação,Moderado,Masculino,69,médio
1226,20,88,Baixo,Baixo,Não,7,96,Baixo,Sim,0,Alto,Alto,Público,Positivo,3,Não,Pós-Graduação,Moderado,Masculino,68,médio
1227,19,98,Médio,Médio,Sim,8,87,Médio,Sim,0,Médio,Médio,Privado,Negativo,6,Não,Ensino Médio,Perto,Masculino,70,médio
1228,26,89,Médio,Médio,Não,6,72,Alto,Sim,1,Baixo,Médio,Público,Neutro,3,Sim,Faculdade,Perto,Feminino,69,médio
1229,33,68,Médio,Baixo,Sim,5,88,Médio,Sim,2,Baixo,Médio,Público,Negativo,1,Não,Faculdade,Moderado,Masculino,67,médio
1230,17,78,Médio,Médio,Não,7,86,Médio,Não,0,Baixo,Baixo,Público,Neutro,3,Não,Faculdade,Perto,Feminino,63,médio
1231,12,63,Médio,Alto,Não,5,63,Baixo,Sim,4,Baixo,Médio,Privado,Positivo,2,Não,Ensino Médio,Moderado,Masculino,61,médio
1232,19,76,Médio,Alto,Sim,6,59,Médio,Sim,1,Médio,Médio,Público,Neutro,3,Não,Ensino Médio,Perto,Feminino,66,médio
1233,35,90,Alto,Médio,Sim,7,92,Baixo,Não,0,Baixo,Médio,Privado,Neutro,4,Não,Ensino Médio,Perto,Masculino,73,médio
1234,15,75,Médio,Alto,Sim,7,91,Alto,Sim,0,Médio,Alto,Público,Neutro,3,Não,Faculdade,Moderado,Masculino,67,médio
1235,30,73,Alto,Médio,Sim,8,100,Médio,Sim,2,Alto,Alto,Público,Neutro,2,Não,Ensino Médio,Perto,Feminino,72,médio
1236,30,84,Alto,Médio,Não,8,51,Baixo,Sim,1,Baixo,Médio,Público,Positivo,4,Sim,Pós-Graduação,Longe,Masculino,69,médio
1237,17,95,Baixo,Alto,Não,5,77,Médio,Sim,2,Médio,Médio,Público,Positivo,4,Não,Ensino Médio,Moderado,Feminino,69,médio
1238,23,62,Baixo,Alto,Sim,6,85,Médio,Sim,1,Baixo,Médio,Público,Negativo,3,Sim,Faculdade,Moderado,Masculino,63,médio
1239,30,75,Médio,Médio,Sim,4,79,Baixo,Sim,0,Médio,Médio,Público,Negativo,4,Não,Ensino Médio,Moderado,Masculino,67,médio
1240,18,66,Médio,Médio,Não,6,86,Médio,Sim,0,Alto,Médio,Público,Positivo,2,Não,Ensino Médio,Moderado,Feminino,63,médio
1241,19,88,Médio,Alto,Sim,8,57,Baixo,Não,1,Médio,Baixo,Privado,Negativo,4,Não,Faculdade,Perto,Masculino,66,médio
1242,17,64,Médio,Médio,Não,9,50,Médio,Sim,2,Baixo,Alto,Público,Positivo,4,Não,Ensino Médio,Moderado,Feminino,62,médio
1243,14,87,Médio,Médio,Sim,7,55,Médio,Sim,2,Baixo,Alto,Privado,Positivo,4,Não,Pós-Graduação,Perto,Masculino,68,médio
1244,16,71,Médio,Alto,Não,9,69,Médio,Sim,1,Baixo,Médio,Público,Neutro,4,Não,Pós-Graduação,Perto,Feminino,65,médio
1245,13,68,Baixo,Baixo,Sim,8,66,Médio,Sim,0,Médio,Baixo,Público,Neutro,4,Sim,Faculdade,Perto,Masculino,59,baixo
1246,20,97,Alto,Médio,Sim,7,94,Alto,Sim,1,Médio,Médio,Público,Negativo,1,Não,Faculdade,Moderado,Masculino,72,médio
1247,15,61,Médio,Alto,Sim,6,54,Médio,Sim,0,Alto,Alto,Privado,Neutro,2,Não,Pós-Graduação,Perto,Masculino,63,médio
1248,21,78,Médio,Médio,Não,4,72,Médio,Sim,1,Médio,Alto,Público,Neutro,4,Não,Pós-Graduação,Perto,Masculino,68,médio
1249,11,61,Médio,Médio,Sim,9,98,Alto,Sim,0,Médio,Alto,Público,Negativo,2,Não,Ensino Médio,Moderado,Masculino,61,médio
1250,22,79,Baixo,Médio,Não,7,75,Baixo,Sim,1,Baixo,Alto,Privado,Neutro,3,Não,Ensino Médio,Perto,Feminino,65,médio
1251,25,80,Médio,Médio,Sim,9,57,Baixo,Sim,2,Baixo,Alto,Público,Positivo,3,Não,Ensino Médio,Moderado,Feminino,68,médio
1252,8,73,Baixo,Médio,Sim,6,65,Alto,Sim,1,Baixo,Médio,Público,Neutro,4,Não,Faculdade,Moderado,Masculino,61,médio
1253,22,65,Baixo,Baixo,Sim,10,81,Médio,Sim,1,Baixo,Médio,Privado,Neutro,3,Não,Pós-Graduação,Perto,Masculino,63,médio
1254,27,75,Médio,Médio,Sim,7,51,Alto,Sim,1,Médio,Baixo,Público,Negativo,2,Não,Pós-Graduação,Perto,Masculino,67,médio
1255,13,87,Baixo,Médio,Sim,6,98,Baixo,Sim,0,Alto,Alto,Público,Positivo,3,Sim,Pós-Graduação,Moderado,Masculino,66,médio
1256,30,91,Médio,Médio,Sim,7,78,Alto,Sim,3,Médio,Médio,Privado,Positivo,2,Não,Pós-Graduação,Perto,Masculino,75,médio
1257,23,81,Médio,Médio,Não,7,85,Baixo,Sim,0,Médio,Médio,Público,Positivo,4,Não,Ensino Médio,Perto,Masculino,68,médio
1258,16,84,Baixo,Médio,Não,7,75,Alto,Sim,2,Médio,Médio,Público,Negativo,3,Não,Ensino Médio,Perto,Feminino,65,médio
1259,20,68,Baixo,Médio,Não,6,98,Alto,Sim,0,Baixo,Alto,Público,Negativo,4,Não,Ensino Médio,Perto,Feminino,64,médio
1260,23,71,Alto,Médio,Sim,4,79,Médio,Não,2,Baixo,Médio,Público,Positivo,3,Não,Ensino Médio,Perto,Masculino,67,médio
1261,20,66,Baixo,Médio,Sim,6,83,Médio,Sim,2,Baixo,Médio,Privado,Neutro,3,Não,Faculdade,Perto,Masculino,64,médio
1262,23,70,Médio,Alto,Sim,9,93,Médio,Sim,0,Baixo,Alto,Público,Neutro,2,Sim,Pós-Graduação,Moderado,Feminino,67,médio
1263,14,69,Médio,Alto,Sim,6,93,Baixo,Não,2,Baixo,Médio,Privado,Neutro,0,Não,Ensino Médio,Perto,Masculino,63,médio
1264,21,81,Alto,Médio,Sim,4,51,Médio,Sim,0,Médio,Médio,Privado,Positivo,2,Não,Faculdade,Moderado,Feminino,67,médio
1265,12,83,Alto,Baixo,Sim,5,64,Médio,Sim,1,Alto,Médio,Privado,Negativo,2,Não,Pós-Graduação,Perto,Feminino,65,médio
1266,19,98,Alto,Baixo,Sim,7,62,Alto,Sim,1,Baixo,Alto,Público,Neutro,2,Não,Ensino Médio,Perto,Feminino,70,médio
1267,15,68,Médio,Médio,Sim,6,50,Alto,Sim,2,Alto,Baixo,Público,Neutro,3,Não,Ensino Médio,Moderado,Masculino,62,médio
1268,16,86,Alto,Médio,Sim,7,94,Médio,Sim,2,Baixo,Alto,Público,Neutro,3,Não,Ensino Médio,Moderado,Feminino,69,médio
1269,27,93,Médio,Baixo,Sim,6,66,Médio,Sim,2,Médio,Médio,Público,Negativo,3,Não,Faculdade,Moderado,Feminino,70,médio
1270,27,82,Médio,Médio,Sim,9,67,Baixo,Sim,1,Baixo,Alto,Privado,Neutro,2,Não,Ensino Médio,Moderado,Masculino,68,médio
1271,24,70,Médio,Alto,Não,8,55,Médio,Sim,4,Baixo,Alto,Público,Positivo,4,Não,Pós-Graduação,Moderado,Feminino,68,médio
1272,13,71,Médio,Médio,Sim,10,99,Médio,Sim,0,Baixo,Médio,Público,Neutro,3,Não,Pós-Graduação,Perto,Masculino,64,médio
1273,18,62,Baixo,Alto,Sim,6,91,Alto,Não,4,Baixo,Médio,Privado,Neutro,1,Não,Ensino Médio,Moderado,Masculino,63,médio
1274,27,72,Baixo,Baixo,Sim,7,79,Médio,Sim,2,Alto,Alto,Público,Positivo,2,Não,Pós-Graduação,Moderado,Feminino,68,médio
1275,21,90,Alto,Baixo,Sim,9,89,Baixo,Sim,1,Baixo,Baixo,Público,Neutro,2,Não,Ensino Médio,Longe,Feminino,67,médio
1276,34,62,Alto,Baixo,Não,8,89,Baixo,Sim,3,Baixo,Médio,Privado,Neutro,4,Não,Faculdade,Moderado,Feminino,68,médio
1277,22,69,Médio,Alto,Sim,6,83,Médio,Sim,1,Baixo,Médio,Público,Positivo,2,Não,Faculdade,Moderado,Feminino,66,médio
1278,21,88,Médio,Médio,Sim,8,59,Baixo,Não,2,Médio,Médio,Privado,Negativo,1,Não,Pós-Graduação,Perto,Masculino,67,médio
1279,18,91,Alto,Médio,Não,8,86,Alto,Sim,1,Médio,Médio,Público,Neutro,4,Sim,Ensino Médio,Moderado,Masculino,69,médio
1280,21,78,Alto,Médio,Sim,4,78,Médio,Sim,2,Alto,Médio,Privado,Negativo,3,Não,Ensino Médio,Longe,Masculino,68,médio
1281,19,88,Médio,Alto,Não,6,86,Médio,Sim,4,Médio,Médio,Público,Positivo,3,Sim,Faculdade,Moderado,Masculino,70,médio
1282,24,76,Médio,Médio,Não,7,77,Médio,Sim,3,Médio,Médio,Privado,Negativo,4,Não,Pós-Graduação,Moderado,Feminino,68,médio
1283,26,66,Baixo,Médio,Sim,9,98,Médio,Sim,2,Baixo,Médio,Público,Neutro,2,Não,Faculdade,Perto,Masculino,66,médio
1284,15,76,Médio,Alto,Sim,8,81,Médio,Sim,2,Baixo,Médio,Privado,Neutro,4,Não,Pós-Graduação,Moderado,Feminino,67,médio
1285,12,83,Médio,Médio,Não,6,79,Médio,Sim,1,Alto,Baixo,Público,Neutro,4,Não,Ensino Médio,Moderado,Feminino,65,médio
1286,9,98,Médio,Médio,Não,6,92,Médio,Sim,0,Médio,Médio,Público,Neutro,5,Não,Ensino Médio,Moderado,Masculino,67,médio
1287,23,63,Médio,Médio,Não,8,69,Alto,Sim,2,Médio,Baixo,Público,Negativo,4,Sim,Ensino Médio,Perto,Masculino,63,médio
1288,13,80,Baixo,Alto,Sim,4,66,Alto,Sim,2,Baixo,Médio,Público,Negativo,2,Não,Ensino Médio,Moderado,Feminino,64,médio
1289,7,73,Alto,Médio,Sim,6,75,Médio,Sim,3,Baixo,Médio,Público,Neutro,3,Não,Faculdade,Perto,Feminino,64,médio
1290,22,80,Baixo,Baixo,Não,9,79,Alto,Sim,0,Médio,Médio,Privado,Neutro,3,Não,Faculdade,Moderado,Feminino,66,médio
1291,35,61,Médio,Alto,Sim,7,61,Baixo,Sim,2,Médio,Médio,Privado,Positivo,4,Sim,Ensino Médio,Perto,Masculino,68,médio
1292,20,73,Alto,Médio,Sim,6,84,Alto,Sim,0,Médio,Médio,Público,Positivo,3,Não,Ensino Médio,Moderado,Masculino,67,médio
1293,25,93,Médio,Alto,Não,5,90,Baixo,Sim,1,Médio,Médio,Público,Positivo,2,Não,Faculdade,Perto,Masculino,72,médio
1294,20,82,Médio,Médio,Sim,8,79,Baixo,Sim,1,Baixo,Médio,Público,Positivo,4,Não,Ensino Médio,Perto,Masculino,67,médio
1295,19,78,Médio,Médio,Não,7,76,Alto,Sim,2,Médio,Baixo,Público,Neutro,3,Não,Faculdade,Moderado,Feminino,66,médio
1296,26,71,Alto,Baixo,Não,7,65,Médio,Sim,1,Baixo,Médio,Público,Positivo,3,Não,Faculdade,Perto,Feminino,66,médio
1297,18,72,Alto,Alto,Sim,8,95,Médio,Sim,1,Médio,Médio,Público,Negativo,4,Não,Ensino Médio,Moderado,Masculino,67,médio
1298,22,75,Médio,Médio,Não,7,88,Baixo,Sim,0,Baixo,Médio,Privado,Neutro,3,Não,Pós-Graduação,Longe,Masculino,65,médio
1299,22,93,Alto,Médio,Não,7,74,Baixo,Sim,2,Médio,Alto,Público,Negativo,3,Não,Faculdade,Longe,Masculino,70,médio
1300,16,99,Baixo,Médio,Sim,5,83,Baixo,Sim,0,Baixo,Alto,Privado,Neutro,4,Não,Pós-Graduação,Perto,Feminino,69,médio
1301,26,78,Alto,Alto,Sim,5,67,Baixo,Sim,1,Alto,Alto,Privado,Negativo,3,Não,Ensino Médio,Moderado,Masculino,69,médio
1302,19,76,Alto,Médio,Sim,8,53,Médio,Sim,1,Médio,Médio,Público,Negativo,4,Não,Faculdade,Perto,Feminino,66,médio
1303,15,94,Médio,Baixo,Não,8,60,Médio,Sim,2,Médio,Médio,Público,Neutro,4,Não,Ensino Médio,Longe,Masculino,66,médio
1304,23,77,Alto,Alto,Sim,8,54,Médio,Sim,1,Baixo,Médio,Público,Negativo,3,Não,Faculdade,Moderado,Feminino,67,médio
1305,15,82,Médio,Alto,Sim,6,75,Médio,Sim,1,Médio,Baixo,Público,Positivo,3,Não,Ensino Médio,Perto,Masculino,67,médio
1306,20,69,Médio,Médio,Sim,8,81,Alto,Sim,2,Médio,Médio,Público,Positivo,4,Não,Ensino Médio,Perto,Masculino,67,médio
1307,20,90,Alto,Alto,Sim,6,69,Médio,Sim,2,Alto,Alto,Público,Neutro,3,Não,Ensino Médio,Perto,Feminino,72,médio
1308,27,81,Médio,Baixo,Sim,9,77,Baixo,Sim,1,Médio,Alto,Público,Neutro,4,Não,Faculdade,Moderado,Feminino,68,médio
1309,23,92,Médio,Baixo,Sim,6,54,Alto,Sim,3,Médio,Médio,Público,Positivo,2,Sim,Pós-Graduação,Perto,Masculino,70,médio
1310,20,91,Médio,Médio,Sim,6,88,Médio,Sim,1,Baixo,Médio,Público,Positivo,4,Não,Ensino Médio,Moderado,Masculino,69,médio
1311,25,69,Alto,Baixo,Sim,7,52,Alto,Sim,1,Baixo,Médio,Público,Positivo,4,Não,Ensino Médio,Moderado,Masculino,65,médio
1312,28,89,Alto,Alto,Não,8,82,Médio,Sim,0,Médio,Médio,Público,Negativo,3,Não,Pós-Graduação,Longe,Masculino,72,médio
1313,23,92,Médio,Alto,Não,7,72,Médio,Sim,0,Baixo,Médio,Público,Neutro,4,Não,Faculdade,Longe,Feminino,69,médio
1314,20,74,Médio,Médio,Sim,7,59,Baixo,Sim,5,Alto,Médio,Público,Positivo,4,Não,Ensino Médio,Perto,Feminino,68,médio
1315,12,67,Alto,Alto,Não,6,76,Alto,Sim,1,Baixo,Médio,Público,Negativo,2,Não,Ensino Médio,Moderado,Masculino,62,médio
1316,14,60,Médio,Baixo,Sim,7,89,Baixo,Sim,2,Médio,Médio,Público,Neutro,3,Não,Ensino Médio,Moderado,Masculino,60,baixo
1317,18,78,Alto,Médio,Sim,7,71,Baixo,Sim,3,Médio,Médio,Público,Neutro,4,Não,Ensino Médio,Moderado,Masculino,67,médio
1318,16,74,Alto,Alto,Sim,6,68,Baixo,Sim,2,Médio,Médio,Público,Neutro,4,Não,Faculdade,Perto,Masculino,67,médio
1319,19,82,Médio,Alto,Sim,7,57,Médio,Sim,1,Médio,Médio,Público,Neutro,3,Não,Ensino Médio,Perto,Masculino,67,médio
1320,20,68,Médio,Médio,Sim,7,80,Baixo,Sim,0,Baixo,Médio,Privado,Neutro,4,Não,Ensino Médio,Perto,Feminino,63,médio
1321,23,94,Médio,Baixo,Sim,10,91,Alto,Sim,1,Médio,Médio,Público,Neutro,3,Não,Ensino Médio,Perto,Masculino,71,médio
1322,20,70,Médio,Médio,Sim,6,78,Alto,Sim,0,Médio,Médio,Privado,Positivo,2,Não,Faculdade,Perto,Feminino,66,médio
1323,23,69,Médio,Médio,Sim,6,58,Alto,Sim,0,Médio,Médio,Público,Neutro,1,Não,Pós-Graduação,Perto,Feminino,65,médio
1324,20,79,Alto,Médio,Sim,7,83,Alto,Sim,2,Médio,Médio,Público,Positivo,2,Não,Ensino Médio,Moderado,Feminino,69,médio
1325,8,80,Alto,Baixo,Não,6,52,Alto,Sim,2,Médio,Médio,Público,Positivo,1,Não,Ensino Médio,Perto,Feminino,63,médio
1326,14,69,Médio,Médio,Sim,5,92,Alto,Sim,3,Baixo,Baixo,Público,Negativo,2,Não,Pós-Graduação,Moderado,Feminino,64,médio
1327,19,71,Alto,Alto,Não,5,96,Alto,Sim,2,Baixo,Médio,Privado,Neutro,0,Sim,Faculdade,Perto,Feminino,67,médio
1328,13,67,Médio,Médio,Sim,6,80,Alto,Sim,1,Baixo,Alto,Público,Negativo,2,Não,Ensino Médio,Moderado,Masculino,62,médio
1329,24,89,Médio,Baixo,Sim,6,94,Baixo,Sim,2,Médio,Médio,Público,Neutro,2,Não,Ensino Médio,Longe,Masculino,68,médio
1330,29,91,Médio,Alto,Não,5,54,Baixo,Sim,2,Baixo,Médio,Público,Neutro,3,Não,Pós-Graduação,Moderado,Masculino,71,médio
1331,27,78,Alto,Médio,Não,7,61,Médio,Não,1,Baixo,Médio,Público,Negativo,3,Não,Ensino Médio,Moderado,Feminino,66,médio
1332,19,89,Médio,Alto,Sim,4,66,Baixo,Sim,1,Baixo,Médio,Público,Positivo,1,Não,Pós-Graduação,Perto,Feminino,69,médio
1333,29,89,Médio,Baixo,Sim,8,89,Baixo,Sim,1,Médio,Alto,Privado,Neutro,4,Não,Ensino Médio,Moderado,Masculino,71,médio
1334,21,66,Médio,Médio,Sim,6,74,Médio,Sim,2,Médio,Alto,Privado,Neutro,4,Não,Ensino Médio,Perto,Feminino,66,médio
1335,18,99,Médio,Médio,Não,6,67,Médio,Sim,5,Baixo,Médio,Público,Positivo,3,Não,Pós-Graduação,Perto,Feminino,72,médio
1336,16,93,Médio,Médio,Sim,8,58,Médio,Sim,1,Alto,Alto,Público,Positivo,4,Não,Faculdade,Perto,Feminino,70,médio
1337,18,68,Baixo,Médio,Não,8,91,Alto,Sim,1,Baixo,Alto,Privado,Neutro,3,Não,Pós-Graduação,Perto,Feminino,65,médio
1338,18,67,Alto,Médio,Não,6,51,Médio,Sim,0,Médio,Alto,Público,Positivo,2,Não,Faculdade,Perto,Feminino,64,médio
1339,21,65,Médio,Médio,Sim,8,67,Médio,Sim,1,Baixo,Médio,Público,Positivo,2,Não,Faculdade,Moderado,Masculino,63,médio
1340,21,66,Médio,Médio,Não,9,62,Baixo,Não,3,Médio,Médio,Privado,Positivo,2,Não,Ensino Médio,Perto,Masculino,63,médio
1341,20,90,Baixo,Médio,Não,5,56,Médio,Não,3,Médio,Médio,Público,Positivo,2,Não,Ensino Médio,Moderado,Masculino,66,médio
1342,23,79,Alto,Alto,Sim,8,59,Baixo,Sim,1,Baixo,Alto,Público,Negativo,4,Não,Faculdade,Moderado,Masculino,68,médio
1343,27,91,Médio,Alto,Sim,5,75,Baixo,Sim,1,Alto,Alto,Público,Neutro,4,Não,Faculdade,Perto,Masculino,74,médio
1344,26,90,Alto,Alto,Não,9,71,Baixo,Sim,0,Alto,Baixo,Privado,Negativo,2,Não,Faculdade,Perto,Feminino,71,médio
1345,11,84,Alto,Médio,Sim,6,76,Alto,Sim,3,Baixo,Alto,Público,Negativo,3,Não,Ensino Médio,Moderado,Feminino,67,médio
1346,5,87,Alto,Baixo,Não,6,86,Médio,Sim,2,Médio,Alto,Público,Positivo,3,Não,Pós-Graduação,Perto,Feminino,66,médio
1347,26,61,Alto,Médio,Sim,9,95,Médio,Sim,0,Médio,Médio,Privado,Negativo,6,Não,Faculdade,Perto,Masculino,67,médio
1348,12,72,Baixo,Alto,Sim,8,56,Alto,Sim,3,Baixo,Médio,Público,Positivo,1,Sim,Ensino Médio,Moderado,Masculino,62,médio
1349,19,86,Médio,Baixo,Não,6,54,Baixo,Sim,1,Alto,Alto,Privado,Positivo,5,Não,Pós-Graduação,Perto,Masculino,68,médio
1350,13,60,Médio,Médio,Sim,7,66,Médio,Sim,2,Baixo,Médio,Público,Positivo,3,Não,Pós-Graduação,Perto,Masculino,62,médio
1351,9,61,Alto,Médio,Sim,6,77,Baixo,Não,1,Alto,Médio,Privado,Neutro,2,Não,Ensino Médio,Perto,Masculino,82,alto
1352,23,94,Alto,Médio,Não,5,55,Alto,Sim,2,Médio,Médio,Público,Positivo,2,Sim,Ensino Médio,Perto,Masculino,70,médio
1353,25,87,Alto,Médio,Não,7,86,Médio,Sim,4,Médio,Baixo,Privado,Negativo,2,Não,Faculdade,Perto,Masculino,72,médio
1354,17,71,Baixo,Alto,Sim,6,78,Baixo,Sim,0,Médio,Médio,Público,Positivo,4,Não,Faculdade,Perto,Feminino,64,médio
1355,4,88,Médio,Alto,Não,6,87,Baixo,Sim,1,Médio,Alto,Público,Neutro,4,Não,Faculdade,Perto,Masculino,66,médio
1356,17,92,Médio,Médio,Sim,9,68,Alto,Sim,0,Médio,Baixo,Privado,Positivo,3,Não,Faculdade,Perto,Feminino,68,médio
1357,22,72,Baixo,Médio,Não,6,70,Baixo,Sim,1,Alto,Médio,Público,Neutro,3,Não,Pós-Graduação,Longe,Masculino,64,médio
1358,11,61,Baixo,Médio,Sim,7,90,Alto,Sim,0,Médio,Alto,Público,Neutro,3,Não,Ensino Médio,Perto,Feminino,61,médio
1359,21,97,Médio,Médio,Sim,9,63,Médio,Sim,0,Médio,Médio,Público,Positivo,1,Não,Ensino Médio,Moderado,Masculino,69,médio
1360,20,74,Alto,Alto,Não,7,69,Baixo,Sim,2,Alto,Alto,Privado,Neutro,2,Não,Faculdade,Perto,Masculino,68,médio
1361,23,64,Médio,Médio,Não,6,51,Médio,Sim,1,Médio,Médio,Público,Positivo,5,Não,Faculdade,Perto,Masculino,64,médio
1362,21,80,Médio,Alto,Não,7,78,Médio,Sim,1,Baixo,Alto,Privado,Negativo,4,Não,Ensino Médio,Moderado,Feminino,67,médio
1363,14,91,Médio,Médio,Sim,8,93,Médio,Sim,0,Médio,Médio,Público,Neutro,3,Não,Ensino Médio,Moderado,Masculino,67,médio
1364,27,69,Médio,Médio,Não,8,51,Médio,Sim,1,Alto,Médio,Público,Negativo,2,Não,Ensino Médio,Perto,Masculino,65,médio
1365,19,71,Alto,Médio,Sim,10,81,Médio,Sim,2,Médio,Alto,Público,Positivo,3,Não,Ensino Médio,Perto,Feminino,68,médio
1366,20,70,Médio,Alto,Sim,6,92,Médio,Sim,2,Médio,Baixo,Público,Positivo,3,Não,Ensino Médio,Perto,Masculino,67,médio
1367,14,100,Baixo,Médio,Não,7,75,Baixo,Sim,1,Baixo,Médio,Público,Positivo,3,Não,Pós-Graduação,Moderado,Masculino,67,médio
1368,17,68,Médio,Alto,Sim,5,66,Médio,Sim,1,Alto,Médio,Público,Negativo,4,Não,Ensino Médio,Perto,Masculino,64,médio
1369,15,83,Alto,Alto,Sim,8,100,Médio,Sim,0,Médio,Médio,Público,Positivo,3,Não,Faculdade,Perto,Feminino,70,médio
1370,19,97,Médio,Alto,Não,7,53,Médio,Sim,2,Baixo,Baixo,Privado,Neutro,3,Não,Faculdade,Moderado,Masculino,69,médio
1371,30,66,Médio,Alto,Não,7,61,Baixo,Sim,0,Alto,Alto,Privado,Positivo,2,Não,Ensino Médio,Longe,Masculino,66,médio
1372,12,99,Baixo,Médio,Não,6,94,Médio,Sim,2,Médio,Médio,Público,Neutro,3,Não,Pós-Graduação,Moderado,Masculino,69,médio
1373,10,98,Baixo,Médio,Sim,6,65,Médio,Sim,1,Baixo,Alto,Privado,Positivo,2,Não,Ensino Médio,Perto,Masculino,66,médio
1374,29,95,Alto,Médio,Sim,7,91,Baixo,Sim,1,Baixo,Médio,Público,Neutro,3,Não,Ensino Médio,Moderado,Feminino,73,médio
1375,19,69,Médio,Médio,Sim,6,67,Médio,Não,4,Alto,Alto,Privado,Positivo,4,Não,Pós-Graduação,Moderado,Masculino,66,médio
1376,16,85,Médio,Alto,Sim,7,91,Alto,Sim,0,Médio,Médio,Público,Neutro,2,Não,Pós-Graduação,Moderado,Masculino,69,médio
1377,26,90,Médio,Baixo,Sim,7,84,Baixo,Sim,1,Médio,Médio,Público,Positivo,3,Não,Ensino Médio,Moderado,Masculino,70,médio
1378,16,99,Alto,Médio,Sim,5,73,Alto,Sim,1,Médio,Médio,Privado,Positivo,5,Sim,Faculdade,Longe,Masculino,71,médio
1379,31,67,Baixo,Alto,Sim,5,76,Médio,Sim,2,Médio,Alto,Público,Positivo,4,Não,Faculdade,Perto,Masculino,70,médio
1380,24,91,Alto,Baixo,Sim,6,59,Médio,Sim,0,Baixo,Médio,Privado,Neutro,4,Não,Ensino Médio,Perto,Masculino,69,médio
1381,17,74,Médio,Médio,Não,9,56,Médio,Sim,1,Médio,Alto,Privado,Negativo,3,Não,Ensino Médio,Moderado,Masculino,63,médio
1382,33,67,Alto,Médio,Sim,6,86,Médio,Sim,4,Médio,Alto,Público,Positivo,3,Sim,Ensino Médio,Perto,Feminino,71,médio
1383,16,77,Alto,Alto,Não,7,92,Baixo,Sim,2,Médio,Médio,Público,Negativo,2,Não,Faculdade,Perto,Masculino,67,médio
1384,24,92,Médio,Médio,Sim,5,86,Alto,Sim,3,Médio,Alto,Público,Neutro,2,Não,Ensino Médio,Perto,Feminino,73,médio
1385,22,79,Baixo,Alto,Sim,6,96,Médio,Sim,1,Alto,Médio,Público,Neutro,2,Não,Faculdade,Moderado,Masculino,68,médio
1386,28,82,Baixo,Médio,Sim,5,95,Médio,Sim,0,Alto,Baixo,Público,Neutro,3,Não,Ensino Médio,Perto,Masculino,69,médio
1387,29,100,Alto,Alto,Sim,8,89,Médio,Sim,2,Médio,Médio,Privado,Neutro,3,Não,Ensino Médio,Moderado,Feminino,76,médio
1388,20,76,Baixo,Médio,Sim,5,95,Médio,Sim,4,Baixo,Alto,Público,Positivo,3,Não,Ensino Médio,Perto,Masculino,68,médio
1389,15,85,Médio,Médio,Não,8,58,Alto,Sim,1,Baixo,Médio,Privado,Negativo,3,Não,Faculdade,Perto,Masculino,65,médio
1390,23,75,Médio,Médio,Sim,8,87,Baixo,Sim,0,Alto,Baixo,Público,Positivo,1,Não,Ensino Médio,Perto,Feminino,66,médio
1391,16,76,Médio,Baixo,Não,7,88,Alto,Sim,0,Baixo,Médio,Público,Positivo,2,Não,Pós-Graduação,Perto,Masculino,65,médio
1392,32,88,Baixo,Médio,Não,8,58,Baixo,Sim,3,Baixo,Alto,Privado,Negativo,3,Não,Ensino Médio,Moderado,Masculino,69,médio
1393,21,98,Alto,Médio,Sim,10,95,Médio,Sim,0,Médio,Médio,Público,Neutro,1,Não,Ensino Médio,Perto,Masculino,71,médio
1394,18,82,Alto,Baixo,Sim,8,50,Médio,Sim,1,Alto,Médio,Público,Positivo,3,Não,Ensino Médio,Moderado,Masculino,66,médio
1395,21,91,Médio,Alto,Não,5,72,Médio,Sim,3,Baixo,Médio,Público,Negativo,3,Sim,Ensino Médio,Perto,Feminino,69,médio
1396,12,64,Médio,Médio,Não,9,51,Baixo,Não,2,Baixo,Médio,Público,Neutro,4,Não,Faculdade,Perto,Masculino,59,baixo
1397,14,68,Médio,Alto,Não,7,76,Médio,Sim,2,Alto,Médio,Público,Positivo,3,Não,Ensino Médio,Perto,Masculino,65,médio
1398,27,80,Alto,Alto,Não,10,71,Alto,Sim,4,Baixo,Baixo,Público,Neutro,2,Não,Faculdade,Perto,Masculino,72,médio
1399,16,61,Médio,Baixo,Sim,6,81,Médio,Sim,0,Médio,Médio,Público,Negativo,2,Não,Faculdade,Perto,Masculino,60,baixo
1400,14,70,Médio,Médio,Sim,9,88,Baixo,Sim,0,Alto,Médio,Privado,Positivo,4,Não,Faculdade,Moderado,Feminino,64,médio
1401,23,81,Médio,Médio,Não,7,88,Baixo,Sim,1,Baixo,Médio,Público,Positivo,4,Não,Pós-Graduação,Perto,Masculino,69,médio
1402,27,61,Alto,Alto,Sim,10,86,Médio,Sim,3,Médio,Alto,Privado,Positivo,3,Não,Ensino Médio,Perto,Feminino,70,médio
1403,24,71,Médio,Alto,Sim,7,55,Baixo,Sim,2,Alto,Médio,Público,Positivo,3,Não,Faculdade,Longe,Masculino,67,médio
1404,26,81,Médio,Médio,Não,10,71,Baixo,Sim,0,Médio,Médio,Privado,Positivo,5,Sim,Ensino Médio,Perto,Feminino,67,médio
1405,15,83,Médio,Baixo,Sim,8,91,Médio,Sim,0,Baixo,Médio,Privado,Neutro,3,Não,Faculdade,Longe,Masculino,64,médio
1406,11,97,Médio,Médio,Sim,8,83,Baixo,Sim,4,Médio,Alto,Privado,Negativo,2,Não,Ensino Médio,Longe,Masculino,68,médio
1407,29,86,Médio,Alto,Não,10,84,Baixo,Sim,1,Baixo,Alto,Privado,Positivo,4,Não,Ensino Médio,Perto,Feminino,72,médio
1408,18,77,Médio,Alto,Sim,6,61,Médio,Sim,1,Baixo,Médio,Privado,Neutro,3,Não,Ensino Médio,Perto,Feminino,65,médio
1409,18,97,Médio,Alto,Não,8,66,Baixo,Sim,2,Médio,Médio,Público,Neutro,2,Não,Faculdade,Moderado,Masculino,70,médio
1410,28,91,Alto,Médio,Não,7,98,Baixo,Sim,2,Baixo,Médio,Privado,Positivo,5,Não,Pós-Graduação,Perto,Masculino,75,médio
1411,23,68,Baixo,Baixo,Sim,7,92,Médio,Não,3,Baixo,Alto,Privado,Neutro,4,Não,Ensino Médio,Perto,Masculino,65,médio
1412,23,65,Médio,Alto,Sim,7,58,Baixo,Sim,1,Baixo,Médio,Público,Neutro,3,Sim,Faculdade,Moderado,Feminino,63,médio
1413,33,87,Médio,Alto,Não,8,77,Baixo,Sim,0,Baixo,Médio,Privado,Positivo,3,Sim,Ensino Médio,Perto,Masculino,71,médio
1414,16,82,Médio,Baixo,Sim,8,75,Médio,Sim,2,Médio,Médio,Público,Positivo,2,Não,Faculdade,Perto,Feminino,66,médio
1415,26,92,Médio,Baixo,Sim,6,72,Médio,Sim,1,Baixo,Médio,Privado,Neutro,3,Não,Ensino Médio,Moderado,Feminino,69,médio
1416,20,90,Alto,Médio,Não,7,74,Baixo,Não,0,Alto,Baixo,Privado,Positivo,3,Não,Pós-Graduação,Moderado,Feminino,68,médio
1417,22,85,Médio,Alto,Não,4,82,Médio,Sim,1,Médio,Alto,Público,Positivo,2,Não,Pós-Graduação,Perto,Masculino,71,médio
1418,29,99,Alto,Médio,Sim,8,98,Alto,Não,5,Baixo,Baixo,Público,Neutro,2,Não,Pós-Graduação,Perto,Masculino,77,médio
1419,23,81,Alto,Baixo,Sim,10,94,Alto,Sim,1,Médio,Alto,Público,Neutro,2,Não,Faculdade,Perto,Feminino,70,médio
1420,23,65,Médio,Médio,Não,7,94,Médio,Sim,1,Alto,Médio,Público,Negativo,3,Não,Faculdade,Perto,Feminino,66,médio
1421,26,93,Alto,Médio,Não,5,85,Baixo,Sim,1,Alto,Alto,Público,Positivo,3,Não,Faculdade,Moderado,Feminino,73,médio
1422,18,70,Médio,Médio,Sim,8,51,Médio,Sim,1,Baixo,Médio,Privado,Negativo,3,Não,Faculdade,Moderado,Masculino,62,médio
1423,15,91,Médio,Médio,Não,6,72,Baixo,Sim,0,Médio,Médio,Público,Neutro,2,Não,Ensino Médio,Moderado,Feminino,65,médio
1424,14,98,Alto,Alto,Sim,7,76,Médio,Sim,0,Baixo,Médio,Público,Neutro,2,Não,Pós-Graduação,Perto,Masculino,71,médio
1425,8,88,Médio,Médio,Sim,8,92,Alto,Sim,1,Baixo,Médio,Público,Negativo,4,Não,Faculdade,Perto,Masculino,66,médio
1426,32,84,Baixo,Médio,Sim,8,96,Médio,Sim,1,Baixo,Médio,Público,Positivo,3,Não,Ensino Médio,Perto,Feminino,72,médio
1427,13,78,Médio,Médio,Sim,9,73,Médio,Sim,0,Médio,Alto,Privado,Negativo,4,Não,Ensino Médio,Perto,Masculino,64,médio
1428,19,75,Médio,Médio,Não,7,65,Baixo,Sim,0,Baixo,Baixo,Privado,Neutro,4,Não,Ensino Médio,Perto,Feminino,63,médio
1429,18,74,Baixo,Médio,Sim,7,67,Baixo,Sim,0,Baixo,Médio,Público,Positivo,3,Não,Ensino Médio,Perto,Masculino,63,médio
1430,22,85,Alto,Médio,Não,8,79,Alto,Sim,5,Médio,Alto,Público,Neutro,2,Não,Ensino Médio,Perto,Feminino,72,médio
1431,25,90,Médio,Médio,Sim,7,64,Médio,Sim,2,Médio,Alto,Público,Positivo,2,Não,Ensino Médio,Moderado,Masculino,71,médio
1432,25,87,Alto,Alto,Sim,6,96,Baixo,Não,3,Médio,Médio,Público,Positivo,2,Não,Ensino Médio,Moderado,Feminino,72,médio
1433,17,68,Médio,Alto,Sim,8,71,Médio,Sim,1,Médio,Alto,Privado,Neutro,2,Não,Ensino Médio,Perto,Masculino,65,médio
1434,19,80,Médio,Médio,Sim,5,100,Médio,Sim,0,Médio,Médio,Público,Neutro,3,Não,Ensino Médio,Perto,Feminino,67,médio
1435,22,92,Baixo,Alto,Sim,7,55,Baixo,Sim,1,Baixo,Médio,Público,Positivo,4,Não,Ensino Médio,Moderado,Feminino,68,médio
1436,19,79,Médio,Alto,Sim,5,59,Médio,Sim,2,Baixo,Médio,Privado,Neutro,2,Não,Pós-Graduação,Longe,Masculino,66,médio
1437,30,81,Médio,Alto,Não,6,76,Médio,Sim,0,Alto,Médio,Público,Positivo,3,Não,Pós-Graduação,Perto,Masculino,72,médio
1438,23,91,Alto,Médio,Não,6,93,Médio,Sim,3,Baixo,Baixo,Público,Neutro,3,Não,Ensino Médio,Moderado,Feminino,71,médio
1439,24,86,Médio,Alto,Não,6,68,Baixo,Sim,3,Baixo,Alto,Público,Positivo,3,Sim,Faculdade,Moderado,Feminino,70,médio
1440,24,76,Médio,Médio,Não,9,92,Médio,Sim,1,Médio,Baixo,Público,Neutro,3,Não,Pós-Graduação,Perto,Feminino,68,médio
1441,27,96,Médio,Alto,Não,9,71,Baixo,Sim,0,Baixo,Médio,Privado,Positivo,4,Não,Faculdade,Perto,Feminino,72,médio
1442,21,67,Baixo,Médio,Sim,9,93,Alto,Sim,1,Baixo,Alto,Público,Neutro,3,Não,Faculdade,Perto,Masculino,66,médio
1443,12,100,Médio,Médio,Não,7,64,Médio,Sim,1,Médio,Alto,Público,Positivo,6,Não,Ensino Médio,Perto,Masculino,69,médio
1444,22,65,Baixo,Médio,Sim,6,74,Alto,Sim,2,Médio,Médio,Público,Positivo,1,Não,Faculdade,Perto,Masculino,65,médio
1445,16,61,Alto,Alto,Não,8,64,Médio,Sim,1,Baixo,Alto,Público,Positivo,3,Não,Ensino Médio,Longe,Masculino,62,médio
1446,17,96,Alto,Alto,Não,7,61,Baixo,Sim,1,Baixo,Alto,Público,Positivo,1,Não,Faculdade,Moderado,Feminino,69,médio
1447,24,70,Médio,Médio,Sim,7,71,Médio,Sim,1,Médio,Baixo,Público,Negativo,4,Não,Ensino Médio,Perto,Masculino,65,médio
1448,27,89,Médio,Baixo,Não,4,67,Médio,Sim,2,Baixo,Baixo,Privado,Neutro,4,Não,Faculdade,Perto,Feminino,69,médio
1449,20,92,Baixo,Alto,Sim,8,89,Médio,Sim,1,Baixo,Médio,Público,Neutro,3,Não,Ensino Médio,Moderado,Feminino,69,médio
1450,22,94,Alto,Médio,Sim,8,87,Médio,Sim,2,Baixo,Médio,Privado,Neutro,5,Não,Faculdade,Perto,Feminino,73,médio
1451,30,100,Alto,Médio,Sim,7,68,Baixo,Sim,2,Médio,Médio,Privado,Neutro,2,Não,Pós-Graduação,Perto,Feminino,75,médio
1452,21,72,Alto,Alto,Sim,8,100,Médio,Sim,3,Baixo,Alto,Privado,Positivo,3,Não,Faculdade,Longe,Masculino,70,médio
1453,36,88,Médio,Alto,Não,8,99,Alto,Sim,0,Baixo,Médio,Privado,Negativo,3,Não,Faculdade,Perto,Feminino,74,médio
1454,23,65,Médio,Médio,Sim,6,96,Médio,Sim,0,Baixo,Baixo,Público,Positivo,3,Não,Ensino Médio,Perto,Masculino,65,médio
1455,9,76,Médio,Médio,Não,7,79,Médio,Sim,1,Médio,Médio,Público,Negativo,3,Não,Faculdade,Perto,Masculino,63,médio
1456,25,94,Alto,Alto,Não,5,71,Baixo,Sim,4,Médio,Alto,Público,Negativo,4,Não,Faculdade,Perto,Feminino,74,médio
1457,22,75,Alto,Alto,Sim,9,66,Baixo,Sim,0,Baixo,Médio,Privado,Neutro,2,Não,Pós-Graduação,Perto,Masculino,67,médio
1458,28,84,Médio,Médio,Sim,8,51,Médio,Não,3,Médio,Médio,Público,Positivo,4,Não,Pós-Graduação,Perto,Feminino,71,médio
1459,24,80,Alto,Baixo,Sim,6,82,Médio,Sim,1,Baixo,Alto,Público,Neutro,3,Não,Faculdade,Moderado,Feminino,68,médio
1460,19,86,Alto,Médio,Não,8,78,Médio,Sim,2,Médio,Médio,Público,Negativo,4,Não,Faculdade,Perto,Feminino,69,médio
1461,13,99,Médio,Alto,Não,7,81,Médio,Sim,0,Médio,Médio,Público,Positivo,4,Não,Pós-Graduação,Perto,Masculino,71,médio
1462,19,62,Alto,Médio,Sim,6,79,Baixo,Sim,7,Médio,Médio,Público,Neutro,2,Não,Ensino Médio,Perto,Feminino,66,médio
1463,15,83,Médio,Médio,Sim,7,57,Baixo,Sim,0,Médio,Médio,Privado,Positivo,3,Não,Pós-Graduação,Perto,Masculino,65,médio
1464,17,95,Médio,Baixo,Sim,8,85,Baixo,Não,1,Baixo,Alto,Privado,Negativo,2,Não,Faculdade,Moderado,Feminino,66,médio
1465,24,79,Baixo,Baixo,Sim,8,68,Alto,Sim,2,Baixo,Médio,Privado,Negativo,2,Não,Ensino Médio,Perto,Masculino,65,médio
1466,30,63,Médio,Médio,Não,10,76,Médio,Sim,1,Médio,Médio,Público,Neutro,4,Não,Pós-Graduação,Moderado,Feminino,67,médio
1467,22,82,Alto,Médio,Não,7,68,Alto,Sim,2,Baixo,Médio,Privado,Neutro,4,Não,Pós-Graduação,Perto,Masculino,70,médio
1468,13,73,Médio,Médio,Sim,7,51,Médio,Sim,1,Baixo,Médio,Público,Positivo,4,Não,Pós-Graduação,Perto,Masculino,63,médio
1469,23,66,Baixo,Baixo,Não,8,94,Baixo,Sim,1,Médio,Alto,Privado,Neutro,3,Não,Pós-Graduação,Moderado,Masculino,64,médio
1470,27,94,Médio,Médio,Sim,7,57,Médio,Sim,1,Médio,Médio,Privado,Neutro,1,Não,Ensino Médio,Perto,Masculino,71,médio
1471,16,81,Médio,Alto,Sim,6,79,Médio,Sim,2,Baixo,Alto,Público,Positivo,3,Não,Faculdade,Moderado,Feminino,68,médio
1472,19,97,Médio,Baixo,Não,6,94,Médio,Sim,2,Alto,Médio,Público,Neutro,4,Não,Pós-Graduação,Perto,Masculino,72,médio
1473,20,92,Médio,Alto,Sim,4,61,Médio,Sim,2,Alto,Médio,Público,Neutro,4,Não,Faculdade,Perto,Masculino,71,médio
1474,15,88,Baixo,Baixo,Sim,8,71,Médio,Não,1,Baixo,Baixo,Privado,Positivo,2,Não,Pós-Graduação,Moderado,Masculino,64,médio
1475,24,60,Alto,Baixo,Sim,5,69,Médio,Sim,1,Médio,Alto,Público,Neutro,5,Não,Ensino Médio,Moderado,Masculino,64,médio
1476,19,77,Alto,Médio,Sim,6,54,Baixo,Sim,3,Alto,Médio,Privado,Negativo,2,Não,Faculdade,Moderado,Masculino,66,médio
1477,23,68,Médio,Alto,Sim,7,71,Alto,Sim,3,Médio,Médio,Público,Positivo,3,Não,Ensino Médio,Moderado,Feminino,68,médio
1478,15,96,Alto,Médio,Não,7,74,Médio,Sim,2,Baixo,Baixo,Privado,Positivo,2,Não,Ensino Médio,Longe,Masculino,68,médio
1479,17,67,Alto,Médio,Sim,10,51,Médio,Sim,3,Baixo,Médio,Público,Positivo,5,Não,Ensino Médio,Perto,Masculino,65,médio
1480,24,71,Médio,Médio,Sim,5,74,Médio,Sim,1,Médio,Médio,Privado,Positivo,3,Não,Ensino Médio,Perto,Masculino,67,médio
1481,18,81,Médio,Baixo,Sim,10,55,Baixo,Sim,3,Baixo,Médio,Público,Negativo,2,Não,Ensino Médio,Perto,Masculino,64,médio
1482,30,71,Alto,Médio,Sim,9,95,Alto,Não,1,Médio,Médio,Público,Neutro,4,Não,Faculdade,Perto,Masculino,70,médio
1483,18,68,Médio,Alto,Sim,8,83,Baixo,Sim,1,Baixo,Médio,Público,Positivo,2,Não,Faculdade,Perto,Masculino,65,médio
1484,21,84,Médio,Baixo,Não,9,53,Baixo,Sim,2,Médio,Alto,Público,Negativo,3,Não,Ensino Médio,Moderado,Feminino,65,médio
1485,26,64,Alto,Médio,Não,8,91,Alto,Sim,1,Médio,Médio,Público,Positivo,4,Não,Ensino Médio,Perto,Masculino,68,médio
1486,11,62,Médio,Alto,Sim,4,68,Médio,Sim,2,Alto,Médio,Público,Negativo,3,Não,Ensino Médio,Moderado,Masculino,61,médio
1487,9,75,Alto,Baixo,Não,8,61,Alto,Sim,3,Médio,Médio,Público,Neutro,3,Não,Ensino Médio,Perto,Masculino,63,médio
1488,11,89,Médio,Médio,Sim,5,63,Médio,Sim,0,Médio,Médio,Público,Neutro,2,Não,Faculdade,Perto,Feminino,65,médio
1489,28,82,Médio,Médio,Sim,6,80,Médio,Sim,1,Baixo,Médio,Privado,Neutro,5,Não,Ensino Médio,Longe,Feminino,69,médio
1490,17,77,Médio,Médio,Não,7,54,Baixo,Sim,1,Baixo,Alto,Público,Positivo,2,Não,Faculdade,Perto,Masculino,64,médio
1491,35,83,Médio,Baixo,Não,6,53,Médio,Sim,1,Baixo,Médio,Privado,Neutro,2,Não,Ensino Médio,Perto,Feminino,69,médio
1492,17,75,Alto,Médio,Sim,8,81,Baixo,Sim,3,Alto,Médio,Público,Neutro,3,Sim,Pós-Graduação,Perto,Masculino,67,médio
1493,21,97,Médio,Alto,Sim,7,99,Alto,Sim,1,Médio,Alto,Público,Neutro,1,Não,Pós-Graduação,Moderado,Masculino,74,médio
1494,29,62,Alto,Médio,Sim,8,74,Médio,Sim,1,Baixo,Médio,Privado,Negativo,3,Sim,Faculdade,Perto,Masculino,66,médio
1495,32,87,Médio,Alto,Sim,7,71,Médio,Sim,0,Alto,Baixo,Público,Neutro,4,Sim,Faculdade,Perto,Masculino,72,médio
1496,32,96,Médio,Baixo,Sim,7,97,Baixo,Sim,1,Baixo,Médio,Público,Neutro,5,Não,Faculdade,Moderado,Masculino,73,médio
1497,27,92,Alto,Médio,Não,6,62,Alto,Sim,0,Médio,Alto,Público,Positivo,4,Não,Faculdade,Perto,Masculino,73,médio
1498,26,67,Baixo,Médio,Sim,5,62,Alto,Sim,0,Médio,Médio,Público,Negativo,2,Não,Ensino Médio,Moderado,Masculino,63,médio
1499,24,72,Alto,Médio,Sim,7,95,Médio,Sim,3,Baixo,Médio,Público,Negativo,2,Não,Pós-Graduação,Perto,Masculino,69,médio
1500,25,89,Baixo,Baixo,Sim,6,82,Alto,Sim,2,Baixo,Médio,Público,Neutro,6,Não,Pós-Graduação,Perto,Masculino,71,médio
1501,17,63,Alto,Médio,Não,9,53,Alto,Sim,1,Baixo,Alto,Público,Neutro,4,Não,Faculdade,Moderado,Masculino,63,médio
1502,15,92,Médio,Alto,Sim,5,84,Médio,Sim,0,Alto,Baixo,Público,Positivo,5,Não,Ensino Médio,Moderado,Feminino,69,médio
1503,20,89,Alto,Alto,Sim,10,91,Baixo,Sim,3,Médio,Médio,Privado,Neutro,3,Não,Faculdade,Moderado,Masculino,72,médio
1504,19,89,Alto,Baixo,Sim,7,64,Médio,Sim,2,Baixo,Médio,Público,Positivo,4,Sim,Pós-Graduação,Moderado,Feminino,68,médio
1505,17,64,Baixo,Alto,Não,7,69,Médio,Sim,1,Médio,Médio,Público,Negativo,3,Não,Ensino Médio,Perto,Feminino,62,médio
1506,24,89,Baixo,Alto,Sim,6,60,Médio,Sim,1,Baixo,Médio,Privado,Neutro,2,Não,Ensino Médio,Perto,Masculino,68,médio
1507,26,87,Médio,Médio,Sim,8,82,Alto,Sim,1,Baixo,Médio,Público,Negativo,2,Não,Pós-Graduação,Perto,Masculino,71,médio
1508,21,93,Médio,Baixo,Sim,7,83,Baixo,Não,1,Alto,Alto,Público,Neutro,3,Sim,Ensino Médio,Moderado,Masculino,67,médio
1509,29,62,Baixo,Alto,Sim,7,53,Alto,Sim,0,Baixo,Médio,Privado,Positivo,3,Não,Faculdade,Moderado,Feminino,65,médio
1510,13,61,Baixo,Médio,Sim,8,84,Alto,Não,1,Médio,Alto,Público,Neutro,3,Sim,Pós-Graduação,Longe,Masculino,60,baixo
1511,19,75,Médio,Alto,Sim,8,83,Alto,Sim,2,Alto,Médio,Público,Neutro,2,Não,Ensino Médio,Perto,Masculino,68,médio
1512,16,66,Baixo,Médio,Sim,9,52,Médio,Sim,1,Médio,Baixo,Público,Negativo,3,Sim,Ensino Médio,Perto,Masculino,59,baixo
1513,9,82,Alto,Médio,Não,8,78,Médio,Sim,0,Alto,Médio,Público,Neutro,0,Não,Ensino Médio,Moderado,Feminino,64,médio
1514,20,97,Alto,Médio,Sim,6,81,Alto,Sim,2,Baixo,Baixo,Público,Neutro,3,Não,Ensino Médio,Moderado,Masculino,71,médio
1515,19,76,Alto,Alto,Não,4,72,Baixo,Sim,2,Alto,Médio,Público,Neutro,2,Não,Faculdade,Moderado,Feminino,68,médio
1516,29,94,Baixo,Médio,Sim,7,95,Médio,Não,2,Baixo,Médio,Público,Neutro,3,Sim,Faculdade,Moderado,Masculino,70,médio
1517,24,60,Baixo,Baixo,Não,7,66,Médio,Sim,1,Médio,Alto,Público,Neutro,4,Não,Faculdade,Perto,Feminino,62,médio
1518,14,67,Médio,Médio,Não,10,53,Médio,Sim,2,Alto,Médio,Público,Neutro,3,Não,Faculdade,Perto,Masculino,62,médio
1519,31,61,Alto,Médio,Não,7,84,Médio,Sim,2,Médio,Médio,Privado,Neutro,3,Não,Ensino Médio,Perto,Masculino,68,médio
1520,27,73,Médio,Médio,Não,8,80,Baixo,Sim,3,Médio,Médio,Privado,Negativo,3,Não,Ensino Médio,Perto,Feminino,68,médio
1521,23,96,Médio,Médio,Sim,8,99,Alto,Sim,3,Baixo,Baixo,Público,Positivo,4,Não,Ensino Médio,Perto,Feminino,74,médio
1522,19,64,Baixo,Médio,Não,8,62,Médio,Sim,0,Alto,Médio,Público,Positivo,4,Sim,Faculdade,Perto,Masculino,61,médio
1523,14,84,Médio,Médio,Sim,8,70,Médio,Sim,1,Baixo,Alto,Público,Neutro,5,Não,Faculdade,Perto,Masculino,67,médio
1524,18,78,Médio,Baixo,Não,6,73,Médio,Sim,1,Alto,Alto,Público,Positivo,2,Não,Ensino Médio,Moderado,Feminino,65,médio
1525,27,98,Baixo,Médio,Sim,6,93,Baixo,Não,5,Alto,Alto,Público,Positivo,3,Não,Ensino Médio,Moderado,Feminino,101,
1526,31,65,Médio,Baixo,Sim,7,71,Médio,Sim,1,Baixo,Médio,Público,Neutro,4,Não,Ensino Médio,Moderado,Masculino,65,médio
1527,29,68,Médio,Médio,Não,4,89,Médio,Sim,0,Médio,Médio,Privado,Neutro,4,Sim,Faculdade,Perto,Masculino,67,médio
1528,17,61,Médio,Alto,Sim,7,58,Baixo,Sim,2,Baixo,Médio,Público,Positivo,3,Sim,Ensino Médio,Perto,Feminino,61,médio
1529,13,77,Médio,Médio,Não,6,70,Médio,Sim,3,Médio,Alto,Público,Neutro,4,Sim,Ensino Médio,Perto,Masculino,64,médio
1530,21,71,Alto,Baixo,Não,7,58,Alto,Sim,1,Médio,Alto,Público,Positivo,3,Sim,Faculdade,Longe,Feminino,64,médio
1531,9,95,Médio,Médio,Sim,7,97,Médio,Sim,1,Baixo,Baixo,Público,Neutro,2,Não,Faculdade,Perto,Masculino,67,médio
1532,22,84,Médio,Médio,Sim,5,59,Médio,Sim,0,Alto,Alto,Privado,Positivo,3,Não,Faculdade,Perto,Feminino,69,médio
1533,19,85,Alto,Médio,Sim,9,71,Baixo,Sim,1,Médio,Alto,Público,Positivo,2,Não,Pós-Graduação,Moderado,Feminino,69,médio
1534,17,81,Alto,Médio,Não,7,54,Médio,Sim,4,Baixo,Médio,Público,Positivo,3,Não,Ensino Médio,Perto,Feminino,67,médio
1535,10,64,Médio,Alto,Não,8,96,Médio,Sim,1,Médio,Médio,Público,Neutro,3,Não,Ensino Médio,Moderado,Masculino,62,médio
1536,23,78,Baixo,Alto,Não,7,81,Médio,Sim,0,Baixo,Médio,Privado,Neutro,1,Não,Ensino Médio,Perto,Masculino,66,médio
1537,17,100,Alto,Médio,Não,8,98,Baixo,Sim,0,Médio,Alto,Público,Positivo,4,Não,Faculdade,Perto,Masculino,72,médio
1538,13,93,Médio,Médio,Sim,5,52,Baixo,Sim,2,Médio,Médio,Público,Positivo,3,Não,Faculdade,Perto,Feminino,67,médio
1539,3,96,Alto,Alto,Sim,9,59,Médio,Sim,2,Baixo,Médio,Público,Negativo,3,Não,Faculdade,Moderado,Feminino,66,médio
1540,20,93,Baixo,Baixo,Sim,8,69,Médio,Sim,2,Baixo,Médio,Público,Neutro,4,Não,Ensino Médio,Moderado,Masculino,67,médio
1541,31,64,Alto,Baixo,Sim,7,81,Baixo,Sim,1,Médio,Médio,Público,Positivo,4,Não,Ensino Médio,Perto,Feminino,67,médio
1542,30,69,Médio,Médio,Sim,7,66,Médio,Sim,0,Médio,Baixo,Público,Positivo,4,Não,Pós-Graduação,Perto,Feminino,68,médio
1543,17,60,Alto,Médio,Sim,9,86,Médio,Sim,0,Baixo,Alto,Público,Positivo,2,Não,Ensino Médio,Perto,Masculino,63,médio
1544,16,72,Médio,Alto,Não,6,58,Baixo,Sim,1,Médio,Médio,Público,Negativo,2,Não,Ensino Médio,Longe,Masculino,62,médio
1545,23,64,Alto,Médio,Sim,5,80,Baixo,Sim,3,Médio,Alto,Público,Negativo,2,Sim,Faculdade,Moderado,Feminino,65,médio
1546,14,79,Médio,Médio,Sim,6,70,Médio,Sim,1,Baixo,Médio,Público,Positivo,6,Não,Faculdade,Moderado,Masculino,65,médio
1547,22,87,Médio,Alto,Sim,7,75,Médio,Sim,0,Médio,Alto,Público,Positivo,2,Sim,Faculdade,Perto,Feminino,70,médio
1548,25,95,Baixo,Médio,Não,7,78,Médio,Sim,7,Baixo,Médio,Público,Positivo,4,Não,Ensino Médio,Perto,Masculino,73,médio
1549,27,90,Alto,Médio,Sim,9,53,Médio,Sim,1,Médio,Alto,Público,Positivo,2,Não,Pós-Graduação,Perto,Feminino,73,médio
1550,19,98,Médio,Baixo,Sim,6,96,Médio,Não,2,Baixo,Médio,Privado,Negativo,2,Não,Ensino Médio,Moderado,Masculino,68,médio
1551,19,62,Médio,Baixo,Não,6,89,Alto,Sim,3,Médio,Médio,Público,Positivo,1,Não,Ensino Médio,Moderado,Masculino,63,médio
1552,15,60,Médio,Baixo,Sim,5,72,Alto,Sim,2,Alto,Alto,Público,Positivo,2,Não,Ensino Médio,Perto,Masculino,62,médio
1553,15,86,Alto,Médio,Sim,8,77,Médio,Sim,0,Médio,Médio,Público,Positivo,3,Não,Pós-Graduação,Perto,Masculino,69,médio
1554,19,72,Médio,Alto,Não,5,52,Médio,Sim,2,Médio,Médio,Público,Neutro,3,Não,Pós-Graduação,Perto,Masculino,66,médio
1555,22,70,Médio,Alto,Sim,8,75,Alto,Sim,0,Médio,Médio,Privado,Positivo,3,Não,Pós-Graduação,Perto,Masculino,68,médio
1556,25,73,Alto,Médio,Sim,6,71,Baixo,Sim,0,Baixo,Médio,Privado,Positivo,3,Não,Faculdade,Longe,Feminino,67,médio
1557,15,71,Alto,Alto,Sim,6,69,Baixo,Sim,2,Baixo,Alto,Privado,Negativo,4,Não,Faculdade,Perto,Feminino,65,médio
1558,29,80,Baixo,Médio,Sim,10,91,Alto,Não,1,Alto,Médio,Público,Positivo,3,Não,Faculdade,Moderado,Masculino,70,médio
1559,18,78,Baixo,Médio,Sim,9,59,Alto,Não,0,Alto,Alto,Privado,Positivo,1,Não,Ensino Médio,Moderado,Feminino,64,médio
1560,20,80,Baixo,Baixo,Sim,7,59,Alto,Sim,2,Médio,Alto,Privado,Neutro,3,Não,Ensino Médio,Moderado,Masculino,65,médio
1561,16,87,Médio,Médio,Não,5,76,Alto,Sim,1,Baixo,Alto,Privado,Neutro,2,Não,Pós-Graduação,Longe,Feminino,67,médio
1562,5,75,Médio,Baixo,Sim,10,84,Médio,Sim,0,Alto,Médio,Privado,Neutro,4,Não,Pós-Graduação,Moderado,Feminino,62,médio
1563,25,70,Médio,Médio,Sim,7,51,Alto,Sim,3,Baixo,Médio,Público,Positivo,4,Não,Ensino Médio,Moderado,Masculino,66,médio
1564,24,67,Alto,Alto,Sim,7,77,Baixo,Sim,0,Alto,Médio,Público,Positivo,2,Não,Faculdade,Perto,Feminino,68,médio
1565,18,74,Médio,Baixo,Não,8,65,Alto,Sim,0,Médio,Alto,Público,Positivo,4,Não,Faculdade,Moderado,Feminino,64,médio
1566,20,90,Alto,Baixo,Não,4,88,Médio,Sim,3,Baixo,Médio,Público,Negativo,3,Não,Ensino Médio,Moderado,Masculino,69,médio
1567,23,90,Médio,Médio,Sim,6,73,Baixo,Não,1,Alto,Médio,Privado,Positivo,2,Não,Ensino Médio,Perto,Feminino,69,médio
1568,11,87,Médio,Médio,Sim,7,92,Médio,Sim,1,Médio,Médio,Público,Positivo,5,Não,Ensino Médio,Moderado,Feminino,67,médio
1569,17,69,Médio,Médio,Sim,7,70,Baixo,Sim,0,Baixo,Alto,Público,Neutro,3,Sim,Faculdade,Moderado,Masculino,61,médio
1570,25,84,Alto,Médio,Sim,5,91,Baixo,Sim,1,Médio,Médio,Público,Positivo,4,Sim,Pós-Graduação,Moderado,Feminino,70,médio
1571,12,83,Baixo,Médio,Sim,7,86,Baixo,Sim,1,Alto,Médio,Público,Negativo,4,Não,Faculdade,Perto,Feminino,65,médio
1572,22,79,Médio,Médio,Sim,7,91,Baixo,Sim,0,Baixo,Médio,Público,Positivo,4,Sim,Faculdade,Moderado,Masculino,66,médio
1573,12,82,Baixo,Médio,Sim,10,91,Médio,Sim,3,Baixo,Médio,Público,Negativo,3,Não,Pós-Graduação,Perto,Masculino,66,médio
1574,23,80,Médio,Alto,Sim,9,74,Médio,Sim,4,Médio,Médio,Público,Negativo,3,Não,Ensino Médio,Moderado,Masculino,69,médio
1575,20,83,Médio,Médio,Sim,7,68,Alto,Sim,1,Médio,Médio,Público,Positivo,1,Não,Ensino Médio,Perto,Feminino,67,médio
1576,10,89,Alto,Alto,Sim,7,88,Médio,Sim,2,Alto,Médio,Privado,Positivo,2,Não,Pós-Graduação,Perto,Feminino,71,médio
1577,27,64,Alto,Alto,Sim,9,68,Alto,Sim,1,Baixo,Alto,Privado,Neutro,4,Não,Ensino Médio,Perto,Masculino,68,médio
1578,16,90,Médio,Médio,Não,7,54,Alto,Não,2,Médio,Médio,Público,Positivo,3,Não,Ensino Médio,Perto,Feminino,67,médio
1579,15,65,Alto,Médio,Não,5,93,Baixo,Sim,2,Baixo,Médio,Público,Neutro,4,Sim,Ensino Médio,Perto,Feminino,63,médio
1580,21,63,Médio,Médio,Não,10,70,Baixo,Sim,1,Alto,Alto,Privado,Positivo,2,Não,Faculdade,Perto,Feminino,64,médio
1581,27,99,Alto,Médio,Sim,6,57,Médio,Sim,3,Baixo,Médio,Público,Neutro,3,Não,Faculdade,Moderado,Masculino,73,médio
1582,14,98,Médio,Médio,Sim,10,82,Alto,Sim,1,Baixo,Médio,Privado,Positivo,3,Não,Ensino Médio,Moderado,Masculino,69,médio
1583,20,62,Alto,Baixo,Não,8,94,Alto,Sim,1,Médio,Médio,Público,Positivo,3,Não,Ensino Médio,Perto,Feminino,65,médio
1584,23,78,Alto,Baixo,Sim,6,93,Médio,Sim,0,Médio,Alto,Privado,Positivo,5,Não,Pós-Graduação,Perto,Masculino,70,médio
1585,24,67,Alto,Médio,Sim,4,78,Baixo,Sim,1,Baixo,Alto,Público,Positivo,2,Não,Ensino Médio,Perto,Feminino,67,médio
1586,21,79,Médio,Baixo,Sim,8,54,Alto,Sim,3,Baixo,Médio,Público,Positivo,3,Não,Pós-Graduação,Moderado,Feminino,67,médio
1587,18,93,Médio,Alto,Sim,5,85,Médio,Sim,0,Baixo,Médio,Público,Positivo,3,Não,Ensino Médio,Perto,Masculino,70,médio
1588,15,98,Alto,Baixo,Não,8,80,Baixo,Não,2,Alto,Alto,Público,Negativo,2,Não,Pós-Graduação,Perto,Feminino,69,médio
1589,21,85,Alto,Médio,Não,10,61,Alto,Sim,2,Médio,Médio,Público,Neutro,2,Sim,Ensino Médio,Perto,Masculino,68,médio
1590,14,74,Médio,Alto,Não,5,95,Alto,Sim,1,Baixo,Alto,Público,Positivo,3,Sim,Faculdade,Perto,Masculino,66,médio
1591,2,84,Baixo,Alto,Não,8,54,Baixo,Sim,3,Baixo,Baixo,Público,Positivo,4,Não,Ensino Médio,Perto,Masculino,62,médio
1592,23,72,Médio,Médio,Sim,6,69,Baixo,Sim,2,Alto,Médio,Público,Positivo,4,Não,Ensino Médio,Perto,Masculino,67,médio
1593,25,96,Médio,Baixo,Sim,9,55,Alto,Sim,2,Médio,Alto,Público,Neutro,4,Não,Ensino Médio,Moderado,Masculino,71,médio
1594,6,95,Alto,Médio,Sim,7,96,Médio,Sim,4,Baixo,Médio,Público,Neutro,2,Não,Ensino Médio,Moderado,Feminino,68,médio
1595,14,82,Alto,Médio,Sim,7,52,Alto,Sim,3,Baixo,Médio,Público,Negativo,2,Não,Ensino Médio,Perto,Feminino,66,médio
1596,24,73,Baixo,Médio,Sim,9,71,Alto,Sim,0,Baixo,Médio,Público,Neutro,3,Não,Ensino Médio,Moderado,Masculino,64,médio
1597,32,72,Alto,Médio,Sim,8,93,Baixo,Sim,1,Baixo,Médio,Privado,Neutro,4,Não,Pós-Graduação,Perto,Feminino,71,médio
1598,20,61,Baixo,Baixo,Sim,6,63,Médio,Sim,1,Médio,Alto,Público,Positivo,4,Não,Faculdade,Longe,Masculino,61,médio
1599,16,93,Médio,Alto,Não,10,55,Médio,Não,2,Baixo,Médio,Público,Neutro,2,Não,Faculdade,Perto,Masculino,67,médio
1600,19,78,Médio,Baixo,Sim,5,56,Baixo,Sim,3,Alto,Médio,Público,Neutro,4,Não,Faculdade,Moderado,Feminino,65,médio
1601,28,73,Alto,Médio,Sim,7,70,Baixo,Não,0,Baixo,Médio,Privado,Negativo,6,Não,Faculdade,Moderado,Feminino,66,médio
1602,16,79,Alto,Alto,Sim,6,71,Médio,Sim,2,Baixo,Alto,Público,Neutro,4,Não,Ensino Médio,Perto,Feminino,68,médio
1603,15,93,Médio,Médio,Não,5,86,Médio,Sim,0,Baixo,Médio,Público,Neutro,2,Não,Faculdade,Longe,Masculino,66,médio
1604,17,65,Médio,Médio,Não,5,62,Médio,Sim,2,Médio,Médio,Público,Positivo,4,Não,Ensino Médio,Perto,Feminino,63,médio
1605,14,94,Baixo,Baixo,Sim,7,85,Baixo,Sim,1,Alto,Médio,Público,Neutro,3,Não,Ensino Médio,Moderado,Feminino,66,médio
1606,21,96,Médio,Alto,Não,8,100,Médio,Sim,1,Alto,Médio,Privado,Positivo,2,Não,Faculdade,Perto,Feminino,73,médio
1607,30,98,Médio,Baixo,Sim,9,93,Médio,Sim,1,Baixo,Baixo,Privado,Positivo,3,Não,Ensino Médio,Perto,Masculino,88,alto
1608,22,76,Médio,Médio,Não,9,82,Alto,Sim,0,Médio,Alto,Privado,Neutro,4,Não,Ensino Médio,Perto,Masculino,67,médio
1609,18,69,Alto,Alto,Sim,7,97,Médio,Sim,2,Médio,Médio,Público,Positivo,2,Não,Faculdade,Perto,Feminino,69,médio
1610,18,75,Médio,Baixo,Sim,6,100,Alto,Sim,2,Baixo,Médio,Público,Positivo,3,Não,Ensino Médio,Perto,Feminino,67,médio
1611,11,73,Médio,Alto,Sim,9,79,Médio,Sim,1,Baixo,Alto,Público,Neutro,2,Não,Ensino Médio,Perto,Masculino,64,médio
1612,25,67,Médio,Alto,Sim,6,64,Médio,Não,0,Baixo,Médio,Público,Neutro,2,Não,Ensino Médio,Moderado,Masculino,64,médio
1613,20,84,Baixo,Médio,Não,5,96,Baixo,Sim,1,Baixo,Médio,Público,Negativo,2,Não,Ensino Médio,Perto,Masculino,65,médio
1614,19,79,Médio,Médio,Não,8,92,Alto,Sim,1,Médio,Alto,Público,Positivo,2,Não,Ensino Médio,Perto,Masculino,68,médio
1615,39,95,Médio,Alto,Sim,9,54,Alto,Sim,2,Médio,Médio,Privado,Positivo,3,Não,Ensino Médio,Moderado,Masculino,77,médio
1616,22,61,Médio,Médio,Sim,6,97,Alto,Sim,0,Baixo,Alto,Público,Negativo,2,Sim,Ensino Médio,Perto,Masculino,63,médio
1617,15,86,Alto,Alto,Sim,10,68,Médio,Sim,0,Alto,Médio,Público,Neutro,5,Não,Faculdade,Perto,Masculino,69,médio
1618,17,91,Médio,Médio,Sim,8,66,Médio,Sim,3,Médio,Baixo,Público,Positivo,2,Não,Faculdade,Perto,Masculino,69,médio
1619,27,90,Médio,Baixo,Não,8,67,Médio,Sim,2,Médio,Médio,Público,Negativo,3,Não,Pós-Graduação,Perto,Masculino,70,médio
1620,21,95,Alto,Médio,Sim,6,66,Alto,Sim,1,Médio,Alto,Público,Positivo,4,Não,Faculdade,Perto,Masculino,73,médio
1621,11,89,Médio,Baixo,Sim,9,76,Médio,Sim,1,Médio,Alto,Público,Neutro,3,Não,Pós-Graduação,Longe,Masculino,66,médio
1622,26,97,Médio,Baixo,Não,5,79,Alto,Sim,2,Baixo,Baixo,Privado,Positivo,3,Não,Ensino Médio,Perto,Feminino,71,médio
1623,16,73,Médio,Baixo,Sim,6,71,Médio,Sim,2,Alto,Alto,Público,Positivo,5,Não,Faculdade,Perto,Masculino,66,médio
1624,31,80,Médio,Médio,Sim,6,71,Alto,Sim,2,Baixo,Alto,Público,Neutro,3,Não,Ensino Médio,Perto,Feminino,71,médio
1625,26,61,Médio,Baixo,Sim,5,87,Médio,Sim,3,Alto,Alto,Público,Positivo,2,Sim,Ensino Médio,Perto,Masculino,66,médio
1626,17,60,Médio,Alto,Sim,8,50,Alto,Sim,0,Baixo,Alto,Público,Positivo,4,Não,Ensino Médio,Perto,Feminino,63,médio
1627,28,70,Alto,Alto,Sim,8,97,Médio,Sim,5,Baixo,Baixo,Público,Negativo,5,Sim,Ensino Médio,Perto,Masculino,70,médio
1628,20,64,Alto,Médio,Sim,8,86,Médio,Sim,1,Médio,Médio,Público,Neutro,2,Não,Pós-Graduação,Perto,Masculino,66,médio
1629,25,70,Médio,Médio,Não,7,85,Médio,Sim,1,Médio,Médio,Público,Negativo,4,Não,Ensino Médio,Perto,Masculino,66,médio
1630,23,67,Médio,Médio,Não,8,71,Alto,Sim,2,Médio,Médio,Público,Neutro,4,Não,Faculdade,Moderado,Feminino,66,médio
1631,15,61,Médio,Médio,Não,7,98,Médio,Sim,1,Médio,Médio,Público,Neutro,3,Não,Ensino Médio,Perto,Masculino,62,médio
1632,16,96,Médio,Médio,Não,6,50,Alto,Sim,1,Médio,Alto,Público,Positivo,3,Não,Faculdade,Perto,Masculino,69,médio
1633,26,60,Baixo,Alto,Sim,6,54,Baixo,Sim,1,Baixo,Médio,Privado,Positivo,1,Não,Pós-Graduação,Moderado,Masculino,63,médio
1634,18,89,Médio,Baixo,Sim,4,90,Baixo,Sim,1,Alto,Médio,Público,Positivo,2,Sim,Pós-Graduação,Perto,Feminino,68,médio
1635,18,66,Médio,Alto,Não,9,87,Médio,Sim,1,Médio,Baixo,Privado,Positivo,3,Não,Ensino Médio,Moderado,Masculino,64,médio
1636,14,96,Baixo,Alto,Sim,9,64,Alto,Sim,2,Baixo,Alto,Público,Neutro,3,Não,Pós-Graduação,Moderado,Masculino,69,médio
1637,23,96,Baixo,Médio,Sim,10,80,Baixo,Sim,3,Baixo,Alto,Público,Positivo,3,Não,Ensino Médio,Perto,Masculino,71,médio
1638,32,86,Médio,Médio,Sim,6,77,Médio,Não,2,Médio,Baixo,Privado,Negativo,4,Não,Ensino Médio,Perto,Masculino,71,médio
1639,14,87,Médio,Médio,Não,6,76,Médio,Sim,1,Baixo,Médio,Privado,Positivo,4,Não,Faculdade,Longe,Feminino,66,médio
1640,20,60,Médio,Médio,Sim,4,80,Baixo,Sim,2,Alto,Médio,Privado,Positivo,3,Sim,Faculdade,Moderado,Masculino,63,médio
1641,28,99,Baixo,Médio,Sim,8,100,Baixo,Sim,0,Médio,Médio,Público,Positivo,2,Não,Ensino Médio,Longe,Masculino,72,médio
1642,20,95,Médio,Médio,Sim,8,99,Baixo,Não,1,Baixo,Médio,Privado,Neutro,3,Não,Faculdade,Perto,Feminino,70,médio
1643,23,96,Médio,Baixo,Não,9,99,Médio,Sim,0,Alto,Médio,Privado,Neutro,2,Não,Faculdade,Perto,Feminino,71,médio
1644,14,86,Baixo,Baixo,Sim,6,77,Médio,Sim,3,Alto,Médio,Privado,Neutro,3,Não,Ensino Médio,Longe,Masculino,65,médio
1645,23,74,Médio,Baixo,Sim,8,66,Baixo,Sim,0,Alto,Médio,Público,Negativo,4,Não,Pós-Graduação,Perto,Feminino,65,médio
1646,19,96,Baixo,Médio,Não,6,78,Alto,Sim,1,Baixo,Baixo,Público,Positivo,2,Não,Ensino Médio,Longe,Masculino,67,médio
1647,26,72,Alto,Médio,Não,9,81,Alto,Sim,0,Médio,Alto,Público,Neutro,3,Não,Ensino Médio,Perto,Masculino,68,médio
1648,27,83,Médio,Médio,Sim,8,66,Médio,Sim,3,Médio,Médio,Público,Positivo,4,Não,Faculdade,Longe,Feminino,70,médio
1649,36,64,Médio,Médio,Sim,5,82,Médio,Sim,2,Médio,Alto,Privado,Positivo,2,Não,Ensino Médio,Perto,Feminino,70,médio
1650,23,97,Baixo,Alto,Sim,7,81,Baixo,Sim,2,Médio,Alto,Público,Neutro,3,Não,Ensino Médio,Perto,Masculino,72,médio
1651,22,66,Médio,Alto,Não,4,95,Médio,Sim,1,Baixo,Baixo,Público,Neutro,5,Não,Faculdade,Moderado,Masculino,65,médio
1652,21,69,Médio,Médio,Sim,5,62,Alto,Sim,2,Baixo,Médio,Público,Positivo,3,Não,Ensino Médio,Perto,Masculino,65,médio
1653,18,82,Alto,Médio,Sim,5,85,Alto,Sim,3,Médio,Alto,Privado,Neutro,4,Não,Pós-Graduação,Perto,Masculino,71,médio
1654,22,91,Alto,Alto,Sim,6,73,Baixo,Sim,3,Alto,Médio,Público,Positivo,4,Não,Pós-Graduação,Perto,Masculino,74,médio
1655,18,85,Baixo,Médio,Não,7,56,Baixo,Sim,0,Baixo,Médio,Privado,Positivo,4,Não,Ensino Médio,Moderado,Masculino,64,médio
1656,21,69,Médio,Médio,Não,7,66,Alto,Sim,1,Médio,Médio,Privado,Neutro,4,Não,Ensino Médio,Longe,Feminino,64,médio
1657,28,60,Médio,Alto,Sim,7,53,Baixo,Sim,3,Baixo,Médio,Privado,Neutro,3,Não,Ensino Médio,Perto,Feminino,65,médio
1658,14,90,Baixo,Médio,Sim,7,66,Médio,Sim,1,Médio,Médio,Público,Neutro,5,Não,Faculdade,Perto,Masculino,67,médio
1659,27,99,Alto,Médio,Não,7,53,Baixo,Sim,2,Baixo,Alto,Público,Neutro,3,Não,Faculdade,Perto,Masculino,73,médio
1660,28,92,Baixo,Alto,Não,5,96,Alto,Sim,1,Médio,Baixo,Público,Neutro,3,Não,Faculdade,Moderado,Masculino,72,médio
1661,19,78,Médio,Médio,Não,7,55,Baixo,Sim,0,Médio,Médio,Público,Positivo,3,Não,Faculdade,Perto,Masculino,65,médio
1662,7,96,Médio,Alto,Não,9,91,Médio,Sim,0,Baixo,Médio,Público,Neutro,4,Não,Faculdade,Perto,Masculino,67,médio
1663,16,76,Médio,Médio,Sim,7,95,Baixo,Sim,2,Médio,Médio,Público,Negativo,3,Não,Ensino Médio,Perto,Feminino,66,médio
1664,28,81,Alto,Médio,Sim,8,73,Baixo,Sim,0,Médio,Alto,Público,Negativo,3,Não,Pós-Graduação,Perto,Masculino,70,médio
1665,20,79,Alto,Médio,Não,8,53,Médio,Sim,2,Médio,Médio,Privado,Neutro,3,Não,Ensino Médio,Moderado,Feminino,66,médio
1666,14,78,Alto,Alto,Sim,8,80,Baixo,Sim,1,Médio,Médio,Público,Neutro,1,Não,Ensino Médio,Perto,Feminino,66,médio
1667,17,91,Médio,Baixo,Sim,7,62,Baixo,Sim,3,Alto,Médio,Público,Negativo,3,Não,Pós-Graduação,Perto,Masculino,68,médio
1668,25,81,Baixo,Médio,Sim,8,59,Baixo,Sim,3,Baixo,Médio,Público,Positivo,4,Não,Faculdade,Perto,Masculino,68,médio
1669,23,73,Alto,Alto,Não,8,78,Baixo,Sim,0,Alto,Médio,Público,Neutro,4,Não,Ensino Médio,Moderado,Feminino,67,médio
1670,19,70,Alto,Médio,Sim,8,68,Alto,Não,1,Baixo,Médio,Público,Positivo,3,Não,Faculdade,Perto,Feminino,65,médio
1671,18,62,Médio,Baixo,Sim,8,87,Médio,Sim,4,Baixo,Médio,Público,Positivo,4,Não,Faculdade,Perto,Feminino,64,médio
1672,18,83,Alto,Médio,Não,5,80,Alto,Sim,1,Alto,Alto,Público,Positivo,2,Não,Faculdade,Perto,Masculino,70,médio
1673,14,69,Baixo,Médio,Não,5,91,Médio,Sim,0,Alto,Médio,Público,Positivo,3,Não,Faculdade,Moderado,Masculino,63,médio
1674,30,66,Médio,Alto,Não,6,53,Baixo,Não,2,Baixo,Médio,Público,Positivo,2,Não,Ensino Médio,Perto,Masculino,65,médio
1675,18,86,Baixo,Médio,Sim,9,62,Médio,Sim,4,Médio,Médio,Público,Negativo,2,Sim,Pós-Graduação,Perto,Feminino,67,médio
1676,27,87,Médio,Médio,Sim,7,78,Baixo,Sim,3,Baixo,Médio,Privado,Negativo,5,Não,Ensino Médio,Perto,Feminino,71,médio
1677,29,90,Alto,Médio,Sim,7,94,Médio,Sim,1,Baixo,Baixo,Privado,Neutro,4,Não,Ensino Médio,Perto,Feminino,73,médio
1678,26,80,Médio,Médio,Não,4,91,Baixo,Sim,1,Baixo,Médio,Privado,Neutro,3,Não,Ensino Médio,Longe,Masculino,67,médio
1679,17,96,Alto,Médio,Sim,7,84,Médio,Sim,2,Baixo,Alto,Privado,Positivo,3,Não,Faculdade,Perto,Feminino,72,médio
1680,22,97,Médio,Médio,Não,7,79,Alto,Sim,2,Médio,Alto,Público,Positivo,0,Não,Ensino Médio,Longe,Masculino,71,médio
1681,20,92,Médio,Alto,Sim,4,82,Alto,Sim,0,Médio,Médio,Público,Neutro,4,Não,Pós-Graduação,Perto,Masculino,72,médio
1682,15,85,Alto,Alto,Sim,7,61,Médio,Sim,1,Médio,Alto,Público,Negativo,3,Não,Ensino Médio,Perto,Masculino,68,médio
1683,22,72,Baixo,Baixo,Sim,5,80,Médio,Sim,2,Baixo,Alto,Público,Neutro,3,Não,Faculdade,Perto,Feminino,65,médio
1684,13,99,Alto,Médio,Não,6,75,Baixo,Sim,1,Médio,Médio,Público,Positivo,4,Sim,Faculdade,Longe,Feminino,68,médio
1685,27,71,Médio,Baixo,Não,8,69,Médio,Sim,1,Alto,Médio,Público,Positivo,4,Não,Faculdade,Perto,Masculino,67,médio
1686,17,68,Médio,Médio,Não,7,94,Alto,Sim,1,Alto,Médio,Privado,Neutro,4,Não,Faculdade,Moderado,Feminino,66,médio
1687,21,78,Médio,Baixo,Sim,6,91,Médio,Sim,0,Médio,Baixo,Privado,Neutro,1,Sim,Ensino Médio,Perto,Masculino,64,médio
1688,22,62,Alto,Médio,Não,6,54,Médio,Sim,3,Baixo,Médio,Privado,Neutro,3,Não,Pós-Graduação,Perto,Masculino,65,médio
1689,18,99,Médio,Médio,Não,6,99,Médio,Sim,0,Baixo,Médio,Público,Neutro,3,Não,Ensino Médio,Moderado,Masculino,69,médio
1690,24,84,Médio,Médio,Sim,7,61,Médio,Sim,2,Médio,Médio,Público,Positivo,2,Não,Ensino Médio,Longe,Masculino,68,médio
1691,17,82,Alto,Alto,Não,5,61,Médio,Sim,3,Médio,Médio,Público,Neutro,4,Não,Pós-Graduação,Perto,Masculino,69,médio
1692,25,86,Médio,Médio,Sim,9,97,Baixo,Sim,1,Alto,Médio,Privado,Neutro,3,Não,Ensino Médio,Moderado,Masculino,70,médio
1693,12,80,Alto,Médio,Não,5,72,Médio,Sim,1,Alto,Médio,Privado,Positivo,4,Sim,Ensino Médio,Perto,Feminino,65,médio
1694,21,61,Médio,Médio,Não,4,90,Baixo,Sim,2,Médio,Baixo,Público,Neutro,3,Não,Ensino Médio,Perto,Masculino,63,médio
1695,32,84,Baixo,Médio,Sim,8,64,Médio,Sim,1,Baixo,Alto,Privado,Positivo,3,Não,Faculdade,Perto,Feminino,71,médio
1696,14,89,Médio,Alto,Sim,6,94,Baixo,Sim,0,Baixo,Médio,Privado,Neutro,2,Não,Pós-Graduação,Perto,Masculino,68,médio
1697,16,77,Médio,Médio,Sim,7,92,Alto,Sim,5,Baixo,Alto,Público,Positivo,3,Não,Pós-Graduação,Perto,Feminino,70,médio
1698,23,90,Médio,Alto,Sim,8,76,Alto,Sim,2,Médio,Baixo,Público,Positivo,3,Não,Ensino Médio,Perto,Feminino,72,médio
1699,21,69,Médio,Médio,Sim,6,85,Médio,Sim,3,Baixo,Baixo,Público,Neutro,1,Não,Faculdade,Longe,Feminino,64,médio
1700,22,69,Baixo,Médio,Não,7,98,Baixo,Sim,0,Baixo,Médio,Público,Positivo,2,Não,Pós-Graduação,Moderado,Masculino,64,médio
1701,23,66,Médio,Baixo,Sim,8,73,Alto,Sim,2,Alto,Médio,Público,Positivo,2,Não,Faculdade,Perto,Feminino,66,médio
1702,24,75,Médio,Alto,Sim,9,75,Alto,Sim,0,Médio,Alto,Público,Positivo,3,Não,Faculdade,Longe,Masculino,69,médio
1703,27,94,Médio,Baixo,Não,6,86,Médio,Sim,2,Médio,Médio,Privado,Neutro,2,Não,Ensino Médio,Perto,Feminino,71,médio
1704,22,93,Médio,Alto,Sim,6,69,Alto,Sim,0,Alto,Baixo,Público,Negativo,3,Sim,Ensino Médio,Perto,Masculino,69,médio
1705,19,75,Alto,Médio,Não,8,98,Baixo,Sim,1,Baixo,Médio,Público,Neutro,3,Não,Pós-Graduação,Moderado,Masculino,67,médio
1706,24,84,Baixo,Médio,Sim,7,52,Médio,Sim,0,Baixo,Alto,Público,Neutro,3,Não,Ensino Médio,Perto,Masculino,66,médio
1707,31,89,Médio,Médio,Não,7,70,Médio,Sim,2,Baixo,Alto,Público,Positivo,2,Não,Ensino Médio,Moderado,Feminino,71,médio
1708,19,70,Médio,Baixo,Sim,9,86,Baixo,Sim,2,Alto,Médio,Público,Neutro,2,Sim,Ensino Médio,Perto,Masculino,63,médio
1709,14,67,Médio,Baixo,Não,4,71,Médio,Sim,0,Alto,Médio,Público,Neutro,4,Não,Faculdade,Perto,Feminino,62,médio
1710,27,99,Médio,Alto,Não,5,63,Médio,Sim,0,Médio,Alto,Público,Neutro,4,Não,Ensino Médio,Perto,Feminino,73,médio
1711,19,85,Alto,Médio,Não,4,71,Baixo,Sim,1,Médio,Alto,Público,Negativo,3,Não,Ensino Médio,Longe,Feminino,66,médio
1712,7,99,Alto,Médio,Sim,9,94,Médio,Sim,3,Alto,Alto,Público,Positivo,2,Não,Pós-Graduação,Moderado,Masculino,72,médio
1713,25,74,Alto,Baixo,Sim,8,77,Baixo,Sim,1,Baixo,Médio,Público,Neutro,2,Não,Pós-Graduação,Moderado,Feminino,67,médio
1714,17,88,Baixo,Baixo,Não,5,67,Médio,Não,0,Médio,Alto,Público,Neutro,3,Não,Pós-Graduação,Perto,Masculino,65,médio
1715,19,69,Médio,Médio,Sim,7,84,Médio,Sim,2,Médio,Médio,Público,Neutro,4,Não,Ensino Médio,Perto,Masculino,66,médio
1716,22,70,Alto,Médio,Sim,7,81,Baixo,Sim,3,Médio,Médio,Público,Neutro,2,Não,Pós-Graduação,Moderado,Feminino,68,médio
1717,21,80,Médio,Alto,Sim,4,78,Médio,Sim,1,Médio,Alto,Privado,Neutro,4,Não,Ensino Médio,Perto,Feminino,69,médio
1718,24,73,Alto,Médio,Sim,7,70,Médio,Sim,0,Alto,Médio,Público,Negativo,3,Não,Pós-Graduação,Perto,Feminino,68,médio
1719,17,67,Médio,Alto,Sim,5,54,Médio,Sim,0,Baixo,Médio,Público,Negativo,2,Não,Ensino Médio,Moderado,Masculino,61,médio
1720,23,71,Alto,Baixo,Sim,8,81,Médio,Sim,3,Médio,Alto,Privado,Positivo,2,Não,Ensino Médio,Perto,Masculino,68,médio
1721,18,61,Alto,Baixo,Sim,5,71,Baixo,Sim,3,Alto,Alto,Privado,Neutro,3,Não,Faculdade,Perto,Masculino,64,médio
1722,24,88,Médio,Baixo,Sim,7,71,Baixo,Não,1,Baixo,Alto,Público,Neutro,3,Não,Faculdade,Moderado,Masculino,67,médio
1723,24,80,Baixo,Alto,Sim,9,62,Alto,Sim,3,Alto,Baixo,Público,Neutro,3,Não,Ensino Médio,Moderado,Masculino,68,médio
1724,14,64,Médio,Alto,Não,8,62,Baixo,Sim,1,Médio,Alto,Público,Positivo,4,Sim,Ensino Médio,Moderado,Masculino,61,médio
1725,27,67,Alto,Baixo,Não,8,89,Baixo,Sim,1,Baixo,Baixo,Público,Positivo,3,Não,Pós-Graduação,Perto,Feminino,66,médio
1726,17,64,Alto,Baixo,Sim,7,74,Baixo,Sim,2,Médio,Baixo,Público,Positivo,2,Não,Pós-Graduação,Perto,Feminino,64,médio
1727,25,85,Baixo,Médio,Não,5,55,Baixo,Sim,3,Alto,Médio,Público,Negativo,3,Não,Ensino Médio,Moderado,Feminino,67,médio
1728,22,64,Médio,Alto,Não,6,52,Baixo,Sim,2,Alto,Médio,Privado,Negativo,4,Não,Faculdade,Moderado,Feminino,64,médio
1729,31,90,Alto,Alto,Não,7,61,Baixo,Sim,0,Baixo,Médio,Público,Positivo,3,Não,Ensino Médio,Perto,Masculino,72,médio
1730,19,61,Médio,Médio,Não,7,74,Baixo,Sim,2,Alto,Médio,Público,Negativo,3,Não,Pós-Graduação,Longe,Masculino,62,médio
1731,18,70,Alto,Médio,Sim,5,81,Baixo,Sim,2,Baixo,Médio,Privado,Negativo,2,Não,Ensino Médio,Longe,Feminino,63,médio
1732,20,96,Alto,Alto,Não,8,57,Baixo,Sim,1,Baixo,Médio,Privado,Neutro,4,Não,Ensino Médio,Perto,Masculino,70,médio
1733,18,89,Alto,Médio,Não,5,72,Baixo,Sim,3,Médio,Médio,Público,Positivo,3,Não,Faculdade,Moderado,Masculino,69,médio
1734,25,63,Baixo,Médio,Sim,9,54,Médio,Sim,3,Médio,Baixo,Público,Positivo,2,Não,Ensino Médio,Perto,Masculino,64,médio
1735,10,93,Baixo,Médio,Não,7,52,Médio,Sim,2,Médio,Médio,Público,Positivo,3,Não,Pós-Graduação,Perto,Masculino,66,médio
1736,14,80,Baixo,Médio,Sim,8,93,Médio,Sim,3,Baixo,Alto,Privado,Positivo,4,Não,Ensino Médio,Perto,Feminino,67,médio
1737,14,94,Alto,Alto,Sim,8,83,Médio,Sim,4,Médio,Baixo,Público,Negativo,5,Sim,Pós-Graduação,Perto,Feminino,71,médio
1738,26,84,Médio,Alto,Sim,10,89,Médio,Sim,0,Baixo,Alto,Privado,Positivo,1,Não,Ensino Médio,Longe,Feminino,70,médio
1739,30,87,Baixo,Médio,Não,7,59,Médio,Sim,2,Médio,Médio,Público,Neutro,3,Não,Ensino Médio,Moderado,Masculino,69,médio
1740,19,100,Médio,Baixo,Não,6,66,Alto,Sim,0,Baixo,Médio,Público,Neutro,3,Não,Ensino Médio,Moderado,Masculino,68,médio
1741,19,69,Médio,Alto,Sim,6,72,Médio,Não,1,Baixo,Médio,Público,Neutro,1,Não,Faculdade,Perto,Feminino,64,médio
1742,20,85,Alto,Médio,Sim,9,83,Baixo,Sim,3,Médio,Médio,Público,Positivo,3,Sim,Faculdade,Perto,Masculino,70,médio
1743,27,78,Alto,Baixo,Sim,5,77,Médio,Sim,0,Médio,Baixo,Privado,Neutro,3,Não,Pós-Graduação,Perto,Masculino,69,médio
1744,14,62,Médio,Médio,Sim,6,78,Médio,Sim,0,Alto,Médio,Público,Positivo,2,Não,Faculdade,Perto,Feminino,63,médio
1745,21,61,Baixo,Médio,Não,7,58,Médio,Sim,1,Médio,Baixo,Público,Negativo,3,Não,Ensino Médio,Perto,Feminino,60,baixo
1746,26,65,Alto,Baixo,Não,7,74,Médio,Sim,2,Baixo,Médio,Público,Negativo,4,Não,Ensino Médio,Perto,Feminino,65,médio
1747,23,86,Médio,Médio,Não,8,91,Médio,Sim,0,Baixo,Médio,Público,Negativo,0,Não,Ensino Médio,Perto,Masculino,67,médio
1748,21,83,Médio,Baixo,Não,5,75,Baixo,Sim,1,Médio,Médio,Público,Negativo,4,Não,Faculdade,Perto,Masculino,66,médio
1749,26,82,Baixo,Alto,Não,7,60,Médio,Não,3,Baixo,Médio,Público,Neutro,3,Não,Pós-Graduação,Perto,Feminino,68,médio
1750,4,61,Baixo,Alto,Sim,7,71,Alto,Sim,0,Baixo,Baixo,Público,Positivo,1,Não,Pós-Graduação,Perto,Masculino,58,baixo
1751,24,79,Baixo,Alto,Sim,5,88,Médio,Sim,0,Médio,Médio,Público,Neutro,3,Não,Ensino Médio,Moderado,Feminino,67,médio
1752,16,97,Médio,Médio,Sim,8,57,Baixo,Sim,0,Médio,Médio,Público,Positivo,4,Sim,Ensino Médio,Perto,Masculino,68,médio
1753,9,76,Médio,Médio,Sim,7,79,Médio,Sim,1,Baixo,Médio,Público,Neutro,3,Não,Ensino Médio,Perto,Feminino,62,médio
1754,23,85,Baixo,Alto,Não,7,98,Alto,Não,2,Baixo,Médio,Público,Negativo,3,Não,Pós-Graduação,Moderado,Feminino,69,médio
1755,28,91,Médio,Alto,Sim,6,69,Alto,Sim,1,Médio,Alto,Privado,Neutro,4,Não,Ensino Médio,Longe,Masculino,73,médio
1756,19,91,Alto,Baixo,Não,6,52,Médio,Sim,2,Baixo,Médio,Público,Negativo,4,Sim,Ensino Médio,Moderado,Masculino,66,médio
1757,26,81,Baixo,Médio,Sim,5,82,Médio,Sim,0,Médio,Médio,Público,Negativo,5,Sim,Pós-Graduação,Perto,Feminino,67,médio
1758,30,94,Médio,Médio,Não,8,52,Médio,Sim,1,Médio,Baixo,Público,Neutro,4,Não,Ensino Médio,Perto,Feminino,71,médio
1759,28,76,Médio,Médio,Sim,9,60,Médio,Sim,1,Baixo,Médio,Público,Neutro,2,Não,Ensino Médio,Longe,Masculino,66,médio
1760,30,96,Alto,Médio,Sim,10,52,Médio,Sim,0,Alto,Alto,Público,Positivo,4,Não,Faculdade,Moderado,Feminino,74,médio
1761,24,70,Médio,Alto,Não,8,59,Baixo,Sim,2,Baixo,Alto,Público,Positivo,5,Não,Ensino Médio,Perto,Masculino,67,médio
1762,20,71,Alto,Médio,Não,6,93,Alto,Sim,2,Médio,Alto,Público,Negativo,2,Não,Pós-Graduação,Perto,Masculino,68,médio
1763,10,62,Médio,Médio,Não,6,87,Alto,Sim,2,Baixo,Alto,Público,Neutro,3,Não,Ensino Médio,Perto,Masculino,61,médio
1764,19,92,Médio,Alto,Não,8,67,Médio,Sim,2,Médio,Médio,Privado,Negativo,2,Não,Ensino Médio,Perto,Feminino,69,médio
1765,15,77,Baixo,Médio,Sim,7,95,Baixo,Sim,4,Baixo,Médio,Público,Positivo,4,Não,Ensino Médio,Moderado,Masculino,65,médio
1766,33,69,Médio,Alto,Sim,7,83,Médio,Sim,2,Médio,Baixo,Público,Neutro,2,Não,Pós-Graduação,Perto,Masculino,71,médio
1767,19,69,Médio,Baixo,Não,7,72,Médio,Sim,1,Baixo,Baixo,Público,Positivo,2,Não,Ensino Médio,Longe,Feminino,61,médio
1768,21,96,Médio,Alto,Sim,9,53,Médio,Sim,0,Baixo,Alto,Público,Neutro,3,Não,Faculdade,Perto,Masculino,70,médio
1769,23,93,Médio,Baixo,Não,6,87,Médio,Sim,2,Médio,Médio,Privado,Neutro,3,Não,Ensino Médio,Moderado,Masculino,70,médio
1770,20,82,Médio,Alto,Sim,9,69,Baixo,Sim,1,Médio,Médio,Público,Positivo,3,Não,Faculdade,Perto,Masculino,69,médio
1771,30,85,Alto,Baixo,Sim,7,65,Alto,Sim,2,Baixo,Médio,Público,Negativo,3,Não,Ensino Médio,Perto,Feminino,70,médio
1772,16,79,Alto,Médio,Sim,6,64,Médio,Sim,4,Baixo,Baixo,Público,Positivo,4,Sim,Faculdade,Perto,Masculino,67,médio
1773,21,76,Baixo,Médio,Não,6,50,Baixo,Sim,2,Baixo,Médio,Público,Negativo,4,Não,Pós-Graduação,Moderado,Feminino,63,médio
1774,16,97,Médio,Médio,Não,7,87,Médio,Sim,1,Alto,Médio,Público,Neutro,3,Não,Ensino Médio,Perto,Feminino,70,médio
1775,12,65,Médio,Médio,Não,8,57,Médio,Sim,1,Alto,Alto,Privado,Positivo,5,Sim,Ensino Médio,Perto,Feminino,61,médio
1776,16,77,Baixo,Alto,Sim,6,76,Baixo,Sim,1,Baixo,Médio,Público,Neutro,1,Não,Pós-Graduação,Moderado,Feminino,64,médio
1777,20,74,Médio,Médio,Sim,8,51,Alto,Sim,2,Médio,Médio,Público,Negativo,3,Não,Faculdade,Perto,Masculino,65,médio
1778,17,80,Médio,Médio,Não,6,81,Médio,Sim,1,Médio,Alto,Público,Neutro,1,Não,Faculdade,Longe,Masculino,65,médio
1779,16,78,Médio,Baixo,Sim,7,68,Alto,Sim,3,Baixo,Alto,Privado,Positivo,3,Não,Pós-Graduação,Longe,Feminino,66,médio
1780,12,81,Alto,Alto,Sim,5,82,Baixo,Sim,1,Médio,Alto,Público,Positivo,3,Não,Ensino Médio,Longe,Feminino,66,médio
1781,20,66,Baixo,Médio,Sim,8,54,Médio,Sim,2,Médio,Baixo,Público,Positivo,2,Não,Pós-Graduação,Perto,Masculino,63,médio
1782,11,81,Baixo,Alto,Sim,7,63,Médio,Sim,3,Médio,Médio,Público,Neutro,2,Não,Pós-Graduação,Perto,Masculino,66,médio
1783,25,70,Médio,Médio,Sim,9,56,Alto,Sim,0,Baixo,Médio,Público,Positivo,1,Não,Ensino Médio,Longe,Masculino,64,médio
1784,20,67,Alto,Baixo,Não,8,82,Médio,Sim,3,Baixo,Alto,Público,Neutro,4,Sim,Ensino Médio,Perto,Masculino,65,médio
1785,11,63,Alto,Médio,Não,7,55,Baixo,Sim,3,Alto,Médio,Privado,Positivo,1,Não,Pós-Graduação,Perto,Masculino,62,médio
1786,18,91,Baixo,Alto,Sim,9,81,Alto,Sim,4,Alto,Médio,Público,Neutro,5,Não,Ensino Médio,Moderado,Masculino,71,médio
1787,15,77,Médio,Médio,Sim,8,57,Baixo,Sim,1,Baixo,Médio,Público,Neutro,2,Não,Faculdade,Perto,Masculino,63,médio
1788,22,85,Médio,Alto,Não,9,97,Alto,Sim,0,Médio,Alto,Público,Negativo,3,Não,Faculdade,Moderado,Masculino,70,médio
1789,28,89,Médio,Baixo,Sim,6,71,Baixo,Sim,2,Baixo,Médio,Privado,Neutro,4,Não,Faculdade,Moderado,Masculino,70,médio
1790,9,87,Médio,Médio,Não,8,56,Médio,Sim,1,Médio,Alto,Público,Positivo,3,Não,Faculdade,Moderado,Feminino,65,médio
1791,21,79,Alto,Alto,Sim,8,52,Médio,Sim,1,Baixo,Médio,Público,Neutro,3,Sim,Ensino Médio,Perto,Feminino,66,médio
1792,19,76,Médio,Baixo,Sim,5,66,Médio,Sim,2,Médio,Médio,Privado,Positivo,4,Não,Faculdade,Perto,Feminino,66,médio
1793,24,75,Médio,Baixo,Não,9,95,Alto,Sim,0,Médio,Alto,Público,Positivo,2,Não,Faculdade,Perto,Masculino,68,médio
1794,21,86,Alto,Alto,Não,5,57,Médio,Sim,1,Baixo,Médio,Privado,Negativo,3,Não,Ensino Médio,Perto,Masculino,68,médio
1795,15,80,Alto,Médio,Sim,5,90,Médio,Sim,4,Médio,Alto,Privado,Neutro,3,Não,Ensino Médio,Perto,Feminino,69,médio
1796,18,94,Médio,Médio,Sim,4,71,Médio,Sim,3,Alto,Baixo,Público,Positivo,3,Não,Faculdade,Perto,Feminino,71,médio
1797,15,95,Médio,Médio,Sim,8,90,Baixo,Sim,2,Baixo,Médio,Privado,Negativo,1,Não,Pós-Graduação,Perto,Masculino,69,médio
1798,26,67,Médio,Alto,Sim,5,94,Médio,Sim,0,Médio,Médio,Público,Positivo,2,Não,Faculdade,Perto,Masculino,68,médio
1799,20,65,Médio,Alto,Sim,6,100,Médio,Sim,2,Baixo,Alto,Público,Neutro,5,Não,Ensino Médio,Moderado,Masculino,67,médio
1800,31,85,Alto,Médio,Não,8,53,Médio,Sim,2,Baixo,Alto,Público,Positivo,3,Não,Ensino Médio,Perto,Masculino,72,médio
1801,20,72,Alto,Médio,Sim,7,90,Alto,Sim,2,Médio,Médio,Público,Neutro,3,Não,Ensino Médio,Perto,Masculino,68,médio
1802,16,61,Alto,Médio,Sim,6,53,Baixo,Sim,0,Alto,Médio,Público,Positivo,4,Sim,Ensino Médio,Moderado,Feminino,60,baixo
1803,11,96,Médio,Alto,Não,5,66,Alto,Sim,2,Baixo,Médio,Público,Neutro,4,Não,Ensino Médio,Moderado,Masculino,68,médio
1804,9,69,Alto,Médio,Sim,7,82,Alto,Sim,1,Alto,Alto,Público,Positivo,2,Não,Ensino Médio,Perto,Feminino,65,médio
1805,10,97,Baixo,Alto,Não,8,72,Alto,Sim,0,Baixo,Médio,Público,Neutro,3,Não,Pós-Graduação,Moderado,Feminino,67,médio
1806,22,89,Baixo,Médio,Não,8,78,Baixo,Sim,4,Alto,Médio,Privado,Positivo,3,Não,Ensino Médio,Perto,Feminino,70,médio
1807,23,91,Médio,Baixo,Sim,10,98,Alto,Sim,0,Baixo,Alto,Privado,Negativo,3,Não,Ensino Médio,Perto,Feminino,70,médio
1808,11,68,Médio,Médio,Não,6,91,Baixo,Sim,3,Baixo,Alto,Público,Negativo,2,Não,Faculdade,Longe,Feminino,61,médio
1809,25,69,Alto,Baixo,Sim,5,68,Médio,Sim,2,Alto,Alto,Público,Positivo,4,Não,Faculdade,Longe,Masculino,68,médio
1810,17,81,Médio,Alto,Não,7,80,Alto,Sim,1,Baixo,Médio,Público,Negativo,3,Não,Pós-Graduação,Perto,Feminino,67,médio
1811,21,67,Médio,Alto,Não,7,52,Médio,Sim,3,Baixo,Médio,Público,Negativo,3,Sim,Ensino Médio,Moderado,Feminino,62,médio
1812,30,72,Médio,Baixo,Não,7,73,Médio,Sim,0,Alto,Médio,Público,Neutro,4,Não,Ensino Médio,Moderado,Masculino,66,médio
1813,25,73,Alto,Médio,Sim,6,80,Médio,Sim,3,Alto,Médio,Público,Positivo,2,Não,Ensino Médio,Longe,Feminino,69,médio
1814,18,66,Médio,Alto,Sim,4,86,Médio,Sim,2,Médio,Médio,Público,Negativo,4,Não,Faculdade,Perto,Feminino,66,médio
1815,15,68,Médio,Médio,Sim,5,95,Médio,Sim,0,Alto,Médio,Público,Negativo,5,Não,Faculdade,Perto,Feminino,64,médio
1816,7,92,Alto,Médio,Não,8,64,Alto,Sim,1,Baixo,Baixo,Público,Neutro,4,Não,Pós-Graduação,Perto,Masculino,66,médio
1817,16,67,Médio,Médio,Não,7,95,Baixo,Sim,2,Médio,Médio,Público,Neutro,5,Sim,Ensino Médio,Perto,Masculino,63,médio
1818,19,61,Baixo,Alto,Sim,8,83,Baixo,Sim,1,Médio,Médio,Privado,Negativo,3,Não,Ensino Médio,Perto,Masculino,62,médio
1819,14,85,Médio,Médio,Sim,8,54,Baixo,Sim,1,Alto,Médio,Privado,Negativo,4,Não,Pós-Graduação,Moderado,Masculino,65,médio
1820,19,99,Baixo,Alto,Não,8,69,Baixo,Sim,0,Alto,Médio,Privado,Negativo,2,Não,Ensino Médio,Moderado,Masculino,68,médio
1821,20,73,Alto,Alto,Sim,8,74,Baixo,Sim,1,Baixo,Baixo,Privado,Negativo,4,Não,Ensino Médio,Moderado,Masculino,65,médio
1822,19,65,Médio,Alto,Sim,7,68,Baixo,Sim,1,Baixo,Baixo,Público,Neutro,4,Não,Faculdade,Perto,Feminino,63,médio
1823,16,83,Alto,Alto,Sim,7,56,Médio,Sim,3,Médio,Médio,Público,Negativo,2,Não,Ensino Médio,Perto,Masculino,68,médio
1824,21,96,Médio,Alto,Sim,4,78,Baixo,Sim,2,Alto,Médio,Privado,Positivo,2,Não,Ensino Médio,Perto,Masculino,72,médio
1825,23,91,Alto,Baixo,Não,6,57,Médio,Sim,2,Baixo,Médio,Privado,Positivo,3,Não,Ensino Médio,Perto,Masculino,69,médio
1826,13,85,Baixo,Médio,Não,6,96,Baixo,Sim,1,Baixo,Alto,Público,Positivo,5,Não,Pós-Graduação,Longe,Masculino,66,médio
1827,28,73,Baixo,Baixo,Sim,7,93,Alto,Sim,2,Baixo,Alto,Privado,Neutro,3,Não,Faculdade,Perto,Masculino,68,médio
1828,19,82,Baixo,Baixo,Não,6,74,Médio,Sim,1,Médio,Alto,Público,Neutro,2,Não,Ensino Médio,Moderado,Masculino,64,médio
1829,20,64,Médio,Baixo,Sim,8,53,Baixo,Sim,1,Baixo,Médio,Público,Positivo,2,Não,Ensino Médio,Perto,Masculino,61,médio
1830,24,87,Baixo,Médio,Não,6,78,Alto,Sim,0,Baixo,Baixo,Público,Neutro,2,Sim,Pós-Graduação,Perto,Masculino,67,médio
1831,21,89,Médio,Baixo,Sim,9,80,Médio,Sim,0,Médio,Baixo,Público,Neutro,3,Não,Pós-Graduação,Moderado,Masculino,68,médio
1832,26,99,Médio,Médio,Não,6,94,Alto,Sim,2,Médio,Médio,Público,Positivo,3,Não,Ensino Médio,Perto,Masculino,74,médio
1833,22,70,Médio,Alto,Sim,6,53,Médio,Sim,3,Médio,Alto,Público,Positivo,2,Não,Ensino Médio,Perto,Feminino,67,médio
1834,16,61,Médio,Alto,Sim,6,85,Médio,Sim,2,Médio,Médio,Privado,Positivo,3,Não,Ensino Médio,Perto,Masculino,64,médio
1835,22,82,Baixo,Alto,Não,6,78,Médio,Sim,3,Médio,Alto,Público,Neutro,3,Não,Ensino Médio,Moderado,Masculino,69,médio
1836,13,88,Alto,Médio,Sim,9,59,Médio,Sim,0,Baixo,Médio,Privado,Negativo,3,Sim,Ensino Médio,Longe,Feminino,63,médio
1837,21,92,Médio,Médio,Não,7,56,Médio,Sim,0,Baixo,Médio,Privado,Neutro,4,Não,Ensino Médio,Moderado,Feminino,67,médio
1838,20,68,Alto,Médio,Sim,7,85,Médio,Sim,1,Médio,Médio,Público,Neutro,3,Não,Faculdade,Longe,Masculino,65,médio
1839,19,70,Médio,Médio,Sim,6,67,Médio,Sim,5,Médio,Baixo,Público,Positivo,4,Não,Pós-Graduação,Moderado,Feminino,67,médio
1840,19,81,Alto,Médio,Não,7,100,Médio,Sim,1,Baixo,Médio,Privado,Negativo,5,Não,Pós-Graduação,Moderado,Feminino,68,médio
1841,9,73,Médio,Baixo,Sim,7,95,Médio,Não,3,Baixo,Médio,Privado,Negativo,3,Não,Pós-Graduação,Perto,Masculino,62,médio
1842,17,94,Alto,Médio,Sim,7,78,Médio,Sim,1,Baixo,Alto,Público,Neutro,3,Não,Faculdade,Perto,Feminino,70,médio
1843,21,79,Baixo,Alto,Sim,7,82,Médio,Sim,1,Alto,Médio,Público,Negativo,3,Não,Ensino Médio,Perto,Feminino,67,médio
1844,21,92,Alto,Alto,Sim,9,58,Médio,Sim,2,Alto,Médio,Público,Neutro,5,Não,Ensino Médio,Moderado,Feminino,89,alto
1845,14,83,Alto,Médio,Sim,7,95,Baixo,Sim,1,Baixo,Médio,Privado,Neutro,2,Sim,Ensino Médio,Perto,Feminino,65,médio
1846,28,91,Baixo,Médio,Sim,5,73,Médio,Não,2,Médio,Médio,Público,Neutro,2,Não,Ensino Médio,Perto,Feminino,69,médio
1847,15,73,Médio,Médio,Não,7,76,Alto,Sim,2,Baixo,Médio,Público,Positivo,4,Não,Ensino Médio,Longe,Feminino,64,médio
1848,26,93,Alto,Baixo,Não,6,94,Médio,Sim,6,Alto,Médio,Privado,Negativo,4,Não,Ensino Médio,Perto,Feminino,74,médio
1849,23,71,Médio,Alto,Não,8,50,Médio,Sim,0,Alto,Médio,Público,Positivo,2,Não,Ensino Médio,Longe,Feminino,64,médio
1850,16,82,Baixo,Alto,Não,7,75,Médio,Sim,0,Baixo,Médio,Público,Negativo,2,Não,Pós-Graduação,Moderado,Feminino,64,médio
1851,31,69,Médio,Baixo,Sim,9,81,Médio,Sim,2,Médio,Médio,Privado,Negativo,2,Não,Faculdade,Perto,Masculino,67,médio
1852,13,79,Baixo,Baixo,Sim,6,58,Alto,Sim,2,Médio,Médio,Público,Positivo,4,Não,Faculdade,Moderado,Masculino,63,médio
1853,26,73,Alto,Médio,Sim,7,53,Baixo,Sim,3,Médio,Alto,Privado,Neutro,5,Não,Ensino Médio,Moderado,Feminino,68,médio
1854,26,71,Baixo,Médio,Sim,5,77,Baixo,Sim,0,Médio,Médio,Público,Neutro,5,Não,Pós-Graduação,Perto,Masculino,66,médio
1855,16,99,Baixo,Alto,Sim,7,77,Alto,Sim,0,Baixo,Médio,Público,Neutro,3,Sim,Ensino Médio,Moderado,Feminino,68,médio
1856,28,66,Médio,Alto,Não,5,67,Médio,Sim,1,Alto,Médio,Privado,Positivo,1,Não,Pós-Graduação,Moderado,Feminino,68,médio
1857,18,91,Médio,Médio,Não,7,94,Médio,Sim,3,Baixo,Médio,Privado,Neutro,2,Não,Ensino Médio,Perto,Feminino,69,médio
1858,22,99,Alto,Baixo,Não,7,65,Médio,Sim,3,Baixo,Baixo,Público,Neutro,3,Não,Pós-Graduação,Perto,Feminino,71,médio
1859,22,61,Baixo,Alto,Sim,7,76,Médio,Sim,1,Alto,Médio,Público,Positivo,3,Não,Faculdade,Perto,Feminino,65,médio
1860,19,88,Baixo,Médio,Sim,8,59,Médio,Sim,2,Médio,Médio,Privado,Neutro,4,Não,Ensino Médio,Perto,Masculino,67,médio
1861,25,70,Médio,Médio,Não,7,51,Médio,Sim,1,Alto,Médio,Público,Negativo,4,Não,Faculdade,Perto,Feminino,65,médio
1862,25,62,Alto,Médio,Não,5,71,Médio,Sim,0,Baixo,Alto,Privado,Positivo,4,Não,Ensino Médio,Moderado,Masculino,65,médio
1863,10,76,Médio,Baixo,Não,6,76,Médio,Sim,1,Alto,Alto,Público,Negativo,2,Não,Pós-Graduação,Perto,Masculino,80,médio
1864,28,97,Médio,Médio,Sim,7,88,Alto,Sim,2,Médio,Médio,Público,Neutro,2,Não,Ensino Médio,Moderado,Masculino,74,médio
1865,10,60,Médio,Médio,Não,7,72,Baixo,Não,3,Médio,Baixo,Público,Positivo,3,Não,Ensino Médio,Perto,Masculino,59,baixo
1866,26,84,Médio,Médio,Não,7,64,Baixo,Sim,2,Alto,Alto,Público,Neutro,3,Não,Ensino Médio,Perto,Masculino,69,médio
1867,27,80,Médio,Baixo,Sim,9,80,Médio,Sim,0,Alto,Médio,Público,Neutro,2,Sim,Ensino Médio,Moderado,Masculino,66,médio
1868,13,95,Médio,Médio,Sim,7,69,Médio,Sim,1,Baixo,Baixo,Público,Positivo,2,Sim,Pós-Graduação,Moderado,Feminino,66,médio
1869,18,63,Alto,Alto,Não,8,62,Médio,Sim,2,Alto,Médio,Público,Positivo,4,Não,Ensino Médio,Perto,Feminino,65,médio
1870,13,87,Alto,Médio,Sim,4,96,Baixo,Sim,3,Baixo,Baixo,Público,Neutro,3,Sim,Faculdade,Perto,Masculino,67,médio
1871,19,87,Alto,Alto,Não,8,77,Baixo,Sim,3,Baixo,Médio,Privado,Neutro,4,Não,Ensino Médio,Moderado,Masculino,69,médio
1872,18,87,Médio,Baixo,Sim,10,60,Alto,Sim,2,Médio,Médio,Público,Positivo,3,Não,Ensino Médio,Perto,Feminino,68,médio
1873,25,98,Médio,Médio,Sim,9,84,Médio,Sim,1,Médio,Alto,Privado,Neutro,2,Não,Pós-Graduação,Perto,Feminino,73,médio
1874,28,93,Baixo,Alto,Sim,6,90,Médio,Sim,1,Baixo,Médio,Público,Positivo,2,Sim,Ensino Médio,Perto,Feminino,71,médio
1875,28,62,Alto,Médio,Sim,10,88,Médio,Sim,0,Baixo,Alto,Público,Positivo,2,Sim,Pós-Graduação,Moderado,Masculino,67,médio
1876,17,79,Médio,Médio,Sim,7,80,Baixo,Sim,1,Alto,Alto,Público,Positivo,3,Não,Faculdade,Perto,Feminino,67,médio
1877,19,76,Alto,Baixo,Não,7,76,Médio,Sim,0,Alto,Alto,Público,Neutro,2,Não,Pós-Graduação,Perto,Masculino,66,médio
1878,10,72,Médio,Baixo,Não,7,89,Médio,Sim,3,Médio,Médio,Público,Negativo,4,Não,Faculdade,Perto,Feminino,63,médio
1879,15,78,Alto,Alto,Não,7,85,Médio,Não,1,Alto,Médio,Público,Negativo,1,Não,Ensino Médio,Longe,Masculino,65,médio
1880,26,75,Médio,Baixo,Sim,4,79,Médio,Sim,2,Alto,Médio,Público,Negativo,1,Não,Faculdade,Perto,Masculino,67,médio
1881,30,77,Médio,Baixo,Sim,8,83,Médio,Sim,1,Baixo,Baixo,Público,Positivo,3,Não,Faculdade,Perto,Masculino,69,médio
1882,13,99,Médio,Médio,Sim,7,58,Médio,Sim,1,Baixo,Médio,Público,Neutro,2,Não,Ensino Médio,Perto,Masculino,67,médio
1883,16,64,Alto,Médio,Sim,7,51,Alto,Sim,4,Alto,Alto,Público,Neutro,3,Não,Faculdade,Perto,Masculino,66,médio
1884,20,97,Alto,Alto,Sim,7,97,Baixo,Sim,2,Médio,Alto,Privado,Neutro,4,Não,Ensino Médio,Moderado,Feminino,74,médio
1885,22,79,Alto,Médio,Não,6,97,Médio,Não,2,Alto,Médio,Público,Positivo,2,Não,Faculdade,Moderado,Feminino,69,médio
1886,15,85,Baixo,Médio,Sim,7,89,Alto,Sim,0,Médio,Médio,Público,Negativo,4,Não,Faculdade,Moderado,Feminino,66,médio
1887,23,93,Alto,Baixo,Sim,9,69,Baixo,Sim,0,Médio,Médio,Privado,Positivo,3,Sim,Pós-Graduação,Moderado,Masculino,69,médio
1888,17,74,Médio,Médio,Sim,8,58,Baixo,Sim,1,Alto,Médio,Público,Neutro,2,Não,Faculdade,Longe,Masculino,63,médio
1889,20,77,Médio,Baixo,Sim,7,68,Médio,Não,0,Médio,Alto,Privado,Positivo,3,Não,Faculdade,Perto,Feminino,65,médio
1890,23,76,Baixo,Médio,Não,7,86,Baixo,Não,1,Baixo,Médio,Privado,Positivo,4,Não,Faculdade,Longe,Masculino,64,médio
1891,20,75,Baixo,Médio,Não,7,67,Alto,Sim,0,Médio,Médio,Privado,Neutro,4,Não,Ensino Médio,Perto,Masculino,64,médio
1892,17,97,Baixo,Alto,Sim,6,90,Baixo,Sim,2,Médio,Baixo,Público,Negativo,2,Não,Ensino Médio,Moderado,Masculino,69,médio
1893,19,93,Alto,Alto,Não,7,84,Médio,Sim,5,Baixo,Alto,Público,Negativo,3,Não,Ensino Médio,Perto,Feminino,73,médio
1894,19,64,Médio,Médio,Sim,8,81,Alto,Sim,1,Médio,Médio,Público,Negativo,3,Sim,Ensino Médio,Moderado,Masculino,62,médio
1895,18,64,Baixo,Baixo,Sim,7,97,Baixo,Sim,2,Médio,Baixo,Privado,Neutro,4,Não,Faculdade,Perto,Masculino,62,médio
1896,18,77,Médio,Médio,Sim,6,95,Alto,Sim,0,Médio,Alto,Privado,Positivo,2,Não,Pós-Graduação,Moderado,Feminino,68,médio
1897,30,64,Médio,Médio,Não,7,86,Baixo,Sim,1,Médio,Médio,Privado,Positivo,3,Não,Pós-Graduação,Longe,Feminino,66,médio
1898,23,85,Baixo,Alto,Sim,8,60,Alto,Sim,2,Médio,Médio,Público,Positivo,1,Sim,Faculdade,Moderado,Feminino,68,médio
1899,18,66,Baixo,Alto,Sim,5,97,Médio,Sim,4,Médio,Médio,Público,Neutro,4,Não,Ensino Médio,Moderado,Masculino,66,médio
1900,24,81,Baixo,Médio,Sim,6,61,Baixo,Sim,3,Médio,Médio,Público,Positivo,3,Não,Pós-Graduação,Perto,Masculino,69,médio
1901,18,60,Médio,Médio,Sim,5,69,Médio,Sim,0,Médio,Médio,Público,Neutro,2,Não,Pós-Graduação,Perto,Feminino,62,médio
1902,27,73,Baixo,Médio,Não,7,91,Médio,Sim,2,Alto,Médio,Público,Neutro,4,Não,Faculdade,Longe,Feminino,68,médio
1903,22,87,Médio,Médio,Não,8,60,Baixo,Sim,2,Médio,Alto,Público,Negativo,2,Não,Faculdade,Moderado,Masculino,67,médio
1904,19,79,Baixo,Médio,Não,9,82,Médio,Sim,1,Baixo,Médio,Privado,Neutro,4,Não,Ensino Médio,Perto,Masculino,65,médio
1905,23,99,Baixo,Médio,Não,9,73,Médio,Sim,0,Baixo,Médio,Público,Negativo,4,Não,Faculdade,Perto,Masculino,69,médio
1906,11,95,Médio,Médio,Não,6,81,Alto,Sim,2,Baixo,Baixo,Público,Positivo,3,Não,Ensino Médio,Perto,Masculino,67,médio
1907,13,74,Baixo,Baixo,Sim,7,98,Alto,Sim,0,Médio,Médio,Público,Positivo,3,Não,Pós-Graduação,Perto,Feminino,64,médio
1908,13,62,Baixo,Médio,Sim,6,90,Médio,Não,3,Alto,Alto,Privado,Neutro,3,Sim,Pós-Graduação,Perto,Feminino,62,médio
1909,21,94,Médio,Médio,Sim,9,65,Baixo,Sim,5,Alto,Alto,Privado,Neutro,3,Sim,Ensino Médio,Perto,Masculino,71,médio
1910,30,96,Médio,Alto,Sim,9,53,Médio,Não,0,Médio,Médio,Privado,Neutro,3,Não,Ensino Médio,Perto,Masculino,72,médio
1911,33,93,Alto,Alto,Sim,7,98,Baixo,Sim,0,Médio,Médio,Público,Negativo,2,Sim,Ensino Médio,Perto,Feminino,74,médio
1912,24,65,Baixo,Alto,Não,6,79,Baixo,Sim,1,Médio,Alto,Público,Neutro,2,Não,Pós-Graduação,Perto,Masculino,66,médio
1913,23,100,Alto,Baixo,Sim,4,59,Médio,Sim,2,Médio,Médio,Público,Positivo,4,Não,Ensino Médio,Perto,Feminino,72,médio
1914,9,70,Alto,Médio,Não,5,81,Médio,Sim,1,Alto,Alto,Privado,Neutro,4,Não,Pós-Graduação,Perto,Feminino,65,médio
1915,17,89,Alto,Médio,Sim,4,52,Alto,Sim,0,Baixo,Médio,Público,Positivo,3,Não,Faculdade,Longe,Feminino,67,médio
1916,15,96,Médio,Alto,Sim,5,59,Alto,Sim,2,Médio,Alto,Privado,Neutro,2,Não,Ensino Médio,Perto,Masculino,70,médio
1917,16,69,Alto,Médio,Sim,10,82,Médio,Sim,0,Baixo,Alto,Público,Negativo,1,Sim,Ensino Médio,Moderado,Masculino,62,médio
1918,19,96,Baixo,Baixo,Sim,5,70,Alto,Sim,0,Baixo,Médio,Público,Positivo,2,Não,Ensino Médio,Longe,Masculino,66,médio
1919,17,72,Baixo,Médio,Sim,5,66,Médio,Sim,2,Alto,Alto,Público,Negativo,3,Não,Faculdade,Perto,Masculino,65,médio
1920,8,99,Baixo,Alto,Sim,6,83,Alto,Sim,2,Médio,Alto,Público,Positivo,4,Sim,Pós-Graduação,Perto,Masculino,70,médio
1921,24,71,Alto,Alto,Sim,10,93,Baixo,Sim,2,Médio,Médio,Privado,Positivo,2,Sim,Faculdade,Perto,Feminino,69,médio
1922,14,98,Médio,Médio,Sim,7,84,Baixo,Sim,3,Alto,Médio,Público,Neutro,3,Não,Ensino Médio,Perto,Feminino,70,médio
1923,21,62,Alto,Alto,Não,8,73,Médio,Sim,2,Alto,Médio,Privado,Negativo,2,Não,Faculdade,Perto,Feminino,66,médio
1924,32,88,Médio,Baixo,Sim,7,83,Baixo,Sim,1,Baixo,Alto,Privado,Positivo,4,Não,Pós-Graduação,Perto,Masculino,73,médio
1925,14,81,Alto,Médio,Não,4,85,Baixo,Sim,3,Médio,Alto,Público,Positivo,4,Não,Pós-Graduação,Moderado,Feminino,69,médio
1926,5,79,Alto,Alto,Sim,9,89,Baixo,Sim,3,Médio,Médio,Privado,Neutro,3,Não,Faculdade,Perto,Feminino,66,médio
1927,18,69,Alto,Médio,Sim,8,65,Médio,Sim,4,Médio,Médio,Público,Neutro,4,Não,Ensino Médio,Longe,Masculino,65,médio
1928,27,88,Médio,Baixo,Não,7,56,Alto,Sim,2,Baixo,Médio,Público,Neutro,4,Não,Pós-Graduação,Perto,Feminino,70,médio
1929,32,68,Alto,Alto,Não,10,84,Médio,Sim,0,Médio,Alto,Privado,Positivo,2,Não,Pós-Graduação,Longe,Masculino,70,médio
1930,13,82,Alto,Médio,Não,6,56,Alto,Sim,2,Baixo,Alto,Público,Neutro,4,Não,Pós-Graduação,Perto,Masculino,67,médio
1931,23,70,Médio,Alto,Sim,7,73,Alto,Sim,1,Baixo,Médio,Privado,Positivo,3,Não,Pós-Graduação,Perto,Masculino,68,médio
1932,17,98,Médio,Baixo,Sim,6,62,Baixo,Sim,1,Médio,Médio,Privado,Neutro,2,Não,Faculdade,Perto,Feminino,68,médio
1933,19,61,Alto,Médio,Não,9,67,Médio,Sim,0,Baixo,Médio,Público,Negativo,2,Não,Faculdade,Longe,Feminino,61,médio
1934,36,68,Médio,Médio,Sim,8,74,Alto,Sim,2,Médio,Médio,Público,Negativo,3,Não,Ensino Médio,Perto,Masculino,70,médio
1935,11,70,Alto,Alto,Não,7,95,Alto,Sim,0,Baixo,Alto,Público,Negativo,5,Não,Faculdade,Moderado,Masculino,65,médio
1936,22,77,Baixo,Médio,Sim,5,84,Médio,Não,3,Alto,Médio,Público,Positivo,2,Não,Ensino Médio,Moderado,Masculino,66,médio
1937,23,69,Médio,Médio,Sim,6,59,Médio,Sim,3,Alto,Médio,Público,Neutro,3,Não,Pós-Graduação,Moderado,Masculino,67,médio
1938,27,80,Baixo,Baixo,Sim,5,94,Alto,Sim,3,Alto,Médio,Público,Negativo,3,Não,Ensino Médio,Perto,Masculino,69,médio
1939,21,95,Médio,Alto,Não,9,75,Médio,Sim,1,Baixo,Médio,Público,Neutro,2,Não,Faculdade,Longe,Masculino,69,médio
1940,22,88,Médio,Médio,Sim,5,60,Baixo,Sim,1,Baixo,Médio,Público,Neutro,2,Não,Ensino Médio,Moderado,Masculino,67,médio
1941,18,83,Alto,Baixo,Não,9,76,Médio,Sim,0,Médio,Baixo,Privado,Neutro,4,Não,Ensino Médio,Perto,Feminino,66,médio
1942,22,64,Baixo,Médio,Sim,9,60,Médio,Sim,1,Alto,Alto,Privado,Neutro,2,Não,Ensino Médio,Perto,Masculino,63,médio
1943,18,88,Alto,Médio,Não,6,68,Baixo,Sim,0,Médio,Alto,Público,Neutro,4,Não,Ensino Médio,Longe,Feminino,67,médio
1944,24,67,Alto,Baixo,Sim,6,90,Médio,Sim,0,Baixo,Médio,Público,Neutro,1,Não,Faculdade,Longe,Masculino,64,médio
1945,18,91,Médio,Baixo,Não,6,83,Médio,Sim,2,Baixo,Médio,Privado,Neutro,4,Não,Ensino Médio,Perto,Masculino,68,médio
1946,22,70,Médio,Alto,Sim,8,74,Baixo,Sim,2,Baixo,Alto,Público,Negativo,2,Não,Ensino Médio,Moderado,Masculino,65,médio
1947,20,77,Médio,Baixo,Não,9,61,Médio,Sim,2,Médio,Médio,Público,Neutro,3,Não,Ensino Médio,Perto,Masculino,65,médio
1948,27,74,Médio,Baixo,Sim,9,64,Alto,Não,1,Baixo,Médio,Público,Neutro,3,Não,Ensino Médio,Perto,Masculino,65,médio
1949,20,94,Baixo,Médio,Sim,6,99,Médio,Sim,0,Médio,Médio,Público,Negativo,4,Não,Faculdade,Perto,Feminino,70,médio
1950,9,65,Médio,Alto,Sim,9,67,Médio,Sim,1,Alto,Médio,Público,Neutro,3,Não,Ensino Médio,Perto,Feminino,62,médio
1951,28,83,Alto,Baixo,Não,9,81,Médio,Sim,0,Baixo,Médio,Público,Neutro,4,Não,Ensino Médio,Moderado,Masculino,68,médio
1952,15,66,Baixo,Alto,Sim,7,75,Baixo,Sim,0,Alto,Alto,Público,Negativo,3,Não,Faculdade,Perto,Masculino,62,médio
1953,16,88,Médio,Alto,Sim,7,51,Médio,Sim,0,Médio,Médio,Público,Positivo,3,Não,Faculdade,Perto,Feminino,68,médio
1954,16,96,Alto,Médio,Sim,9,97,Médio,Sim,0,Médio,Alto,Privado,Neutro,5,Não,Faculdade,Perto,Masculino,72,médio
1955,28,77,Alto,Médio,Sim,9,54,Baixo,Sim,1,Alto,Médio,Público,Positivo,3,Não,Pós-Graduação,Perto,Feminino,70,médio
1956,7,80,Alto,Médio,Não,9,83,Baixo,Não,3,Médio,Médio,Público,Neutro,3,Não,Ensino Médio,Longe,Feminino,62,médio
1957,39,97,Alto,Alto,Sim,10,91,Médio,Sim,2,Baixo,Médio,Público,Positivo,3,Não,Ensino Médio,Moderado,Feminino,79,médio
1958,26,81,Médio,Alto,Sim,8,87,Médio,Sim,2,Alto,Alto,Público,Neutro,1,Não,Pós-Graduação,Perto,Masculino,73,médio
1959,21,80,Alto,Alto,Sim,7,90,Alto,Sim,1,Baixo,Baixo,Público,Negativo,2,Não,Faculdade,Longe,Masculino,68,médio
1960,20,83,Alto,Médio,Sim,9,87,Baixo,Sim,0,Alto,Médio,Público,Neutro,2,Não,Ensino Médio,Perto,Masculino,68,médio
1961,22,88,Médio,Médio,Sim,10,72,Médio,Sim,2,Baixo,Alto,Público,Neutro,2,Não,Ensino Médio,Moderado,Feminino,69,médio
1962,23,64,Médio,Baixo,Sim,6,95,Alto,Sim,1,Baixo,Médio,Público,Positivo,2,Sim,Faculdade,Longe,Feminino,63,médio
1963,24,93,Médio,Médio,Sim,7,96,Médio,Não,5,Alto,Médio,Público,Negativo,4,Não,Pós-Graduação,Perto,Feminino,74,médio
1964,23,77,Médio,Médio,Sim,5,72,Médio,Sim,2,Alto,Alto,Público,Negativo,5,Não,Faculdade,Moderado,Feminino,69,médio
1965,21,63,Médio,Baixo,Não,8,74,Médio,Sim,0,Baixo,Médio,Público,Negativo,3,Não,Ensino Médio,Perto,Feminino,61,médio
1966,19,91,Médio,Baixo,Sim,8,74,Baixo,Sim,4,Médio,Médio,Público,Neutro,2,Sim,Pós-Graduação,Perto,Feminino,69,médio
1967,19,75,Médio,Baixo,Não,6,64,Alto,Sim,2,Baixo,Médio,Público,Neutro,3,Não,Ensino Médio,Perto,Feminino,64,médio
1968,19,64,Médio,Médio,Sim,9,56,Baixo,Sim,2,Baixo,Médio,Público,Positivo,4,Não,Pós-Graduação,Longe,Feminino,63,médio
1969,27,85,Baixo,Alto,Não,6,63,Baixo,Sim,1,Baixo,Médio,Público,Negativo,2,Não,Faculdade,Perto,Masculino,68,médio
1970,24,95,Alto,Médio,Sim,6,92,Médio,Sim,2,Baixo,Médio,Público,Neutro,3,Não,Ensino Médio,Longe,Masculino,72,médio
1971,2,96,Baixo,Alto,Sim,9,77,Médio,Sim,3,Médio,Médio,Público,Neutro,2,Não,Ensino Médio,Longe,Feminino,65,médio
1972,24,98,Baixo,Baixo,Não,6,93,Baixo,Não,2,Baixo,Baixo,Público,Positivo,4,Não,Faculdade,Perto,Masculino,69,médio
1973,21,95,Médio,Baixo,Não,5,87,Baixo,Sim,2,Médio,Médio,Privado,Neutro,4,Não,Ensino Médio,Perto,Masculino,70,médio
1974,20,60,Médio,Médio,Sim,8,67,Baixo,Sim,1,Médio,Médio,Público,Neutro,4,Não,Pós-Graduação,Moderado,Feminino,63,médio
1975,18,75,Baixo,Médio,Sim,7,59,Baixo,Sim,0,Médio,Médio,Público,Positivo,2,Sim,Ensino Médio,Perto,Feminino,62,médio
1976,27,93,Médio,Médio,Sim,9,78,Baixo,Sim,1,Baixo,Médio,Público,Positivo,2,Não,Pós-Graduação,Perto,Feminino,72,médio
1977,26,75,Alto,Alto,Não,8,97,Médio,Sim,1,Baixo,Médio,Público,Neutro,4,Não,Ensino Médio,Longe,Masculino,69,médio
1978,15,84,Médio,Médio,Não,4,92,Baixo,Sim,2,Médio,Médio,Público,Negativo,3,Não,Ensino Médio,Moderado,Feminino,66,médio
1979,22,84,Médio,Médio,Sim,9,88,Médio,Sim,2,Baixo,Alto,Privado,Neutro,4,Não,Pós-Graduação,Perto,Masculino,71,médio
1980,14,75,Baixo,Baixo,Não,10,88,Médio,Sim,2,Baixo,Médio,Privado,Negativo,3,Não,Faculdade,Moderado,Feminino,62,médio
1981,12,96,Médio,Baixo,Sim,9,76,Médio,Sim,2,Médio,Alto,Público,Positivo,2,Não,Ensino Médio,Perto,Masculino,68,médio
1982,16,80,Alto,Baixo,Não,9,58,Baixo,Sim,0,Médio,Médio,Público,Neutro,2,Não,Ensino Médio,Perto,Feminino,63,médio
1983,25,79,Médio,Médio,Sim,7,64,Médio,Sim,0,Baixo,Médio,Público,Neutro,3,Não,Faculdade,Longe,Feminino,66,médio
1984,26,100,Alto,Médio,Sim,6,79,Alto,Sim,1,Médio,Alto,Público,Positivo,3,Não,Faculdade,Moderado,Masculino,75,médio
1985,23,80,Médio,Baixo,Sim,7,66,Alto,Sim,1,Alto,Alto,Privado,Positivo,4,Não,Faculdade,Perto,Feminino,69,médio
1986,24,67,Alto,Médio,Não,8,89,Médio,Sim,2,Alto,Baixo,Privado,Positivo,3,Não,Ensino Médio,Perto,Feminino,68,médio
1987,23,81,Alto,Médio,Não,8,69,Médio,Sim,5,Médio,Médio,Público,Negativo,2,Não,Ensino Médio,Moderado,Masculino,69,médio
1988,16,93,Alto,Baixo,Não,6,56,Médio,Sim,2,Baixo,Médio,Público,Positivo,4,Não,Ensino Médio,Perto,Masculino,67,médio
1989,23,91,Alto,Médio,Sim,6,89,Médio,Sim,3,Médio,Médio,Privado,Negativo,3,Não,Pós-Graduação,Perto,Masculino,73,médio
1990,25,92,Médio,Alto,Sim,5,85,Baixo,Sim,1,Baixo,Médio,Público,Negativo,1,Não,Faculdade,Perto,Masculino,71,médio
1991,25,88,Alto,Médio,Sim,8,63,Médio,Sim,2,Alto,Médio,Público,Positivo,3,Não,Ensino Médio,Moderado,Feminino,71,médio
1992,27,70,Médio,Médio,Não,6,99,Alto,Sim,2,Baixo,Médio,Privado,Neutro,2,Não,Ensino Médio,Perto,Feminino,68,médio
1993,24,94,Alto,Baixo,Não,7,70,Médio,Sim,1,Alto,Médio,Público,Neutro,1,Não,Ensino Médio,Perto,Masculino,70,médio
1994,22,96,Baixo,Alto,Sim,10,84,Baixo,Sim,1,Alto,Alto,Público,Negativo,3,Não,Ensino Médio,Perto,Masculino,71,médio
1995,26,68,Médio,Alto,Não,8,96,Alto,Sim,1,Médio,Alto,Público,Neutro,2,Não,Ensino Médio,Perto,Masculino,69,médio
1996,20,65,Alto,Médio,Não,7,58,Médio,Não,3,Baixo,Médio,Privado,Neutro,4,Não,Ensino Médio,Perto,Masculino,63,médio
1997,15,99,Baixo,Médio,Sim,8,94,Médio,Sim,2,Médio,Médio,Privado,Neutro,3,Não,Pós-Graduação,Perto,Masculino,71,médio
1998,19,95,Médio,Médio,Sim,9,85,Médio,Não,2,Baixo,Médio,Público,Negativo,3,Não,Faculdade,Perto,Masculino,69,médio
1999,16,96,Alto,Médio,Sim,5,58,Médio,Sim,2,Alto,Baixo,Público,Positivo,5,Não,Pós-Graduação,Moderado,Masculino,71,médio
2000,16,95,Médio,Baixo,Não,6,83,Baixo,Sim,2,Baixo,Alto,Privado,Neutro,3,Não,Ensino Médio,Perto,Feminino,68,médio
2001,19,82,Médio,Médio,Não,7,94,Médio,Sim,1,Médio,Médio,Público,Positivo,3,Não,Ensino Médio,Perto,Feminino,68,médio
2002,15,86,Médio,Baixo,Não,6,90,Médio,Sim,0,Médio,Alto,Público,Neutro,3,Não,Pós-Graduação,Longe,Masculino,66,médio
2003,18,82,Médio,Médio,Não,7,88,Médio,Sim,3,Baixo,Médio,Público,Negativo,3,Não,Faculdade,Moderado,Feminino,67,médio
2004,9,62,Baixo,Alto,Sim,5,58,Baixo,Sim,0,Médio,Alto,Privado,Positivo,5,Não,Faculdade,Moderado,Feminino,59,baixo
2005,21,90,Baixo,Médio,Não,8,60,Médio,Sim,1,Baixo,Médio,Público,Negativo,2,Não,Faculdade,Perto,Feminino,66,médio
2006,20,80,Baixo,Baixo,Não,6,77,Baixo,Sim,0,Médio,Alto,Privado,Negativo,3,Não,Ensino Médio,Perto,Masculino,64,médio
2007,15,86,Médio,Médio,Não,7,79,Médio,Sim,1,Baixo,Médio,Público,Neutro,3,Sim,Ensino Médio,Moderado,Feminino,64,médio
2008,24,80,Médio,Alto,Sim,7,97,Médio,Sim,0,Baixo,Alto,Privado,Neutro,4,Não,Ensino Médio,Moderado,Feminino,69,médio
2009,26,80,Alto,Baixo,Não,8,73,Alto,Sim,1,Médio,Médio,Público,Neutro,3,Não,Ensino Médio,Perto,Masculino,69,médio
2010,10,67,Médio,Médio,Não,4,65,Médio,Não,3,Médio,Médio,Público,Positivo,3,Não,Ensino Médio,Perto,Masculino,61,médio
2011,15,71,Alto,Alto,Não,8,60,Médio,Sim,0,Baixo,Alto,Privado,Negativo,3,Não,Ensino Médio,Longe,Feminino,62,médio
2012,15,66,Baixo,Médio,Não,7,53,Médio,Sim,2,Médio,Alto,Público,Negativo,3,Não,Faculdade,Perto,Feminino,61,médio
2013,14,68,Médio,Médio,Sim,8,53,Alto,Sim,1,Médio,Alto,Privado,Positivo,2,Não,Faculdade,Perto,Feminino,63,médio
2014,25,99,Médio,Baixo,Não,5,79,Baixo,Sim,2,Baixo,Médio,Público,Positivo,4,Não,Faculdade,Perto,Feminino,71,médio
2015,19,66,Alto,Alto,Sim,8,59,Médio,Sim,1,Médio,Baixo,Público,Positivo,2,Não,Pós-Graduação,Moderado,Feminino,65,médio
2016,18,71,Alto,Alto,Sim,9,93,Médio,Sim,1,Baixo,Alto,Privado,Neutro,4,Não,Faculdade,Moderado,Masculino,68,médio
2017,8,84,Alto,Alto,Não,7,80,Médio,Sim,1,Alto,Alto,Público,Positivo,4,Não,Ensino Médio,Moderado,Masculino,67,médio
2018,24,84,Baixo,Alto,Sim,6,93,Alto,Sim,2,Baixo,Médio,Público,Neutro,1,Não,Ensino Médio,Perto,Feminino,70,médio
2019,13,66,Alto,Médio,Sim,6,71,Médio,Sim,3,Médio,Médio,Público,Neutro,3,Não,Ensino Médio,Perto,Masculino,64,médio
2020,20,92,Médio,Alto,Não,8,80,Alto,Sim,0,Médio,Médio,Privado,Neutro,3,Não,Faculdade,Perto,Masculino,71,médio
2021,22,91,Alto,Médio,Sim,8,76,Baixo,Sim,2,Médio,Médio,Público,Neutro,3,Não,Faculdade,Moderado,Feminino,71,médio
2022,28,69,Médio,Alto,Não,8,99,Baixo,Sim,0,Alto,Médio,Privado,Negativo,3,Não,Ensino Médio,Moderado,Feminino,67,médio
2023,12,72,Médio,Baixo,Sim,7,90,Médio,Sim,0,Alto,Médio,Público,Positivo,3,Não,Pós-Graduação,Longe,Masculino,63,médio
2024,2,98,Baixo,Alto,Sim,7,80,Alto,Sim,2,Baixo,Alto,Público,Neutro,1,Não,Ensino Médio,Perto,Masculino,66,médio
2025,21,93,Médio,Baixo,Sim,7,80,Médio,Sim,3,Alto,Médio,Público,Neutro,1,Não,Ensino Médio,Moderado,Masculino,70,médio
2026,31,88,Médio,Baixo,Não,6,62,Médio,Sim,2,Baixo,Médio,Privado,Positivo,4,Não,Ensino Médio,Perto,Masculino,70,médio
2027,27,63,Baixo,Médio,Sim,8,87,Médio,Sim,3,Baixo,Alto,Privado,Positivo,3,Não,Ensino Médio,Perto,Feminino,67,médio
2028,21,77,Baixo,Médio,Não,7,99,Alto,Sim,3,Médio,Alto,Público,Neutro,3,Não,Pós-Graduação,Perto,Masculino,69,médio
2029,17,82,Alto,Baixo,Não,9,56,Baixo,Sim,3,Alto,Médio,Público,Positivo,2,Não,Ensino Médio,Perto,Feminino,66,médio
2030,25,67,Médio,Alto,Não,9,82,Médio,Sim,1,Médio,Médio,Público,Positivo,3,Não,Pós-Graduação,Longe,Feminino,67,médio
2031,14,78,Alto,Médio,Sim,7,76,Médio,Sim,0,Alto,Médio,Público,Negativo,2,Sim,Faculdade,Perto,Feminino,65,médio
2032,23,84,Alto,Alto,Sim,8,93,Médio,Sim,1,Alto,Médio,Público,Positivo,3,Não,Pós-Graduação,Longe,Masculino,72,médio
2033,23,73,Alto,Alto,Não,6,50,Médio,Sim,1,Médio,Médio,Público,Positivo,3,Não,Faculdade,Perto,Masculino,68,médio
2034,26,91,Alto,Médio,Sim,7,57,Baixo,Sim,3,Médio,Médio,Público,Negativo,3,Não,Faculdade,Perto,Masculino,72,médio
2035,37,94,Alto,Médio,Sim,8,52,Alto,Sim,1,Baixo,Médio,Privado,Positivo,3,Não,Pós-Graduação,Perto,Masculino,76,médio
2036,22,73,Médio,Baixo,Sim,5,58,Médio,Sim,4,Baixo,Médio,Público,Positivo,3,Sim,Faculdade,Perto,Feminino,65,médio
2037,17,94,Baixo,Médio,Não,8,85,Médio,Sim,1,Médio,Baixo,Público,Positivo,4,Não,Ensino Médio,Perto,Masculino,68,médio
2038,20,64,Médio,Médio,Sim,6,57,Médio,Sim,3,Baixo,Alto,Público,Neutro,4,Não,Faculdade,Perto,Feminino,65,médio
2039,9,94,Médio,Médio,Sim,6,81,Baixo,Sim,0,Baixo,Alto,Público,Positivo,3,Não,Ensino Médio,Perto,Masculino,66,médio
2040,16,66,Baixo,Médio,Não,6,93,Médio,Sim,7,Baixo,Médio,Público,Negativo,2,Não,Ensino Médio,Longe,Masculino,63,médio
2041,18,63,Médio,Baixo,Não,7,52,Médio,Sim,2,Alto,Alto,Público,Positivo,3,Não,Pós-Graduação,Moderado,Feminino,63,médio
2042,17,86,Médio,Médio,Sim,5,51,Médio,Sim,2,Baixo,Médio,Privado,Neutro,2,Não,Pós-Graduação,Moderado,Masculino,66,médio
2043,21,79,Alto,Baixo,Sim,8,99,Médio,Sim,2,Baixo,Alto,Público,Positivo,4,Não,Ensino Médio,Perto,Masculino,69,médio
2044,15,96,Médio,Alto,Sim,7,84,Alto,Sim,3,Médio,Baixo,Público,Positivo,1,Não,Pós-Graduação,Perto,Masculino,72,médio
2045,27,75,Médio,Baixo,Sim,10,57,Médio,Sim,3,Alto,Baixo,Público,Negativo,3,Não,Ensino Médio,Perto,Masculino,66,médio
2046,20,71,Médio,Médio,Sim,7,65,Médio,Não,2,Médio,Médio,Público,Negativo,4,Não,Ensino Médio,Moderado,Feminino,64,médio
2047,20,80,Médio,Baixo,Sim,8,99,Baixo,Sim,0,Baixo,Alto,Privado,Positivo,3,Não,Ensino Médio,Perto,Masculino,67,médio
2048,18,78,Alto,Alto,Sim,6,61,Baixo,Sim,1,Baixo,Médio,Privado,Positivo,5,Não,Ensino Médio,Perto,Masculino,67,médio
2049,21,74,Baixo,Médio,Sim,5,88,Médio,Sim,1,Médio,Alto,Público,Neutro,1,Não,Faculdade,Perto,Masculino,66,médio
2050,25,88,Médio,Baixo,Sim,8,62,Baixo,Sim,2,Baixo,Médio,Público,Neutro,2,Não,Ensino Médio,Perto,Feminino,68,médio
2051,15,90,Médio,Médio,Não,5,70,Médio,Sim,0,Médio,Médio,Privado,Neutro,2,Não,Ensino Médio,Moderado,Masculino,65,médio
2052,16,94,Médio,Alto,Sim,8,94,Alto,Sim,2,Baixo,Alto,Privado,Negativo,3,Não,Ensino Médio,Perto,Masculino,71,médio
2053,18,99,Médio,Alto,Sim,10,51,Médio,Sim,1,Médio,Baixo,Público,Neutro,4,Não,Pós-Graduação,Perto,Masculino,71,médio
2054,12,71,Médio,Médio,Sim,8,65,Médio,Sim,1,Médio,Alto,Privado,Neutro,2,Não,Ensino Médio,Moderado,Masculino,62,médio
2055,15,89,Médio,Alto,Sim,8,74,Baixo,Sim,2,Médio,Alto,Público,Positivo,2,Não,Faculdade,Perto,Masculino,69,médio
2056,17,76,Médio,Baixo,Não,7,81,Baixo,Sim,4,Alto,Médio,Privado,Neutro,2,Não,Ensino Médio,Perto,Masculino,65,médio
2057,25,87,Alto,Baixo,Não,6,51,Baixo,Sim,3,Médio,Médio,Público,Neutro,3,Não,Pós-Graduação,Perto,Masculino,70,médio
2058,22,79,Médio,Médio,Sim,7,71,Médio,Sim,2,Baixo,Médio,Privado,Neutro,2,Não,Faculdade,Moderado,Masculino,66,médio
2059,21,100,Médio,Médio,Não,6,67,Médio,Sim,0,Alto,Médio,Público,Positivo,3,Não,Ensino Médio,Longe,Masculino,70,médio
2060,25,89,Médio,Alto,Não,5,51,Baixo,Sim,2,Médio,Alto,Privado,Negativo,2,Não,Pós-Graduação,Moderado,Feminino,70,médio
2061,19,98,Baixo,Alto,Sim,7,68,Médio,Sim,1,Baixo,Médio,Privado,Neutro,4,Não,Ensino Médio,Moderado,Feminino,69,médio
2062,22,93,Alto,Baixo,Sim,9,97,Médio,Sim,2,Médio,Médio,Público,Neutro,3,Sim,Ensino Médio,Perto,Masculino,71,médio
2063,19,96,Médio,Médio,Não,5,64,Médio,Sim,1,Médio,Médio,Público,Neutro,3,Não,Ensino Médio,Perto,Masculino,69,médio
2064,22,93,Alto,Médio,Não,9,79,Médio,Sim,2,Médio,Alto,Público,Positivo,2,Não,Pós-Graduação,Perto,Feminino,73,médio
2065,17,78,Médio,Médio,Sim,9,65,Baixo,Sim,1,Médio,Alto,Público,Neutro,4,Não,Ensino Médio,Moderado,Feminino,65,médio
2066,5,70,Alto,Alto,Sim,8,55,Médio,Sim,3,Baixo,Médio,Público,Neutro,3,Não,Ensino Médio,Perto,Masculino,62,médio
2067,19,75,Médio,Alto,Não,8,64,Médio,Sim,2,Alto,Baixo,Público,Negativo,5,Não,Pós-Graduação,Moderado,Feminino,67,médio
2068,29,61,Baixo,Médio,Sim,7,74,Alto,Sim,1,Médio,Médio,Público,Neutro,3,Não,Pós-Graduação,Moderado,Masculino,65,médio
2069,26,81,Baixo,Médio,Não,7,65,Baixo,Sim,1,Médio,Médio,Público,Neutro,3,Não,Ensino Médio,Longe,Masculino,65,médio
2070,26,80,Médio,Alto,Sim,6,81,Médio,Sim,0,Médio,Médio,Público,Neutro,2,Não,Faculdade,Perto,Feminino,70,médio
2071,27,81,Médio,Médio,Sim,7,97,Baixo,Sim,1,Médio,Médio,Público,Neutro,2,Não,Faculdade,Perto,Feminino,70,médio
2072,21,99,Médio,Alto,Sim,7,53,Médio,Sim,0,Médio,Baixo,Público,Neutro,4,Não,Pós-Graduação,Perto,Feminino,71,médio
2073,21,96,Alto,Baixo,Não,10,86,Baixo,Sim,1,Baixo,Alto,Público,Neutro,3,Não,Faculdade,Perto,Masculino,71,médio
2074,16,66,Médio,Médio,Sim,8,50,Baixo,Sim,1,Médio,Alto,Público,Neutro,4,Não,Ensino Médio,Moderado,Masculino,62,médio
2075,18,75,Médio,Baixo,Não,7,50,Médio,Sim,4,Baixo,Médio,Público,Positivo,2,Não,Pós-Graduação,Perto,Feminino,65,médio
2076,24,77,Alto,Médio,Sim,7,57,Médio,Sim,3,Médio,Alto,Público,Positivo,2,Não,Faculdade,Longe,Masculino,84,alto
2077,27,74,Médio,Médio,Sim,6,74,Médio,Sim,2,Médio,Alto,Público,Neutro,2,Não,Faculdade,Longe,Masculino,68,médio
2078,19,92,Alto,Médio,Sim,6,52,Médio,Sim,3,Alto,Médio,Público,Positivo,1,Não,Ensino Médio,Perto,Masculino,70,médio
2079,17,81,Médio,Alto,Não,8,86,Médio,Sim,1,Médio,Médio,Privado,Neutro,3,Não,Pós-Graduação,Perto,Masculino,68,médio
2080,20,83,Médio,Médio,Não,6,51,Médio,Sim,2,Baixo,Alto,Público,Negativo,4,Não,Pós-Graduação,Perto,Masculino,67,médio
2081,24,94,Baixo,Médio,Sim,6,75,Baixo,Sim,1,Baixo,Alto,Público,Negativo,4,Não,Ensino Médio,Perto,Feminino,69,médio
2082,11,92,Alto,Alto,Sim,6,84,Médio,Sim,2,Baixo,Baixo,Público,Negativo,1,Não,Ensino Médio,Perto,Feminino,68,médio
2083,6,65,Alto,Alto,Não,6,62,Médio,Não,3,Baixo,Baixo,Público,Neutro,1,Não,Ensino Médio,Perto,Masculino,59,baixo
2084,17,89,Alto,Baixo,Sim,9,79,Médio,Não,0,Médio,Médio,Público,Positivo,2,Não,Faculdade,Perto,Feminino,67,médio
2085,13,77,Médio,Alto,Sim,7,63,Baixo,Sim,0,Alto,Baixo,Público,Positivo,1,Não,Ensino Médio,Moderado,Masculino,63,médio
2086,17,72,Alto,Alto,Sim,7,61,Baixo,Sim,1,Médio,Médio,Público,Negativo,4,Não,Ensino Médio,Perto,Feminino,65,médio
2087,19,62,Médio,Médio,Não,7,91,Baixo,Sim,1,Baixo,Médio,Público,Positivo,3,Não,Faculdade,Perto,Masculino,63,médio
2088,17,79,Médio,Médio,Não,7,67,Baixo,Sim,1,Baixo,Médio,Privado,Positivo,3,Não,Ensino Médio,Perto,Feminino,64,médio
2089,29,74,Alto,Médio,Sim,6,91,Alto,Sim,3,Baixo,Alto,Público,Positivo,4,Não,Faculdade,Longe,Feminino,72,médio
2090,22,70,Baixo,Médio,Sim,5,61,Alto,Sim,1,Baixo,Médio,Público,Negativo,3,Não,Faculdade,Moderado,Masculino,63,médio
2091,22,88,Médio,Médio,Não,9,68,Médio,Não,2,Médio,Médio,Público,Neutro,2,Sim,Ensino Médio,Perto,Masculino,66,médio
2092,24,91,Médio,Médio,Sim,8,55,Baixo,Sim,0,Médio,Baixo,Privado,Neutro,2,Não,Faculdade,Moderado,Feminino,67,médio
2093,13,70,Alto,Alto,Sim,8,75,Alto,Sim,1,Alto,Médio,Público,Positivo,2,Sim,Pós-Graduação,Moderado,Masculino,66,médio
2094,26,62,Médio,Médio,Sim,8,69,Médio,Sim,2,Médio,Alto,Público,Positivo,3,Não,Faculdade,Moderado,Feminino,66,médio
2095,20,94,Médio,Médio,Sim,10,50,Baixo,Sim,1,Baixo,Alto,Privado,Negativo,4,Sim,Pós-Graduação,Perto,Feminino,68,médio
2096,24,60,Alto,Alto,Não,6,73,Médio,Sim,1,Baixo,Médio,Privado,Positivo,5,Não,Pós-Graduação,Moderado,Masculino,66,médio
2097,14,97,Médio,Médio,Sim,5,54,Médio,Sim,3,Médio,Médio,Público,Negativo,2,Não,Faculdade,Perto,Feminino,68,médio
2098,11,85,Médio,Médio,Sim,8,92,Baixo,Sim,2,Médio,Médio,Público,Negativo,4,Não,Ensino Médio,Longe,Feminino,65,médio
2099,25,73,Médio,Médio,Sim,5,75,Baixo,Sim,0,Médio,Médio,Privado,Positivo,2,Não,Faculdade,Perto,Feminino,67,médio
2100,22,70,Alto,Baixo,Não,7,85,Médio,Sim,0,Alto,Médio,Privado,Negativo,3,Não,Ensino Médio,Longe,Masculino,64,médio
2101,15,60,Baixo,Alto,Não,7,91,Baixo,Sim,0,Baixo,Médio,Privado,Negativo,2,Não,Faculdade,Longe,Masculino,59,baixo
2102,15,69,Médio,Médio,Sim,8,53,Baixo,Não,0,Alto,Médio,Privado,Negativo,3,Não,Ensino Médio,Perto,Masculino,60,baixo
2103,27,66,Baixo,Alto,Não,6,67,Baixo,Sim,1,Alto,Alto,Público,Negativo,4,Não,Faculdade,Longe,Feminino,65,médio
2104,13,84,Médio,Médio,Sim,9,51,Alto,Sim,0,Baixo,Médio,Público,Negativo,4,Não,Ensino Médio,Perto,Feminino,64,médio
2105,30,67,Médio,Alto,Não,6,52,Médio,Sim,1,Baixo,Médio,Público,Neutro,1,Não,Ensino Médio,Perto,Feminino,66,médio
2106,15,81,Médio,Médio,Sim,8,52,Médio,Sim,0,Médio,Médio,Público,Neutro,2,Não,Pós-Graduação,Perto,Masculino,65,médio
2107,24,84,Médio,Médio,Sim,6,74,Médio,Sim,2,Médio,Alto,Público,Positivo,2,Não,Ensino Médio,Longe,Masculino,69,médio
2108,18,72,Alto,Alto,Sim,8,73,Médio,Sim,0,Médio,Médio,Privado,Positivo,4,Sim,Ensino Médio,Perto,Feminino,66,médio
2109,24,61,Alto,Médio,Sim,5,53,Médio,Sim,1,Baixo,Alto,Privado,Neutro,5,Não,Faculdade,Perto,Feminino,65,médio
2110,17,61,Alto,Médio,Não,7,63,Baixo,Sim,1,Médio,Médio,Público,Positivo,4,Não,Faculdade,Moderado,Feminino,62,médio
2111,19,61,Médio,Baixo,Não,9,62,Médio,Sim,2,Médio,Médio,Público,Neutro,2,Não,Ensino Médio,Longe,Feminino,60,baixo
2112,20,90,Baixo,Médio,Não,7,65,Baixo,Não,4,Baixo,Alto,Público,Positivo,4,Não,Faculdade,Moderado,Feminino,68,médio
2113,14,73,Médio,Alto,Sim,9,82,Médio,Sim,1,Médio,Médio,Público,Negativo,3,Não,Ensino Médio,Perto,Feminino,64,médio
2114,24,92,Alto,Alto,Não,7,85,Alto,Sim,0,Médio,Médio,Público,Positivo,3,Não,Faculdade,Perto,Feminino,73,médio
2115,17,77,Médio,Médio,Sim,6,67,Baixo,Sim,1,Baixo,Médio,Público,Positivo,1,Não,Faculdade,Perto,Masculino,64,médio
2116,19,78,Alto,Alto,Não,7,89,Médio,Sim,2,Médio,Médio,Público,Neutro,4,Não,Ensino Médio,Moderado,Feminino,69,médio
2117,14,81,Baixo,Médio,Não,8,71,Baixo,Sim,1,Baixo,Alto,Público,Neutro,3,Sim,Pós-Graduação,Perto,Feminino,63,médio
2118,5,89,Médio,Médio,Sim,4,76,Alto,Sim,2,Médio,Médio,Público,Neutro,3,Não,Faculdade,Perto,Masculino,65,médio
2119,19,71,Médio,Médio,Não,8,57,Médio,Sim,2,Médio,Alto,Público,Positivo,4,Não,Ensino Médio,Moderado,Masculino,65,médio
2120,34,65,Médio,Médio,Sim,6,62,Alto,Sim,0,Médio,Alto,Público,Negativo,3,Não,Ensino Médio,Perto,Masculino,67,médio
2121,25,82,Médio,Médio,Sim,5,86,Médio,Não,0,Baixo,Baixo,Público,Positivo,4,Não,Ensino Médio,Perto,Masculino,67,médio
2122,20,73,Médio,Médio,Não,8,99,Baixo,Sim,1,Médio,Médio,Privado,Positivo,3,Não,Ensino Médio,Perto,Masculino,66,médio
2123,18,78,Médio,Alto,Sim,9,85,Alto,Sim,1,Baixo,Alto,Privado,Negativo,2,Não,Pós-Graduação,Perto,Masculino,68,médio
2124,20,86,Médio,Baixo,Sim,7,53,Médio,Sim,1,Baixo,Alto,Público,Negativo,2,Não,Ensino Médio,Perto,Masculino,65,médio
2125,23,80,Baixo,Baixo,Sim,5,57,Médio,Sim,1,Baixo,Médio,Público,Neutro,4,Não,Pós-Graduação,Perto,Masculino,66,médio
2126,13,85,Alto,Baixo,Sim,6,72,Médio,Sim,2,Baixo,Médio,Público,Positivo,1,Não,Faculdade,Moderado,Feminino,66,médio
2127,27,82,Médio,Médio,Sim,6,87,Baixo,Não,2,Baixo,Alto,Público,Positivo,2,Não,Ensino Médio,Perto,Masculino,69,médio
2128,24,90,Médio,Médio,Não,7,58,Médio,Sim,2,Baixo,Médio,Privado,Neutro,2,Não,Pós-Graduação,Perto,Masculino,70,médio
2129,24,88,Médio,Baixo,Sim,7,88,Médio,Sim,2,Médio,Alto,Privado,Neutro,2,Não,Pós-Graduação,Moderado,Masculino,71,médio
2130,23,81,Alto,Médio,Não,8,78,Alto,Sim,4,Baixo,Baixo,Público,Positivo,3,Não,Ensino Médio,Moderado,Masculino,70,médio
2131,20,87,Médio,Médio,Não,8,89,Baixo,Sim,2,Médio,Médio,Público,Neutro,3,Não,Ensino Médio,Moderado,Masculino,68,médio
2132,24,95,Alto,Alto,Sim,8,78,Médio,Sim,2,Baixo,Alto,Público,Negativo,2,Não,Pós-Graduação,Longe,Feminino,73,médio
2133,24,77,Médio,Alto,Não,8,80,Alto,Sim,1,Baixo,Alto,Público,Positivo,2,Sim,Ensino Médio,Moderado,Feminino,68,médio
2134,18,77,Médio,Médio,Sim,7,62,Baixo,Sim,2,Alto,Médio,Privado,Neutro,4,Não,Faculdade,Perto,Masculino,66,médio
2135,17,91,Médio,Baixo,Sim,10,86,Baixo,Sim,1,Médio,Médio,Público,Neutro,3,Sim,Pós-Graduação,Moderado,Feminino,67,médio
2136,21,83,Médio,Baixo,Sim,8,92,Baixo,Sim,2,Médio,Médio,Privado,Negativo,4,Sim,Ensino Médio,Perto,Masculino,66,médio
2137,29,63,Médio,Alto,Sim,8,94,Médio,Sim,0,Médio,Alto,Privado,Positivo,2,Não,Pós-Graduação,Perto,Feminino,69,médio
2138,13,96,Médio,Médio,Não,10,51,Médio,Sim,1,Baixo,Baixo,Público,Positivo,3,Não,Pós-Graduação,Perto,Feminino,67,médio
2139,11,61,Médio,Baixo,Sim,7,81,Alto,Sim,5,Médio,Baixo,Público,Positivo,4,Sim,Ensino Médio,Perto,Masculino,61,médio
2140,21,90,Médio,Médio,Não,6,99,Médio,Sim,2,Baixo,Médio,Privado,Negativo,3,Não,Faculdade,Perto,Feminino,70,médio
2141,20,90,Alto,Alto,Não,9,79,Médio,Sim,2,Baixo,Médio,Público,Negativo,2,Não,Ensino Médio,Perto,Feminino,70,médio
2142,21,98,Médio,Médio,Sim,9,59,Alto,Não,3,Médio,Médio,Público,Neutro,3,Sim,Faculdade,Perto,Feminino,70,médio
2143,21,62,Médio,Médio,Não,7,94,Baixo,Sim,1,Baixo,Alto,Privado,Positivo,3,Não,Faculdade,Moderado,Feminino,64,médio
2144,19,84,Alto,Médio,Não,10,63,Médio,Sim,0,Baixo,Médio,Público,Negativo,3,Não,Faculdade,Longe,Feminino,65,médio
2145,29,77,Médio,Médio,Não,7,52,Médio,Sim,5,Baixo,Médio,Público,Positivo,4,Não,Faculdade,Perto,Feminino,70,médio
2146,10,73,Baixo,Alto,Sim,8,72,Baixo,Sim,1,Baixo,Alto,Público,Positivo,2,Não,Faculdade,Moderado,Feminino,62,médio
2147,15,64,Alto,Alto,Sim,9,55,Alto,Sim,1,Médio,Baixo,Público,Neutro,3,Não,Faculdade,Perto,Feminino,64,médio
2148,19,83,Médio,Alto,Sim,7,56,Médio,Sim,1,Médio,Baixo,Privado,Positivo,3,Não,Faculdade,Longe,Feminino,67,médio
2149,10,79,Alto,Médio,Não,8,73,Alto,Não,1,Baixo,Baixo,Público,Neutro,4,Não,Ensino Médio,Perto,Feminino,63,médio
2150,19,64,Baixo,Médio,Sim,9,81,Alto,Sim,0,Médio,Alto,Público,Neutro,3,Sim,Ensino Médio,Perto,Masculino,62,médio
2151,30,84,Baixo,Médio,Não,6,95,Médio,Sim,2,Alto,Alto,Público,Negativo,2,Não,Faculdade,Perto,Masculino,72,médio
2152,20,90,Baixo,Médio,Não,6,85,Alto,Não,3,Baixo,Alto,Privado,Neutro,2,Não,Faculdade,Perto,Masculino,69,médio
2153,21,91,Médio,Alto,Sim,9,92,Médio,Sim,5,Baixo,Médio,Privado,Negativo,2,Não,Ensino Médio,Perto,Masculino,72,médio
2154,12,96,Baixo,Médio,Sim,7,71,Alto,Sim,2,Médio,Médio,Privado,Positivo,2,Não,Faculdade,Perto,Masculino,68,médio
2155,16,76,Baixo,Médio,Não,6,66,Baixo,Sim,1,Médio,Médio,Privado,Neutro,3,Não,Pós-Graduação,Perto,Feminino,64,médio
2156,18,98,Alto,Alto,Sim,7,80,Baixo,Sim,3,Baixo,Médio,Privado,Neutro,1,Não,Faculdade,Perto,Feminino,72,médio
2157,18,95,Alto,Alto,Sim,8,85,Baixo,Sim,2,Baixo,Alto,Público,Positivo,3,Não,Faculdade,Perto,Feminino,73,médio
2158,28,72,Alto,Médio,Sim,5,78,Baixo,Não,5,Médio,Baixo,Privado,Negativo,2,Não,Faculdade,Longe,Masculino,67,médio
2159,23,66,Alto,Baixo,Sim,8,63,Médio,Sim,0,Baixo,Médio,Público,Negativo,4,Não,Faculdade,Perto,Feminino,64,médio
2160,13,77,Médio,Médio,Sim,8,68,Baixo,Sim,3,Alto,Médio,Privado,Neutro,3,Não,Ensino Médio,Perto,Feminino,65,médio
2161,21,76,Alto,Alto,Sim,9,72,Baixo,Sim,1,Baixo,Alto,Público,Neutro,3,Não,Ensino Médio,Moderado,Feminino,67,médio
2162,23,83,Médio,Médio,Sim,7,51,Baixo,Sim,3,Médio,Alto,Público,Neutro,2,Não,Faculdade,Moderado,Masculino,68,médio
2163,27,83,Médio,Alto,Sim,9,94,Médio,Sim,2,Baixo,Alto,Público,Positivo,2,Não,Ensino Médio,Perto,Masculino,72,médio
2164,29,90,Alto,Baixo,Sim,7,76,Baixo,Sim,1,Médio,Baixo,Público,Positivo,3,Não,Ensino Médio,Moderado,Feminino,71,médio
2165,14,80,Médio,Médio,Sim,7,88,Médio,Sim,1,Médio,Médio,Privado,Neutro,3,Não,Ensino Médio,Perto,Masculino,66,médio
2166,15,64,Alto,Médio,Não,7,59,Baixo,Sim,0,Baixo,Médio,Público,Neutro,3,Sim,Ensino Médio,Perto,Feminino,59,baixo
2167,12,94,Médio,Médio,Sim,10,78,Médio,Sim,1,Médio,Alto,Público,Neutro,2,Não,Ensino Médio,Perto,Feminino,68,médio
2168,19,72,Baixo,Alto,Sim,5,96,Baixo,Não,3,Baixo,Baixo,Público,Positivo,2,Não,Ensino Médio,Moderado,Feminino,64,médio
2169,23,99,Baixo,Médio,Não,8,61,Baixo,Sim,2,Alto,Alto,Privado,Positivo,3,Sim,Ensino Médio,Perto,Feminino,70,médio
2170,26,65,Baixo,Médio,Sim,7,67,Médio,Sim,4,Alto,Médio,Privado,Negativo,3,Não,Ensino Médio,Moderado,Feminino,65,médio
2171,20,98,Alto,Médio,Sim,7,69,Alto,Não,2,Alto,Alto,Público,Negativo,2,Não,Faculdade,Perto,Feminino,72,médio
2172,18,64,Alto,Alto,Não,8,69,Médio,Sim,3,Alto,Médio,Público,Positivo,3,Não,Faculdade,Moderado,Masculino,66,médio
2173,21,69,Médio,Médio,Sim,9,80,Alto,Sim,2,Médio,Alto,Público,Positivo,5,Não,Faculdade,Perto,Masculino,68,médio
2174,15,62,Médio,Alto,Não,8,70,Médio,Sim,1,Baixo,Médio,Privado,Positivo,3,Não,Faculdade,Perto,Masculino,62,médio
2175,33,88,Médio,Baixo,Não,9,84,Médio,Sim,1,Baixo,Médio,Público,Negativo,3,Não,Ensino Médio,Perto,Masculino,70,médio
2176,10,94,Alto,Médio,Sim,7,74,Alto,Sim,3,Alto,Médio,Público,Positivo,3,Não,Faculdade,Moderado,Masculino,70,médio
2177,21,77,Médio,Baixo,Sim,7,58,Médio,Sim,0,Baixo,Alto,Público,Negativo,3,Não,Faculdade,Perto,Masculino,64,médio
2178,32,97,Alto,Baixo,Sim,5,97,Baixo,Sim,1,Baixo,Alto,Público,Positivo,5,Não,Faculdade,Moderado,Feminino,76,médio
2179,20,84,Médio,Médio,Sim,10,62,Alto,Sim,1,Médio,Médio,Público,Neutro,2,Não,Faculdade,Moderado,Masculino,67,médio
2180,19,85,Alto,Alto,Não,7,78,Baixo,Sim,2,Baixo,Alto,Privado,Negativo,3,Não,Faculdade,Perto,Masculino,69,médio
2181,18,94,Médio,Baixo,Sim,7,53,Médio,Sim,4,Médio,Alto,Público,Positivo,3,Não,Ensino Médio,Longe,Feminino,68,médio
2182,19,72,Médio,Médio,Sim,8,96,Baixo,Sim,1,Médio,Alto,Público,Positivo,2,Não,Pós-Graduação,Moderado,Feminino,67,médio
2183,28,74,Médio,Médio,Sim,9,96,Baixo,Sim,0,Alto,Alto,Privado,Neutro,3,Não,Ensino Médio,Perto,Feminino,69,médio
2184,7,96,Alto,Médio,Sim,6,68,Médio,Sim,2,Baixo,Alto,Público,Neutro,1,Não,Ensino Médio,Perto,Feminino,67,médio
2185,29,96,Alto,Alto,Sim,9,56,Baixo,Sim,0,Baixo,Alto,Privado,Neutro,4,Não,Ensino Médio,Perto,Masculino,73,médio
2186,11,99,Médio,Alto,Sim,7,88,Alto,Não,4,Médio,Baixo,Privado,Neutro,3,Não,Faculdade,Perto,Masculino,71,médio
2187,18,96,Médio,Baixo,Não,9,63,Médio,Sim,4,Baixo,Médio,Privado,Neutro,3,Não,Pós-Graduação,Perto,Masculino,70,médio
2188,17,65,Alto,Médio,Sim,6,85,Médio,Sim,1,Baixo,Médio,Privado,Neutro,3,Não,Ensino Médio,Perto,Masculino,65,médio
2189,24,93,Alto,Médio,Sim,8,96,Médio,Sim,0,Médio,Médio,Público,Positivo,1,Não,Pós-Graduação,Moderado,Masculino,73,médio
2190,10,76,Médio,Médio,Sim,7,80,Médio,Sim,1,Baixo,Alto,Público,Positivo,4,Não,Pós-Graduação,Perto,Feminino,65,médio
2191,23,100,Baixo,Médio,Sim,5,93,Médio,Sim,4,Baixo,Médio,Privado,Neutro,3,Não,Pós-Graduação,Moderado,Masculino,73,médio
2192,32,79,Baixo,Alto,Sim,5,61,Médio,Sim,0,Baixo,Alto,Público,Positivo,3,Não,Faculdade,Perto,Masculino,70,médio
2193,12,82,Alto,Médio,Sim,6,96,Alto,Sim,0,Baixo,Baixo,Privado,Positivo,4,Sim,Faculdade,Perto,Masculino,66,médio
2194,21,81,Baixo,Médio,Sim,8,61,Alto,Sim,3,Médio,Baixo,Público,Negativo,5,Não,Ensino Médio,Moderado,Feminino,66,médio
2195,16,73,Médio,Médio,Sim,4,61,Baixo,Sim,4,Baixo,Alto,Privado,Neutro,5,Não,Ensino Médio,Moderado,Masculino,64,médio
2196,23,63,Médio,Médio,Sim,8,94,Alto,Sim,2,Médio,Médio,Público,Neutro,5,Não,Pós-Graduação,Perto,Masculino,68,médio
2197,20,96,Médio,Médio,Não,7,78,Médio,Sim,1,Alto,Alto,Público,Neutro,2,Não,Ensino Médio,Perto,Masculino,70,médio
2198,16,92,Médio,Médio,Sim,4,90,Alto,Sim,6,Alto,Médio,Privado,Neutro,3,Não,Ensino Médio,Perto,Masculino,72,médio
2199,23,66,Médio,Alto,Não,6,90,Médio,Sim,2,Baixo,Médio,Público,Neutro,3,Não,Ensino Médio,Perto,Masculino,66,médio
2200,31,91,Médio,Médio,Sim,6,82,Médio,Sim,2,Médio,Alto,Público,Positivo,3,Não,Ensino Médio,Perto,Masculino,74,médio
2201,19,85,Alto,Médio,Não,7,59,Baixo,Sim,0,Médio,Alto,Privado,Negativo,4,Não,Faculdade,Moderado,Masculino,67,médio
2202,24,76,Alto,Alto,Sim,9,85,Médio,Sim,2,Baixo,Médio,Privado,Positivo,2,Não,Pós-Graduação,Perto,Feminino,71,médio
2203,12,70,Baixo,Alto,Sim,9,53,Médio,Sim,2,Baixo,Médio,Público,Neutro,2,Sim,Ensino Médio,Perto,Masculino,60,baixo
2204,14,94,Baixo,Médio,Não,6,60,Médio,Sim,3,Alto,Médio,Público,Neutro,3,Não,Faculdade,Perto,Feminino,68,médio
2205,23,88,Médio,Médio,Não,6,82,Médio,Sim,0,Médio,Médio,Privado,Negativo,3,Não,Faculdade,Perto,Masculino,69,médio
2206,29,82,Alto,Alto,Não,5,95,Médio,Sim,2,Médio,Alto,Público,Neutro,3,Não,Faculdade,Perto,Masculino,74,médio
2207,22,84,Alto,Médio,Sim,6,89,Médio,Sim,2,Médio,Médio,Público,Neutro,3,Não,Ensino Médio,Perto,Masculino,71,médio
2208,18,64,Alto,Médio,Sim,6,67,Alto,Sim,0,Baixo,Médio,Privado,Negativo,4,Não,Faculdade,Perto,Masculino,63,médio
2209,20,79,Alto,Baixo,Sim,7,91,Alto,Não,2,Baixo,Médio,Privado,Negativo,4,Sim,Faculdade,Moderado,Masculino,66,médio
2210,12,68,Médio,Alto,Não,7,98,Médio,Sim,1,Médio,Alto,Privado,Neutro,4,Não,Ensino Médio,Perto,Masculino,65,médio
2211,24,68,Baixo,Baixo,Não,6,67,Alto,Não,0,Baixo,Alto,Privado,Positivo,3,Sim,Ensino Médio,Longe,Feminino,60,baixo
2212,25,86,Médio,Baixo,Sim,6,59,Médio,Sim,3,Baixo,Médio,Público,Positivo,3,Não,Ensino Médio,Perto,Feminino,69,médio
2213,17,96,Alto,Médio,Não,6,60,Médio,Sim,1,Baixo,Médio,Público,Neutro,3,Não,Faculdade,Perto,Feminino,69,médio
2214,17,76,Médio,Alto,Sim,6,70,Baixo,Sim,2,Alto,Médio,Público,Neutro,4,Não,Pós-Graduação,Moderado,Masculino,67,médio
2215,22,68,Alto,Médio,Sim,9,53,Alto,Sim,1,Médio,Médio,Público,Neutro,2,Não,Ensino Médio,Moderado,Feminino,65,médio
2216,17,86,Alto,Alto,Sim,8,74,Médio,Sim,1,Baixo,Alto,Privado,Neutro,4,Não,Faculdade,Perto,Masculino,70,médio
2217,20,95,Alto,Médio,Sim,8,87,Baixo,Sim,0,Baixo,Médio,Privado,Positivo,3,Não,Pós-Graduação,Moderado,Feminino,71,médio
2218,33,90,Baixo,Médio,Sim,9,77,Médio,Sim,3,Médio,Alto,Público,Negativo,6,Sim,Pós-Graduação,Moderado,Masculino,73,médio
2219,19,95,Baixo,Alto,Sim,8,99,Médio,Sim,0,Baixo,Médio,Público,Neutro,2,Não,Pós-Graduação,Moderado,Masculino,70,médio
2220,18,81,Alto,Baixo,Sim,9,73,Alto,Sim,1,Médio,Alto,Público,Neutro,2,Não,Ensino Médio,Perto,Feminino,67,médio
2221,16,90,Baixo,Alto,Sim,8,51,Médio,Sim,1,Alto,Médio,Público,Neutro,5,Não,Ensino Médio,Moderado,Feminino,67,médio
2222,24,66,Baixo,Alto,Não,7,74,Médio,Sim,0,Alto,Alto,Público,Neutro,2,Não,Faculdade,Moderado,Masculino,65,médio
2223,19,74,Alto,Alto,Sim,6,96,Médio,Sim,2,Alto,Médio,Público,Neutro,3,Não,Faculdade,Perto,Masculino,69,médio
2224,16,76,Alto,Alto,Sim,6,55,Médio,Não,1,Baixo,Médio,Público,Positivo,1,Não,Pós-Graduação,Perto,Masculino,65,médio
2225,28,80,Médio,Alto,Sim,8,61,Baixo,Sim,1,Baixo,Médio,Privado,Negativo,3,Não,Faculdade,Longe,Feminino,68,médio
2226,29,97,Alto,Médio,Não,7,86,Médio,Sim,0,Médio,Médio,Público,Positivo,3,Não,Faculdade,Perto,Feminino,74,médio
2227,16,95,Baixo,Médio,Sim,5,65,Alto,Sim,0,Médio,Médio,Privado,Neutro,3,Não,Faculdade,Perto,Feminino,68,médio
2228,9,65,Médio,Médio,Não,4,88,Baixo,Sim,1,Baixo,Médio,Público,Positivo,3,Não,Faculdade,Perto,Masculino,61,médio
2229,26,67,Médio,Baixo,Sim,10,71,Alto,Sim,3,Baixo,Médio,Público,Neutro,3,Não,Pós-Graduação,Perto,Masculino,67,médio
2230,16,74,Alto,Alto,Sim,6,90,Médio,Sim,1,Baixo,Médio,Privado,Negativo,4,Sim,Ensino Médio,Perto,Feminino,66,médio
2231,25,72,Baixo,Baixo,Sim,6,78,Baixo,Sim,8,Médio,Alto,Público,Positivo,4,Não,Ensino Médio,Perto,Masculino,69,médio
2232,8,85,Médio,Baixo,Sim,9,54,Baixo,Sim,1,Baixo,Alto,Privado,Positivo,3,Não,Ensino Médio,Perto,Masculino,62,médio
2233,25,96,Médio,Alto,Sim,5,69,Baixo,Sim,0,Baixo,Médio,Público,Neutro,4,Não,Ensino Médio,Moderado,Masculino,71,médio
2234,13,98,Alto,Alto,Sim,8,67,Médio,Sim,1,Médio,Médio,Privado,Positivo,4,Não,Pós-Graduação,Moderado,Feminino,71,médio
2235,24,86,Médio,Alto,Sim,10,91,Baixo,Sim,0,Baixo,Alto,Privado,Positivo,4,Não,Faculdade,Perto,Feminino,72,médio
2236,20,94,Médio,Alto,Sim,10,81,Baixo,Sim,1,Médio,Alto,Público,Neutro,5,Sim,Ensino Médio,Longe,Feminino,69,médio
2237,14,81,Baixo,Médio,Não,6,89,Médio,Não,6,Baixo,Alto,Privado,Neutro,3,Não,Faculdade,Perto,Feminino,67,médio
2238,18,68,Médio,Alto,Não,7,69,Médio,Sim,1,Baixo,Alto,Público,Neutro,4,Sim,Ensino Médio,Moderado,Feminino,63,médio
2239,24,81,Médio,Médio,Sim,6,85,Médio,Não,1,Médio,Alto,Público,Neutro,4,Não,Faculdade,Moderado,Masculino,68,médio
2240,21,82,Alto,Alto,Sim,7,53,Baixo,Sim,0,Alto,Médio,Público,Positivo,2,Não,Pós-Graduação,Perto,Masculino,69,médio
2241,24,90,Médio,Baixo,Sim,9,52,Baixo,Sim,0,Baixo,Médio,Público,Negativo,3,Sim,Faculdade,Perto,Feminino,65,médio
2242,32,69,Alto,Alto,Sim,5,64,Médio,Sim,0,Médio,Médio,Público,Negativo,3,Não,Pós-Graduação,Perto,Feminino,70,médio
2243,11,75,Médio,Médio,Não,8,89,Médio,Sim,2,Alto,Alto,Privado,Positivo,4,Não,Faculdade,Moderado,Masculino,65,médio
2244,30,75,Médio,Médio,Não,7,77,Médio,Sim,0,Baixo,Médio,Público,Positivo,2,Não,Ensino Médio,Moderado,Masculino,67,médio
2245,21,98,Médio,Alto,Sim,9,70,Médio,Sim,0,Baixo,Alto,Público,Positivo,1,Não,Faculdade,Perto,Masculino,72,médio
2246,15,78,Médio,Alto,Sim,9,95,Alto,Sim,1,Alto,Alto,Público,Positivo,3,Não,Ensino Médio,Perto,Masculino,69,médio
2247,12,90,Alto,Alto,Sim,6,75,Baixo,Não,2,Médio,Médio,Público,Neutro,3,Não,Pós-Graduação,Perto,Masculino,69,médio
2248,19,90,Alto,Baixo,Não,7,81,Médio,Sim,4,Alto,Alto,Público,Neutro,4,Sim,Faculdade,Perto,Feminino,71,médio
2249,26,71,Médio,Baixo,Sim,8,99,Médio,Sim,1,Médio,Alto,Público,Positivo,3,Não,Ensino Médio,Longe,Masculino,67,médio
2250,19,83,Baixo,Baixo,Não,8,76,Baixo,Sim,3,Baixo,Baixo,Público,Neutro,3,Não,Pós-Graduação,Perto,Feminino,65,médio
2251,29,96,Baixo,Baixo,Não,4,89,Médio,Sim,2,Baixo,Alto,Público,Neutro,2,Não,Ensino Médio,Longe,Feminino,70,médio
2252,11,79,Médio,Médio,Não,8,71,Baixo,Sim,1,Médio,Médio,Privado,Positivo,2,Não,Faculdade,Moderado,Feminino,63,médio
2253,20,98,Alto,Alto,Sim,9,52,Médio,Sim,0,Médio,Médio,Privado,Positivo,3,Não,Faculdade,Longe,Masculino,71,médio
2254,12,69,Alto,Médio,Sim,7,92,Baixo,Sim,1,Médio,Médio,Público,Neutro,3,Não,Faculdade,Perto,Feminino,64,médio
2255,22,63,Médio,Alto,Sim,8,97,Alto,Sim,5,Médio,Médio,Privado,Neutro,3,Não,Ensino Médio,Perto,Masculino,69,médio
2256,25,96,Baixo,Médio,Não,9,72,Baixo,Sim,0,Baixo,Médio,Privado,Positivo,3,Não,Ensino Médio,Perto,Masculino,69,médio
2257,17,94,Médio,Médio,Sim,7,75,Médio,Sim,1,Baixo,Alto,Público,Positivo,3,Não,Pós-Graduação,Moderado,Masculino,70,médio
2258,4,100,Alto,Baixo,Não,8,71,Baixo,Sim,2,Baixo,Médio,Privado,Negativo,4,Não,Ensino Médio,Moderado,Feminino,64,médio
2259,21,87,Médio,Alto,Não,7,100,Baixo,Sim,1,Baixo,Médio,Público,Positivo,3,Não,Ensino Médio,Perto,Masculino,70,médio
2260,23,97,Médio,Alto,Não,7,95,Médio,Sim,0,Médio,Alto,Privado,Positivo,4,Não,Pós-Graduação,Moderado,Feminino,74,médio
2261,22,93,Médio,Médio,Sim,6,52,Médio,Sim,1,Baixo,Médio,Público,Negativo,3,Não,Faculdade,Perto,Feminino,69,médio
2262,27,94,Baixo,Médio,Sim,7,89,Médio,Sim,3,Baixo,Médio,Privado,Positivo,2,Não,Faculdade,Perto,Feminino,73,médio
2263,14,83,Médio,Médio,Sim,10,80,Médio,Sim,1,Médio,Alto,Privado,Neutro,3,Sim,Faculdade,Perto,Feminino,66,médio
2264,24,75,Alto,Alto,Sim,6,51,Alto,Não,1,Médio,Alto,Público,Negativo,3,Não,Ensino Médio,Perto,Masculino,67,médio
2265,27,97,Alto,Alto,Não,8,72,Médio,Sim,6,Baixo,Médio,Público,Neutro,2,Não,Faculdade,Perto,Feminino,76,médio
2266,9,77,Médio,Médio,Não,7,57,Baixo,Sim,2,Médio,Baixo,Público,Negativo,3,Não,Ensino Médio,Perto,Masculino,61,médio
2267,22,82,Baixo,Médio,Sim,9,94,Alto,Sim,0,Médio,Médio,Público,Positivo,4,Não,Ensino Médio,Moderado,Feminino,68,médio
2268,17,78,Médio,Baixo,Sim,9,51,Alto,Sim,1,Baixo,Médio,Privado,Neutro,3,Não,Ensino Médio,Moderado,Masculino,63,médio
2269,20,83,Alto,Baixo,Sim,6,94,Médio,Sim,1,Baixo,Médio,Público,Neutro,2,Não,Ensino Médio,Perto,Masculino,67,médio
2270,22,79,Baixo,Baixo,Sim,6,97,Baixo,Sim,3,Alto,Médio,Público,Negativo,3,Não,Ensino Médio,Moderado,Masculino,66,médio
2271,17,62,Alto,Baixo,Sim,6,54,Baixo,Sim,2,Médio,Alto,Público,Neutro,3,Não,Faculdade,Perto,Masculino,62,médio
2272,16,95,Alto,Baixo,Sim,6,86,Médio,Sim,0,Baixo,Alto,Privado,Neutro,3,Não,Ensino Médio,Perto,Masculino,69,médio
2273,20,78,Médio,Médio,Não,6,77,Médio,Sim,3,Médio,Médio,Privado,Positivo,3,Não,Ensino Médio,Moderado,Masculino,67,médio
2274,13,84,Médio,Médio,Não,8,98,Baixo,Não,2,Médio,Médio,Público,Positivo,2,Não,Faculdade,Moderado,Feminino,66,médio
2275,13,66,Alto,Médio,Sim,6,90,Médio,Sim,2,Baixo,Médio,Público,Positivo,3,Sim,Ensino Médio,Moderado,Masculino,63,médio
2276,24,60,Médio,Médio,Não,6,85,Baixo,Sim,1,Alto,Médio,Público,Neutro,2,Não,Pós-Graduação,Moderado,Masculino,64,médio
2277,13,70,Baixo,Médio,Sim,6,96,Alto,Sim,2,Médio,Médio,Privado,Negativo,5,Não,Pós-Graduação,Moderado,Masculino,64,médio
2278,24,88,Baixo,Médio,Não,8,58,Médio,Sim,1,Baixo,Alto,Público,Negativo,3,Não,Ensino Médio,Perto,Masculino,67,médio
2279,23,64,Baixo,Médio,Sim,7,69,Alto,Sim,4,Alto,Médio,Público,Positivo,3,Não,Ensino Médio,Moderado,Masculino,66,médio
2280,10,96,Alto,Alto,Sim,7,92,Médio,Sim,1,Baixo,Baixo,Público,Neutro,1,Não,Ensino Médio,Perto,Feminino,68,médio
2281,16,69,Médio,Alto,Sim,6,55,Médio,Sim,1,Médio,Alto,Público,Negativo,1,Não,Ensino Médio,Moderado,Masculino,62,médio
2282,27,68,Médio,Médio,Sim,5,97,Baixo,Sim,1,Médio,Médio,Público,Negativo,4,Não,Faculdade,Perto,Masculino,68,médio
2283,14,67,Alto,Baixo,Não,9,87,Médio,Sim,1,Médio,Médio,Privado,Positivo,3,Não,Ensino Médio,Perto,Masculino,63,médio
2284,17,61,Médio,Alto,Não,7,72,Baixo,Sim,1,Médio,Alto,Público,Neutro,2,Não,Ensino Médio,Moderado,Masculino,62,médio
2285,23,91,Alto,Alto,Não,10,67,Alto,Sim,2,Baixo,Médio,Público,Positivo,2,Não,Faculdade,Perto,Masculino,72,médio
2286,25,95,Médio,Baixo,Não,8,57,Baixo,Sim,4,Baixo,Médio,Público,Neutro,3,Não,Ensino Médio,Moderado,Feminino,69,médio
2287,18,85,Médio,Baixo,Sim,10,55,Alto,Sim,3,Médio,Alto,Público,Neutro,3,Não,Ensino Médio,Perto,Masculino,67,médio
2288,16,68,Médio,Alto,Sim,8,71,Médio,Sim,1,Alto,Alto,Privado,Neutro,3,Não,Ensino Médio,Moderado,Masculino,65,médio
2289,29,71,Alto,Médio,Não,7,92,Baixo,Sim,1,Baixo,Médio,Público,Positivo,3,Não,Ensino Médio,Perto,Feminino,69,médio
2290,30,79,Alto,Alto,Sim,6,77,Médio,Sim,1,Baixo,Médio,Público,Positivo,2,Não,Ensino Médio,Perto,Masculino,72,médio
2291,26,98,Baixo,Médio,Sim,6,73,Médio,Sim,2,Baixo,Baixo,Público,Negativo,3,Não,Ensino Médio,Perto,Feminino,70,médio
2292,21,70,Alto,Alto,Não,9,66,Médio,Sim,1,Médio,Baixo,Público,Neutro,4,Não,Faculdade,Moderado,Masculino,91,alto
2293,15,89,Alto,Baixo,Sim,7,58,Baixo,Sim,2,Baixo,Médio,Público,Negativo,3,Não,Ensino Médio,Moderado,Masculino,65,médio
2294,15,78,Baixo,Médio,Sim,8,100,Baixo,Sim,0,Baixo,Médio,Público,Negativo,3,Sim,Ensino Médio,Perto,Feminino,62,médio
2295,23,72,Baixo,Alto,Sim,8,51,Médio,Sim,2,Baixo,Médio,Privado,Positivo,3,Não,Faculdade,Longe,Masculino,65,médio
2296,23,78,Médio,Médio,Sim,8,66,Médio,Sim,1,Médio,Alto,Público,Neutro,1,Não,Faculdade,Moderado,Feminino,67,médio
2297,28,63,Médio,Baixo,Não,6,88,Alto,Sim,4,Médio,Alto,Público,Neutro,4,Não,Ensino Médio,Longe,Masculino,67,médio
2298,24,92,Médio,Alto,Não,9,76,Médio,Sim,2,Alto,Médio,Público,Positivo,2,Não,Ensino Médio,Perto,Feminino,72,médio
2299,11,70,Médio,Baixo,Sim,7,66,Baixo,Sim,1,Médio,Alto,Público,Negativo,3,Não,Ensino Médio,Perto,Feminino,60,baixo
2300,26,89,Médio,Baixo,Não,7,100,Baixo,Sim,0,Médio,Baixo,Público,Neutro,3,Não,Ensino Médio,Perto,Feminino,69,médio
2301,14,63,Médio,Médio,Não,8,81,Baixo,Sim,0,Médio,Baixo,Privado,Positivo,5,Não,Ensino Médio,Perto,Feminino,61,médio
2302,18,98,Baixo,Médio,Sim,7,65,Médio,Sim,1,Alto,Médio,Privado,Neutro,4,Não,Pós-Graduação,Perto,Feminino,70,médio
2303,22,68,Médio,Alto,Não,4,92,Alto,Sim,2,Alto,Médio,Público,Neutro,3,Não,Ensino Médio,Perto,Masculino,68,médio
2304,32,95,Médio,Alto,Sim,9,58,Médio,Sim,2,Médio,Médio,Privado,Positivo,4,Não,Ensino Médio,Perto,Masculino,75,médio
2305,39,92,Médio,Médio,Não,9,73,Médio,Sim,1,Médio,Médio,Público,Negativo,4,Não,Pós-Graduação,Moderado,Masculino,75,médio
2306,24,99,Alto,Médio,Não,4,92,Baixo,Sim,2,Alto,Médio,Privado,Neutro,3,Não,Ensino Médio,Longe,Masculino,72,médio
2307,19,79,Baixo,Médio,Sim,5,99,Alto,Sim,1,Baixo,Médio,Privado,Negativo,4,Não,Faculdade,Moderado,Feminino,66,médio
2308,23,89,Baixo,Alto,Não,10,69,Baixo,Sim,5,Médio,Médio,Público,Neutro,4,Não,Ensino Médio,Perto,Masculino,71,médio
2309,25,75,Baixo,Alto,Não,7,57,Alto,Sim,4,Baixo,Alto,Público,Positivo,5,Não,Faculdade,Perto,Masculino,70,médio
2310,18,67,Médio,Alto,Sim,7,78,Baixo,Sim,2,Médio,Médio,Público,Negativo,3,Sim,Ensino Médio,Perto,Feminino,63,médio
2311,31,78,Alto,Alto,Sim,6,97,Baixo,Sim,0,Médio,Alto,Público,Neutro,3,Não,Ensino Médio,Perto,Masculino,72,médio
2312,21,67,Médio,Médio,Sim,5,83,Médio,Sim,1,Baixo,Alto,Privado,Neutro,5,Não,Ensino Médio,Perto,Masculino,65,médio
2313,23,99,Médio,Médio,Sim,7,80,Baixo,Sim,3,Baixo,Baixo,Privado,Neutro,2,Não,Ensino Médio,Perto,Masculino,71,médio
2314,24,64,Médio,Médio,Sim,8,65,Médio,Sim,0,Médio,Médio,Público,Positivo,3,Não,Faculdade,Perto,Feminino,65,médio
2315,23,84,Médio,Baixo,Sim,7,80,Médio,Sim,1,Médio,Alto,Privado,Positivo,3,Não,Faculdade,Moderado,Feminino,69,médio
2316,25,85,Médio,Baixo,Sim,8,94,Médio,Sim,3,Médio,Alto,Público,Positivo,3,Não,Ensino Médio,Moderado,Masculino,71,médio
2317,16,82,Médio,Alto,Sim,10,69,Médio,Sim,2,Baixo,Médio,Público,Positivo,4,Não,Faculdade,Perto,Masculino,68,médio
2318,17,86,Baixo,Médio,Não,6,62,Baixo,Sim,2,Médio,Alto,Público,Positivo,4,Não,Ensino Médio,Perto,Feminino,66,médio
2319,13,65,Alto,Médio,Não,7,74,Baixo,Sim,0,Alto,Médio,Público,Neutro,2,Sim,Ensino Médio,Moderado,Masculino,60,baixo
2320,23,82,Médio,Médio,Não,9,69,Médio,Sim,0,Alto,Médio,Público,Positivo,3,Não,Ensino Médio,Perto,Feminino,68,médio
2321,25,71,Médio,Alto,Sim,6,73,Médio,Sim,1,Baixo,Médio,Privado,Neutro,4,Não,Ensino Médio,Perto,Feminino,67,médio
2322,23,98,Médio,Baixo,Não,7,55,Médio,Sim,3,Alto,Alto,Privado,Neutro,4,Não,Ensino Médio,Perto,Masculino,71,médio
2323,30,90,Alto,Médio,Não,10,67,Alto,Sim,2,Médio,Médio,Privado,Neutro,6,Não,Ensino Médio,Perto,Masculino,74,médio
2324,20,99,Baixo,Médio,Não,6,91,Médio,Sim,2,Médio,Baixo,Público,Negativo,4,Não,Ensino Médio,Perto,Masculino,70,médio
2325,24,62,Baixo,Alto,Não,9,70,Baixo,Sim,2,Baixo,Médio,Público,Positivo,2,Não,Faculdade,Moderado,Feminino,63,médio
2326,13,71,Médio,Médio,Não,7,98,Médio,Sim,0,Médio,Médio,Público,Positivo,3,Não,Faculdade,Perto,Masculino,64,médio
2327,18,68,Médio,Alto,Sim,10,85,Alto,Sim,3,Baixo,Médio,Público,Neutro,3,Não,Ensino Médio,Perto,Masculino,66,médio
2328,24,60,Médio,Médio,Sim,5,68,Médio,Sim,0,Médio,Baixo,Público,Neutro,3,Não,Pós-Graduação,Perto,Feminino,64,médio
2329,25,70,Alto,Alto,Sim,7,63,Médio,Sim,1,Médio,Alto,Privado,Positivo,3,Não,Faculdade,Moderado,Masculino,69,médio
2330,18,87,Médio,Alto,Sim,5,84,Médio,Sim,2,Médio,Baixo,Privado,Positivo,4,Não,Pós-Graduação,Perto,Masculino,71,médio
2331,20,69,Alto,Médio,Não,6,65,Médio,Sim,1,Baixo,Médio,Público,Neutro,2,Não,Ensino Médio,Perto,Feminino,64,médio
2332,11,80,Médio,Médio,Sim,6,96,Baixo,Sim,1,Baixo,Alto,Público,Neutro,3,Não,Ensino Médio,Perto,Masculino,65,médio
2333,18,96,Alto,Médio,Não,7,56,Baixo,Sim,2,Médio,Médio,Privado,Neutro,1,Não,Faculdade,Perto,Feminino,69,médio
2334,25,88,Médio,Alto,Não,5,51,Médio,Sim,1,Médio,Baixo,Público,Neutro,1,Não,Ensino Médio,Perto,Feminino,68,médio
2335,23,76,Médio,Médio,Sim,7,61,Médio,Sim,3,Médio,Baixo,Público,Positivo,4,Não,Ensino Médio,Perto,Masculino,68,médio
2336,23,75,Alto,Médio,Sim,8,80,Alto,Sim,0,Baixo,Alto,Privado,Neutro,4,Não,Ensino Médio,Moderado,Feminino,68,médio
2337,20,78,Baixo,Médio,Sim,5,92,Baixo,Sim,1,Médio,Médio,Público,Positivo,3,Não,Ensino Médio,Longe,Masculino,65,médio
2338,20,67,Alto,Alto,Não,6,59,Baixo,Sim,1,Médio,Médio,Privado,Negativo,4,Não,Faculdade,Perto,Feminino,65,médio
2339,16,85,Médio,Baixo,Não,10,79,Baixo,Sim,1,Alto,Médio,Privado,Neutro,3,Não,Faculdade,Perto,Masculino,66,médio
2340,24,75,Alto,Baixo,Não,7,57,Médio,Sim,0,Médio,Médio,Público,Neutro,1,Não,Pós-Graduação,Perto,Masculino,66,médio
2341,23,94,Médio,Baixo,Sim,4,78,Médio,Sim,2,Alto,Alto,Público,Neutro,4,Não,Ensino Médio,Moderado,Masculino,71,médio
2342,23,90,Alto,Médio,Sim,5,51,Médio,Sim,0,Baixo,Alto,Público,Negativo,1,Não,Ensino Médio,Perto,Masculino,68,médio
2343,17,84,Baixo,Médio,Sim,7,78,Baixo,Sim,0,Alto,Alto,Público,Neutro,5,Sim,Faculdade,Moderado,Feminino,65,médio
2344,7,75,Médio,Alto,Sim,7,76,Médio,Sim,0,Médio,Baixo,Privado,Positivo,4,Não,Faculdade,Moderado,Feminino,63,médio
2345,27,68,Alto,Médio,Não,6,52,Médio,Sim,1,Médio,Baixo,Privado,Neutro,5,Não,Pós-Graduação,Longe,Feminino,66,médio
2346,17,91,Alto,Baixo,Sim,10,84,Médio,Sim,7,Baixo,Alto,Público,Neutro,4,Sim,Faculdade,Moderado,Masculino,71,médio
2347,15,79,Baixo,Médio,Sim,10,79,Médio,Sim,2,Baixo,Médio,Privado,Neutro,4,Não,Faculdade,Moderado,Masculino,65,médio
2348,24,69,Médio,Alto,Sim,7,81,Baixo,Sim,3,Médio,Médio,Privado,Neutro,4,Não,Ensino Médio,Perto,Feminino,68,médio
2349,18,68,Médio,Médio,Sim,8,76,Alto,Sim,2,Alto,Médio,Público,Neutro,3,Não,Pós-Graduação,Perto,Masculino,66,médio
2350,26,67,Baixo,Alto,Não,8,86,Médio,Sim,2,Baixo,Médio,Público,Negativo,2,Sim,Ensino Médio,Perto,Feminino,64,médio
2351,24,91,Médio,Baixo,Sim,9,76,Alto,Sim,1,Baixo,Baixo,Público,Positivo,4,Não,Faculdade,Perto,Feminino,70,médio
2352,24,69,Alto,Baixo,Sim,6,96,Médio,Sim,4,Alto,Médio,Público,Positivo,4,Não,Faculdade,Moderado,Masculino,70,médio
2353,12,81,Médio,Alto,Não,10,97,Baixo,Sim,1,Baixo,Médio,Privado,Positivo,5,Não,Ensino Médio,Perto,Feminino,66,médio
2354,27,78,Médio,Médio,Sim,7,86,Médio,Sim,3,Médio,Médio,Público,Positivo,2,Não,Ensino Médio,Moderado,Feminino,70,médio
2355,22,83,Alto,Alto,Não,8,96,Médio,Não,2,Médio,Alto,Público,Positivo,0,Não,Faculdade,Perto,Feminino,71,médio
2356,18,95,Baixo,Alto,Não,7,96,Médio,Sim,2,Médio,Alto,Privado,Positivo,4,Sim,Ensino Médio,Moderado,Masculino,70,médio
2357,21,95,Médio,Médio,Não,7,63,Médio,Sim,1,Baixo,Médio,Privado,Positivo,4,Não,Pós-Graduação,Perto,Masculino,70,médio
2358,9,78,Alto,Médio,Sim,7,100,Baixo,Sim,2,Médio,Médio,Público,Positivo,2,Não,Ensino Médio,Perto,Masculino,66,médio
2359,22,61,Alto,Médio,Não,5,63,Baixo,Sim,1,Baixo,Médio,Público,Positivo,3,Não,Pós-Graduação,Perto,Masculino,64,médio
2360,14,77,Alto,Alto,Não,4,51,Baixo,Sim,5,Baixo,Médio,Público,Positivo,3,Não,Faculdade,Moderado,Masculino,66,médio
2361,12,84,Alto,Médio,Sim,7,98,Alto,Sim,1,Baixo,Médio,Público,Positivo,3,Não,Ensino Médio,Perto,Feminino,68,médio
2362,11,82,Baixo,Baixo,Não,6,61,Baixo,Sim,2,Médio,Médio,Público,Neutro,2,Não,Ensino Médio,Perto,Feminino,61,médio
2363,27,86,Médio,Médio,Sim,8,79,Médio,Sim,2,Baixo,Alto,Privado,Positivo,4,Não,Faculdade,Perto,Masculino,72,médio
2364,16,66,Alto,Alto,Não,8,99,Médio,Sim,1,Baixo,Alto,Privado,Positivo,3,Não,Ensino Médio,Moderado,Masculino,66,médio
2365,29,86,Baixo,Baixo,Sim,7,52,Médio,Sim,1,Baixo,Médio,Público,Positivo,3,Não,Faculdade,Perto,Feminino,68,médio
2366,17,67,Baixo,Médio,Não,9,63,Alto,Sim,1,Baixo,Alto,Público,Negativo,4,Não,Faculdade,Longe,Masculino,61,médio
2367,10,90,Alto,Médio,Sim,7,80,Baixo,Sim,0,Médio,Médio,Público,Neutro,5,Não,Ensino Médio,Perto,Feminino,67,médio
2368,13,74,Alto,Alto,Sim,5,88,Baixo,Sim,3,Baixo,Médio,Privado,Neutro,3,Sim,Faculdade,Perto,Feminino,66,médio
2369,27,88,Médio,Médio,Sim,7,90,Médio,Sim,3,Médio,Médio,Público,Positivo,4,Não,Pós-Graduação,Moderado,Feminino,74,médio
2370,19,62,Alto,Médio,Sim,9,94,Médio,Sim,0,Alto,Baixo,Público,Neutro,4,Não,Pós-Graduação,Perto,Feminino,66,médio
2371,17,76,Alto,Médio,Sim,4,58,Médio,Sim,4,Médio,Médio,Privado,Neutro,2,Não,Pós-Graduação,Moderado,Feminino,67,médio
2372,21,88,Alto,Baixo,Sim,7,69,Médio,Sim,4,Médio,Médio,Privado,Neutro,3,Não,Faculdade,Perto,Masculino,71,médio
2373,23,69,Alto,Baixo,Sim,8,86,Alto,Sim,0,Médio,Alto,Público,Neutro,4,Não,Faculdade,Longe,Masculino,66,médio
2374,27,92,Médio,Médio,Sim,10,86,Alto,Sim,0,Baixo,Baixo,Privado,Positivo,3,Não,Ensino Médio,Moderado,Masculino,71,médio
2375,29,85,Alto,Médio,Sim,9,65,Alto,Não,4,Baixo,Médio,Privado,Neutro,4,Não,Pós-Graduação,Moderado,Masculino,72,médio
2376,18,84,Médio,Médio,Sim,7,65,Médio,Sim,2,Médio,Médio,Público,Negativo,3,Não,Ensino Médio,Perto,Feminino,66,médio
2377,12,74,Alto,Baixo,Sim,8,66,Baixo,Sim,1,Baixo,Médio,Público,Positivo,2,Não,Ensino Médio,Perto,Masculino,62,médio
2378,18,79,Alto,Médio,Sim,4,95,Baixo,Sim,1,Baixo,Alto,Público,Negativo,2,Não,Ensino Médio,Moderado,Feminino,66,médio
2379,22,84,Baixo,Alto,Sim,5,95,Médio,Sim,2,Baixo,Alto,Público,Neutro,3,Não,Ensino Médio,Moderado,Masculino,69,médio
2380,14,79,Médio,Médio,Sim,8,51,Médio,Sim,0,Médio,Alto,Público,Negativo,4,Não,Ensino Médio,Perto,Masculino,64,médio
2381,14,88,Médio,Médio,Sim,7,66,Médio,Sim,4,Médio,Alto,Público,Positivo,3,Não,Ensino Médio,Perto,Feminino,69,médio
2382,22,77,Alto,Baixo,Sim,7,70,Médio,Sim,2,Médio,Médio,Privado,Positivo,4,Não,Pós-Graduação,Perto,Masculino,69,médio
2383,20,68,Alto,Baixo,Sim,7,99,Alto,Sim,0,Baixo,Médio,Público,Positivo,2,Sim,Faculdade,Moderado,Feminino,64,médio
2384,20,69,Médio,Alto,Sim,7,97,Médio,Sim,3,Médio,Alto,Público,Positivo,3,Sim,Faculdade,Perto,Feminino,68,médio
2385,15,60,Médio,Médio,Sim,7,81,Baixo,Sim,4,Baixo,Alto,Público,Positivo,2,Não,Ensino Médio,Perto,Masculino,63,médio
2386,19,72,Alto,Médio,Sim,5,52,Baixo,Sim,1,Baixo,Médio,Público,Positivo,2,Não,Ensino Médio,Perto,Masculino,64,médio
2387,14,90,Médio,Alto,Sim,7,60,Médio,Sim,2,Médio,Médio,Público,Neutro,4,Não,Pós-Graduação,Perto,Masculino,69,médio
2388,25,92,Baixo,Alto,Não,5,72,Médio,Sim,1,Médio,Médio,Público,Positivo,4,Não,Ensino Médio,Perto,Feminino,71,médio
2389,26,68,Médio,Alto,Não,6,98,Baixo,Sim,2,Médio,Médio,Privado,Neutro,3,Não,Faculdade,Longe,Feminino,67,médio
2390,9,98,Alto,Médio,Não,9,55,Baixo,Sim,3,Baixo,Médio,Público,Positivo,2,Não,Ensino Médio,Perto,Masculino,67,médio
2391,14,80,Alto,Baixo,Sim,7,90,Alto,Sim,2,Baixo,Alto,Público,Negativo,2,Não,Faculdade,Longe,Feminino,66,médio
2392,11,97,Médio,Alto,Sim,8,60,Médio,Sim,0,Médio,Baixo,Privado,Positivo,3,Não,Ensino Médio,Perto,Masculino,67,médio
2393,16,88,Baixo,Alto,Não,7,75,Baixo,Sim,2,Médio,Médio,Público,Neutro,4,Não,Pós-Graduação,Perto,Feminino,68,médio
2394,19,89,Médio,Médio,Sim,6,88,Baixo,Sim,1,Médio,Alto,Público,Positivo,2,Não,Ensino Médio,Perto,Feminino,69,médio
2395,11,63,Alto,Alto,Sim,5,85,Alto,Não,0,Baixo,Alto,Público,Positivo,4,Sim,Ensino Médio,Moderado,Feminino,62,médio
2396,14,69,Médio,Médio,Sim,6,89,Alto,Sim,2,Alto,Alto,Privado,Positivo,5,Não,Ensino Médio,Moderado,Feminino,66,médio
2397,14,60,Médio,Médio,Sim,7,91,Médio,Sim,1,Baixo,Alto,Privado,Negativo,3,Não,Pós-Graduação,Perto,Masculino,63,médio
2398,21,89,Baixo,Baixo,Sim,8,65,Médio,Sim,2,Baixo,Baixo,Público,Neutro,3,Não,Faculdade,Perto,Feminino,67,médio
2399,20,74,Alto,Médio,Não,7,68,Alto,Sim,3,Médio,Médio,Público,Positivo,4,Não,Ensino Médio,Longe,Masculino,68,médio
2400,16,91,Médio,Baixo,Não,8,91,Baixo,Sim,2,Médio,Médio,Público,Neutro,2,Não,Ensino Médio,Longe,Feminino,66,médio
2401,21,74,Médio,Médio,Sim,5,52,Médio,Sim,3,Médio,Médio,Privado,Positivo,1,Não,Ensino Médio,Perto,Masculino,66,médio
2402,17,93,Alto,Médio,Não,8,76,Baixo,Sim,0,Baixo,Médio,Privado,Negativo,3,Não,Ensino Médio,Moderado,Feminino,67,médio
2403,18,65,Alto,Médio,Sim,5,96,Médio,Sim,1,Alto,Médio,Privado,Neutro,2,Não,Ensino Médio,Perto,Feminino,66,médio
2404,30,67,Médio,Médio,Sim,8,94,Médio,Sim,1,Médio,Médio,Público,Neutro,2,Não,Faculdade,Perto,Feminino,69,médio
2405,28,74,Médio,Alto,Não,8,90,Alto,Sim,2,Médio,Médio,Público,Positivo,3,Não,Pós-Graduação,Perto,Masculino,72,médio
2406,12,76,Médio,Baixo,Sim,4,51,Médio,Sim,0,Baixo,Médio,Privado,Neutro,1,Não,Ensino Médio,Perto,Feminino,60,baixo
2407,25,74,Baixo,Alto,Sim,8,94,Alto,Sim,0,Baixo,Médio,Público,Positivo,4,Não,Ensino Médio,Moderado,Feminino,68,médio
2408,25,91,Baixo,Médio,Sim,8,96,Médio,Sim,3,Médio,Médio,Público,Neutro,3,Não,Ensino Médio,Perto,Feminino,72,médio
2409,13,64,Médio,Alto,Sim,9,83,Baixo,Sim,1,Alto,Médio,Público,Positivo,4,Não,Ensino Médio,Perto,Masculino,64,médio
2410,25,74,Baixo,Médio,Sim,6,65,Alto,Sim,0,Alto,Médio,Público,Neutro,1,Não,Ensino Médio,Moderado,Masculino,65,médio
2411,29,93,Alto,Alto,Não,7,74,Médio,Sim,3,Médio,Alto,Privado,Positivo,3,Não,Ensino Médio,Perto,Masculino,76,médio
2412,13,63,Baixo,Médio,Não,8,88,Médio,Sim,0,Baixo,Médio,Privado,Negativo,2,Não,Ensino Médio,Perto,Masculino,59,baixo
2413,14,98,Médio,Médio,Sim,8,91,Baixo,Sim,0,Baixo,Médio,Público,Negativo,4,Não,Ensino Médio,Moderado,Masculino,67,médio
2414,26,99,Médio,Médio,Sim,8,67,Médio,Sim,4,Médio,Médio,Privado,Positivo,4,Sim,Ensino Médio,Perto,Masculino,73,médio
2415,22,64,Médio,Alto,Não,6,66,Baixo,Sim,1,Médio,Médio,Público,Neutro,4,Não,Faculdade,Perto,Masculino,64,médio
2416,23,72,Médio,Alto,Não,8,87,Baixo,Sim,3,Médio,Baixo,Público,Neutro,3,Não,Ensino Médio,Perto,Masculino,67,médio
2417,22,75,Alto,Médio,Sim,8,84,Baixo,Sim,3,Alto,Médio,Público,Negativo,3,Não,Faculdade,Perto,Masculino,69,médio
2418,22,91,Médio,Baixo,Sim,7,76,Médio,Sim,1,Baixo,Alto,Público,Neutro,3,Não,Faculdade,Moderado,Feminino,69,médio
2419,12,84,Alto,Alto,Sim,6,71,Médio,Não,2,Médio,Médio,Público,Positivo,3,Não,Faculdade,Moderado,Masculino,67,médio
2420,26,86,Médio,Alto,Sim,6,83,Médio,Sim,2,Baixo,Médio,Público,Positivo,4,Não,Ensino Médio,Perto,Masculino,72,médio
2421,27,90,Baixo,Médio,Não,9,52,Baixo,Não,2,Baixo,Alto,Público,Positivo,2,Sim,Faculdade,Perto,Masculino,86,alto
2422,19,65,Médio,Alto,Sim,8,54,Médio,Sim,0,Baixo,Alto,Privado,Neutro,3,Não,Ensino Médio,Longe,Feminino,62,médio
2423,20,93,Médio,Baixo,Não,7,79,Médio,Sim,1,Médio,Baixo,Público,Neutro,3,Não,Pós-Graduação,Perto,Feminino,69,médio
2424,11,88,Alto,Alto,Sim,7,61,Baixo,Sim,2,Médio,Médio,Público,Neutro,3,Não,Pós-Graduação,Perto,Masculino,68,médio
2425,23,83,Alto,Alto,Sim,4,89,Baixo,Sim,1,Médio,Médio,Público,Negativo,3,Não,Ensino Médio,Longe,Masculino,99,alto
2426,23,96,Baixo,Médio,Sim,7,89,Médio,Sim,1,Baixo,Médio,Privado,Positivo,3,Não,Faculdade,Longe,Feminino,70,médio
2427,20,88,Baixo,Médio,Sim,5,85,Médio,Sim,2,Médio,Médio,Público,Negativo,3,Não,Ensino Médio,Perto,Masculino,68,médio
2428,27,68,Médio,Médio,Sim,7,95,Baixo,Sim,0,Médio,Médio,Público,Positivo,4,Não,Ensino Médio,Perto,Masculino,67,médio
2429,18,77,Alto,Médio,Sim,9,57,Baixo,Sim,1,Baixo,Alto,Público,Negativo,2,Não,Pós-Graduação,Perto,Masculino,66,médio
2430,23,80,Baixo,Alto,Não,6,63,Baixo,Sim,0,Alto,Médio,Privado,Positivo,2,Não,Ensino Médio,Perto,Masculino,66,médio
2431,14,62,Médio,Alto,Sim,7,63,Médio,Sim,2,Baixo,Médio,Público,Positivo,2,Não,Faculdade,Moderado,Feminino,62,médio
2432,20,98,Médio,Médio,Sim,8,89,Alto,Sim,3,Alto,Médio,Público,Negativo,2,Sim,Faculdade,Perto,Masculino,72,médio
2433,19,65,Médio,Alto,Sim,7,76,Médio,Não,0,Médio,Médio,Público,Neutro,3,Não,Pós-Graduação,Perto,Feminino,64,médio
2434,21,88,Médio,Médio,Sim,6,63,Baixo,Sim,1,Médio,Médio,Público,Neutro,3,Não,Ensino Médio,Perto,Feminino,68,médio
2435,18,80,Médio,Alto,Sim,7,57,Médio,Sim,2,Baixo,Baixo,Público,Positivo,3,Não,Pós-Graduação,Longe,Feminino,66,médio
2436,19,61,Médio,Alto,Sim,8,95,Alto,Sim,4,Médio,Médio,Privado,Positivo,3,Não,Faculdade,Perto,Masculino,68,médio
2437,25,97,Baixo,Alto,Sim,7,85,Alto,Sim,3,Alto,Médio,Público,Neutro,1,Não,Pós-Graduação,Perto,Masculino,75,médio
2438,17,94,Baixo,Baixo,Não,7,76,Alto,Sim,3,Baixo,Alto,Público,Neutro,3,Sim,Faculdade,Longe,Masculino,67,médio
2439,10,81,Baixo,Médio,Sim,9,98,Médio,Sim,2,Baixo,Médio,Público,Neutro,2,Não,Faculdade,Perto,Masculino,65,médio
2440,30,69,Médio,Médio,Não,8,92,Médio,Sim,2,Médio,Baixo,Público,Neutro,3,Não,Ensino Médio,Perto,Feminino,68,médio
2441,28,65,Médio,Médio,Sim,5,59,Alto,Sim,2,Baixo,Médio,Privado,Neutro,5,Não,Ensino Médio,Perto,Masculino,67,médio
2442,12,75,Médio,Médio,Sim,8,75,Alto,Sim,1,Baixo,Médio,Privado,Negativo,2,Não,Faculdade,Perto,Feminino,63,médio
2443,24,70,Médio,Alto,Sim,8,74,Baixo,Sim,2,Médio,Alto,Público,Negativo,3,Não,Ensino Médio,Perto,Masculino,67,médio
2444,17,80,Médio,Médio,Sim,5,92,Médio,Sim,0,Baixo,Médio,Privado,Negativo,4,Não,Pós-Graduação,Perto,Feminino,67,médio
2445,22,99,Médio,Médio,Sim,4,57,Alto,Sim,2,Médio,Alto,Público,Positivo,3,Não,Faculdade,Perto,Feminino,73,médio
2446,22,83,Médio,Médio,Sim,5,73,Alto,Não,0,Baixo,Médio,Público,Positivo,3,Não,Ensino Médio,Perto,Masculino,67,médio
2447,19,96,Médio,Médio,Não,7,82,Médio,Sim,1,Alto,Médio,Público,Neutro,4,Não,Pós-Graduação,Perto,Masculino,71,médio
2448,15,86,Baixo,Médio,Não,9,97,Médio,Sim,2,Médio,Médio,Público,Negativo,4,Não,Ensino Médio,Perto,Masculino,67,médio
2449,16,79,Alto,Baixo,Sim,6,95,Médio,Sim,0,Alto,Médio,Público,Neutro,5,Não,Faculdade,Perto,Masculino,68,médio
2450,15,94,Baixo,Baixo,Sim,8,77,Médio,Sim,1,Alto,Alto,Privado,Positivo,1,Não,Faculdade,Perto,Masculino,68,médio
2451,15,79,Alto,Médio,Sim,4,80,Médio,Sim,1,Alto,Médio,Privado,Negativo,4,Não,Ensino Médio,Longe,Masculino,66,médio
2452,20,95,Alto,Baixo,Sim,7,93,Baixo,Não,0,Baixo,Alto,Público,Neutro,2,Não,Ensino Médio,Perto,Masculino,68,médio
2453,16,72,Médio,Baixo,Não,6,87,Médio,Não,2,Médio,Baixo,Privado,Positivo,4,Não,Ensino Médio,Perto,Feminino,63,médio
2454,24,65,Alto,Alto,Não,10,94,Médio,Sim,2,Médio,Médio,Público,Neutro,2,Não,Pós-Graduação,Moderado,Masculino,68,médio
2455,29,94,Baixo,Alto,Sim,4,95,Médio,Sim,1,Médio,Médio,Público,Positivo,5,Não,Ensino Médio,Perto,Masculino,74,médio
2456,17,83,Baixo,Médio,Sim,7,92,Baixo,Sim,3,Baixo,Médio,Público,Neutro,2,Sim,Ensino Médio,Moderado,Masculino,65,médio
2457,21,96,Médio,Médio,Sim,4,50,Médio,Sim,1,Baixo,Baixo,Privado,Positivo,2,Não,Pós-Graduação,Moderado,Masculino,69,médio
2458,23,98,Médio,Alto,Não,6,66,Médio,Sim,1,Baixo,Médio,Público,Neutro,1,Não,Ensino Médio,Moderado,Masculino,70,médio
2459,23,62,Médio,Baixo,Sim,4,70,Alto,Sim,3,Médio,Alto,Público,Positivo,2,Não,Faculdade,Moderado,Feminino,65,médio
2460,20,80,Médio,Médio,Não,10,84,Médio,Sim,1,Médio,Médio,Público,Positivo,4,Não,Faculdade,Perto,Masculino,68,médio
2461,24,75,Baixo,Médio,Não,6,65,Médio,Não,0,Médio,Médio,Público,Positivo,5,Não,Faculdade,Moderado,Masculino,65,médio
2462,23,85,Médio,Alto,Não,7,66,Baixo,Não,0,Alto,Alto,Público,Neutro,2,Não,Faculdade,Perto,Masculino,68,médio
2463,13,92,Médio,Alto,Sim,7,70,Baixo,Sim,4,Baixo,Médio,Público,Neutro,3,Não,Ensino Médio,Perto,Masculino,68,médio
2464,25,71,Médio,Médio,Sim,5,98,Baixo,Sim,0,Baixo,Médio,Público,Positivo,1,Não,Pós-Graduação,Longe,Masculino,66,médio
2465,25,82,Alto,Médio,Não,9,72,Alto,Sim,0,Alto,Médio,Público,Positivo,0,Não,Faculdade,Perto,Feminino,70,médio
2466,15,88,Médio,Médio,Não,8,57,Médio,Sim,1,Alto,Médio,Privado,Positivo,2,Não,Ensino Médio,Longe,Masculino,66,médio
2467,20,65,Médio,Alto,Sim,8,50,Médio,Sim,0,Baixo,Médio,Público,Positivo,5,Não,Ensino Médio,Perto,Masculino,64,médio
2468,24,93,Médio,Alto,Não,5,62,Médio,Sim,1,Baixo,Médio,Público,Neutro,1,Não,Faculdade,Perto,Feminino,70,médio
2469,19,84,Alto,Médio,Não,9,97,Baixo,Sim,1,Alto,Médio,Público,Negativo,3,Sim,Ensino Médio,Perto,Masculino,68,médio
2470,26,98,Baixo,Alto,Sim,9,98,Baixo,Sim,4,Baixo,Baixo,Público,Positivo,2,Não,Faculdade,Moderado,Masculino,74,médio
2471,34,74,Alto,Baixo,Sim,7,76,Médio,Sim,2,Baixo,Alto,Público,Positivo,2,Não,Faculdade,Perto,Feminino,71,médio
2472,15,64,Médio,Médio,Sim,8,82,Baixo,Sim,0,Baixo,Médio,Público,Negativo,3,Não,Ensino Médio,Perto,Masculino,61,médio
2473,12,80,Médio,Baixo,Não,7,90,Médio,Sim,3,Baixo,Médio,Público,Neutro,3,Não,Ensino Médio,Perto,Feminino,64,médio
2474,22,63,Alto,Baixo,Não,5,53,Alto,Sim,2,Alto,Médio,Público,Neutro,1,Não,Pós-Graduação,Moderado,Masculino,64,médio
2475,24,99,Alto,Médio,Sim,7,69,Médio,Sim,0,Médio,Médio,Privado,Positivo,3,Não,Ensino Médio,Perto,Masculino,73,médio
2476,19,62,Médio,Alto,Sim,6,82,Médio,Sim,0,Baixo,Alto,Público,Negativo,3,Sim,Faculdade,Moderado,Masculino,62,médio
2477,29,90,Baixo,Médio,Sim,7,95,Médio,Sim,0,Alto,Alto,Público,Neutro,2,Sim,Ensino Médio,Perto,Masculino,71,médio
2478,12,81,Alto,Médio,Sim,9,86,Médio,Sim,2,Médio,Alto,Público,Negativo,2,Não,Pós-Graduação,Perto,Masculino,68,médio
2479,24,75,Médio,Baixo,Sim,5,68,Alto,Sim,2,Médio,Médio,Público,Neutro,2,Não,Pós-Graduação,Perto,Masculino,67,médio
2480,16,63,Médio,Médio,Não,6,95,Alto,Sim,1,Médio,Médio,Público,Negativo,4,Não,Faculdade,Longe,Feminino,63,médio
2481,30,85,Baixo,Médio,Não,6,83,Médio,Sim,2,Médio,Médio,Público,Positivo,3,Não,Faculdade,Perto,Feminino,71,médio
2482,32,83,Médio,Médio,Sim,6,92,Baixo,Sim,1,Alto,Médio,Público,Neutro,3,Não,Ensino Médio,Perto,Masculino,72,médio
2483,15,71,Alto,Médio,Não,6,69,Alto,Não,3,Médio,Alto,Público,Positivo,3,Não,Pós-Graduação,Moderado,Feminino,66,médio
2484,17,96,Médio,Médio,Sim,7,50,Baixo,Sim,1,Médio,Médio,Privado,Negativo,4,Não,Ensino Médio,Perto,Feminino,67,médio
2485,25,72,Alto,Médio,Sim,8,58,Médio,Sim,0,Baixo,Médio,Público,Negativo,4,Não,Faculdade,Moderado,Feminino,66,médio
2486,18,78,Baixo,Médio,Não,8,96,Médio,Sim,4,Alto,Médio,Público,Positivo,4,Sim,Faculdade,Perto,Masculino,68,médio
2487,20,82,Baixo,Baixo,Sim,7,52,Baixo,Sim,0,Médio,Médio,Privado,Neutro,3,Não,Faculdade,Perto,Feminino,64,médio
2488,20,64,Médio,Médio,Sim,8,80,Alto,Sim,1,Médio,Médio,Privado,Positivo,3,Não,Ensino Médio,Perto,Masculino,65,médio
2489,8,97,Alto,Médio,Sim,10,70,Alto,Sim,0,Baixo,Baixo,Público,Neutro,1,Não,Ensino Médio,Perto,Masculino,66,médio
2490,20,75,Alto,Alto,Sim,7,71,Alto,Sim,1,Médio,Alto,Público,Positivo,4,Não,Faculdade,Moderado,Masculino,69,médio
2491,16,63,Alto,Alto,Não,9,70,Baixo,Sim,2,Médio,Alto,Privado,Negativo,5,Não,Faculdade,Moderado,Feminino,64,médio
2492,17,75,Baixo,Alto,Sim,8,53,Médio,Sim,1,Baixo,Alto,Público,Positivo,3,Não,Faculdade,Perto,Feminino,65,médio
2493,29,84,Alto,Médio,Sim,10,56,Alto,Sim,3,Baixo,Alto,Público,Neutro,4,Não,Pós-Graduação,Longe,Feminino,72,médio
2494,12,81,Alto,Médio,Não,8,53,Baixo,Sim,1,Médio,Alto,Privado,Positivo,3,Não,Faculdade,Perto,Masculino,65,médio
2495,25,88,Baixo,Alto,Sim,6,53,Médio,Sim,2,Médio,Alto,Público,Negativo,4,Não,Faculdade,Perto,Feminino,70,médio
2496,18,62,Médio,Médio,Sim,7,54,Médio,Sim,2,Médio,Alto,Privado,Positivo,3,Não,Pós-Graduação,Moderado,Masculino,64,médio
2497,18,71,Médio,Baixo,Sim,7,85,Baixo,Sim,1,Baixo,Baixo,Público,Neutro,2,Não,Ensino Médio,Moderado,Masculino,62,médio
2498,25,93,Médio,Alto,Não,8,56,Alto,Sim,0,Baixo,Baixo,Privado,Neutro,3,Não,Ensino Médio,Perto,Masculino,69,médio
2499,22,63,Alto,Baixo,Não,6,63,Baixo,Sim,1,Médio,Baixo,Público,Negativo,2,Não,Pós-Graduação,Moderado,Masculino,62,médio
2500,23,94,Baixo,Baixo,Sim,9,83,Médio,Sim,2,Baixo,Médio,Privado,Positivo,2,Não,Ensino Médio,Perto,Feminino,69,médio
2501,26,64,Médio,Alto,Não,7,56,Médio,Sim,3,Médio,Médio,Público,Positivo,3,Não,Ensino Médio,Perto,Masculino,66,médio
2502,18,93,Médio,Alto,Sim,8,96,Médio,Sim,2,Médio,Baixo,Público,Positivo,2,Não,Ensino Médio,Moderado,Feminino,71,médio
2503,16,74,Médio,Alto,Sim,7,74,Baixo,Sim,4,Baixo,Baixo,Privado,Positivo,3,Não,Ensino Médio,Perto,Masculino,66,médio
2504,13,84,Alto,Médio,Não,7,98,Médio,Não,0,Baixo,Baixo,Público,Neutro,4,Sim,Ensino Médio,Perto,Masculino,64,médio
2505,15,66,Médio,Alto,Sim,7,60,Alto,Sim,2,Alto,Médio,Privado,Negativo,3,Não,Ensino Médio,Moderado,Feminino,63,médio
2506,38,63,Médio,Alto,Não,8,52,Alto,Sim,1,Médio,Médio,Privado,Positivo,3,Não,Faculdade,Moderado,Masculino,69,médio
2507,27,69,Alto,Alto,Sim,10,80,Médio,Não,1,Médio,Alto,Público,Positivo,4,Sim,Ensino Médio,Perto,Feminino,68,médio
2508,12,65,Alto,Alto,Sim,4,66,Médio,Sim,0,Médio,Alto,Público,Neutro,2,Não,Ensino Médio,Perto,Feminino,63,médio
2509,12,72,Médio,Médio,Sim,8,79,Alto,Sim,1,Alto,Médio,Público,Positivo,3,Não,Faculdade,Longe,Masculino,64,médio
2510,23,81,Médio,Baixo,Sim,7,74,Médio,Sim,0,Baixo,Médio,Público,Neutro,0,Não,Pós-Graduação,Perto,Feminino,66,médio
2511,23,84,Médio,Alto,Sim,7,73,Médio,Sim,1,Alto,Médio,Público,Positivo,4,Não,Ensino Médio,Perto,Masculino,71,médio
2512,23,92,Alto,Médio,Sim,4,93,Alto,Sim,0,Alto,Médio,Público,Negativo,4,Não,Ensino Médio,Perto,Feminino,72,médio
2513,18,86,Alto,Médio,Não,8,60,Médio,Sim,2,Baixo,Alto,Privado,Neutro,1,Não,Faculdade,Perto,Masculino,88,alto
2514,19,84,Médio,Alto,Sim,7,75,Baixo,Sim,1,Baixo,Médio,Público,Negativo,2,Não,Faculdade,Longe,Masculino,66,médio
2515,22,76,Médio,Médio,Sim,6,71,Médio,Sim,0,Baixo,Alto,Privado,Neutro,2,Não,Ensino Médio,Moderado,Masculino,65,médio
2516,21,79,Baixo,Médio,Sim,7,84,Baixo,Sim,2,Médio,Médio,Privado,Neutro,3,Não,Ensino Médio,Perto,Masculino,66,médio
2517,7,77,Baixo,Médio,Sim,7,53,Alto,Sim,4,Baixo,Médio,Privado,Positivo,2,Não,Faculdade,Moderado,Feminino,62,médio
2518,19,94,Médio,Baixo,Não,4,76,Médio,Sim,4,Baixo,Alto,Privado,Negativo,3,Não,Ensino Médio,Moderado,Feminino,68,médio
2519,15,69,Médio,Médio,Sim,7,74,Alto,Sim,2,Baixo,Médio,Privado,Neutro,5,Não,Pós-Graduação,Perto,Feminino,65,médio
2520,21,60,Baixo,Alto,Não,8,99,Baixo,Sim,0,Baixo,Baixo,Privado,Positivo,3,Não,Ensino Médio,Perto,Masculino,62,médio
2521,38,86,Alto,Médio,Não,6,88,Alto,Sim,1,Baixo,Alto,Público,Negativo,4,Não,Ensino Médio,Moderado,Feminino,74,médio
2522,22,68,Médio,Baixo,Sim,7,58,Médio,Sim,0,Médio,Médio,Público,Neutro,3,Não,Pós-Graduação,Perto,Masculino,64,médio
2523,18,96,Alto,Alto,Não,7,75,Alto,Sim,2,Médio,Alto,Público,Negativo,2,Não,Ensino Médio,Perto,Masculino,72,médio
2524,26,94,Médio,Médio,Não,9,89,Médio,Sim,0,Baixo,Médio,Público,Neutro,3,Sim,Ensino Médio,Perto,Feminino,70,médio
2525,23,63,Alto,Médio,Não,7,76,Médio,Sim,2,Médio,Alto,Público,Positivo,1,Não,Ensino Médio,Longe,Masculino,65,médio
2526,23,64,Médio,Alto,Sim,8,68,Baixo,Sim,3,Baixo,Alto,Público,Neutro,3,Não,Ensino Médio,Perto,Feminino,66,médio
2527,24,80,Médio,Médio,Sim,7,69,Baixo,Sim,0,Médio,Alto,Privado,Positivo,3,Não,Faculdade,Longe,Masculino,67,médio
2528,32,84,Médio,Alto,Sim,10,68,Médio,Sim,1,Baixo,Médio,Público,Positivo,5,Não,Ensino Médio,Perto,Masculino,73,médio
2529,13,71,Médio,Alto,Sim,6,51,Baixo,Sim,4,Alto,Médio,Público,Positivo,4,Não,Faculdade,Moderado,Feminino,65,médio
2530,23,89,Alto,Alto,Não,6,87,Médio,Sim,4,Médio,Alto,Privado,Neutro,3,Não,Faculdade,Perto,Feminino,74,médio
2531,14,84,Médio,Médio,Não,7,81,Médio,Sim,0,Alto,Médio,Público,Neutro,2,Não,Faculdade,Perto,Feminino,66,médio
2532,23,73,Médio,Médio,Não,6,63,Médio,Sim,1,Alto,Médio,Público,Positivo,3,Não,Ensino Médio,Perto,Masculino,67,médio
2533,14,61,Médio,Médio,Não,5,82,Baixo,Não,0,Baixo,Médio,Público,Neutro,0,Não,Ensino Médio,Perto,Feminino,58,baixo
2534,17,90,Alto,Alto,Não,8,65,Médio,Sim,2,Baixo,Alto,Público,Positivo,3,Não,Pós-Graduação,Moderado,Masculino,71,médio
2535,18,69,Baixo,Alto,Sim,4,62,Alto,Sim,1,Médio,Baixo,Público,Neutro,3,Não,Ensino Médio,Moderado,Masculino,63,médio
2536,26,93,Baixo,Alto,Não,6,87,Médio,Sim,1,Médio,Alto,Público,Positivo,3,Não,Faculdade,Perto,Feminino,73,médio
2537,26,77,Alto,Médio,Sim,5,90,Médio,Sim,1,Médio,Médio,Privado,Neutro,2,Não,Ensino Médio,Longe,Feminino,68,médio
2538,13,83,Baixo,Médio,Sim,7,81,Médio,Sim,4,Baixo,Médio,Público,Negativo,5,Não,Faculdade,Perto,Feminino,66,médio
2539,20,95,Baixo,Médio,Não,4,89,Médio,Sim,3,Baixo,Médio,Público,Negativo,3,Sim,Ensino Médio,Perto,Masculino,68,médio
2540,16,95,Médio,Baixo,Não,8,68,Baixo,Não,2,Médio,Alto,Público,Neutro,4,Não,Ensino Médio,Perto,Feminino,66,médio
2541,12,75,Médio,Alto,Não,8,54,Baixo,Sim,1,Médio,Alto,Público,Negativo,3,Não,Ensino Médio,Perto,Feminino,62,médio
2542,19,68,Médio,Médio,Sim,5,80,Médio,Sim,0,Médio,Médio,Público,Neutro,3,Sim,Ensino Médio,Moderado,Masculino,78,médio
2543,18,91,Médio,Médio,Não,7,63,Médio,Sim,1,Médio,Médio,Público,Negativo,4,Não,Faculdade,Perto,Masculino,68,médio
2544,35,77,Alto,Alto,Sim,8,89,Médio,Sim,5,Alto,Médio,Público,Positivo,4,Não,Faculdade,Perto,Feminino,77,médio
2545,23,68,Alto,Baixo,Sim,8,68,Médio,Sim,1,Médio,Médio,Público,Neutro,2,Não,Faculdade,Perto,Masculino,65,médio
2546,12,96,Alto,Alto,Sim,5,84,Baixo,Sim,3,Alto,Médio,Público,Positivo,4,Não,Pós-Graduação,Perto,Feminino,73,médio
2547,17,68,Médio,Baixo,Sim,5,78,Médio,Sim,4,Baixo,Baixo,Público,Positivo,2,Não,Faculdade,Perto,Masculino,64,médio
2548,26,61,Baixo,Alto,Sim,9,91,Médio,Não,0,Alto,Alto,Privado,Positivo,4,Não,Faculdade,Perto,Feminino,67,médio
2549,33,61,Alto,Médio,Não,6,92,Médio,Sim,1,Médio,Médio,Público,Positivo,4,Não,Ensino Médio,Perto,Feminino,69,médio
2550,10,85,Baixo,Baixo,Sim,6,53,Alto,Sim,1,Baixo,Médio,Privado,Neutro,3,Sim,Ensino Médio,Moderado,Masculino,60,baixo
2551,9,86,Alto,Médio,Não,8,65,Alto,Sim,0,Médio,Médio,Público,Positivo,3,Não,Faculdade,Perto,Feminino,66,médio
2552,31,72,Baixo,Alto,Sim,5,94,Alto,Sim,2,Baixo,Baixo,Público,Positivo,2,Não,Ensino Médio,Perto,Masculino,70,médio
2553,22,73,Alto,Médio,Sim,7,70,Baixo,Não,2,Baixo,Médio,Público,Positivo,3,Não,Faculdade,Perto,Masculino,66,médio
2554,15,74,Alto,Médio,Sim,8,76,Médio,Sim,1,Médio,Baixo,Público,Neutro,4,Não,Ensino Médio,Longe,Masculino,64,médio
2555,23,87,Médio,Alto,Não,5,59,Médio,Sim,1,Alto,Baixo,Público,Neutro,4,Não,Faculdade,Perto,Masculino,70,médio
2556,4,62,Médio,Médio,Não,6,78,Alto,Sim,3,Alto,Médio,Público,Neutro,2,Não,Ensino Médio,Longe,Feminino,58,baixo
2557,20,97,Médio,Alto,Sim,5,63,Médio,Sim,0,Baixo,Médio,Público,Negativo,3,Não,Faculdade,Longe,Feminino,69,médio
2558,22,69,Médio,Médio,Sim,6,91,Baixo,Sim,0,Alto,Alto,Privado,Neutro,1,Sim,Ensino Médio,Moderado,Masculino,64,médio
2559,26,100,Baixo,Médio,Não,9,60,Médio,Sim,2,Médio,Médio,Público,Positivo,4,Não,Ensino Médio,Perto,Masculino,72,médio
2560,14,67,Médio,Médio,Sim,9,68,Baixo,Sim,1,Baixo,Médio,Público,Neutro,3,Sim,Ensino Médio,Perto,Masculino,60,baixo
2561,21,91,Médio,Médio,Sim,7,55,Alto,Sim,2,Alto,Médio,Privado,Neutro,3,Não,Ensino Médio,Perto,Feminino,70,médio
2562,14,69,Médio,Baixo,Sim,8,79,Médio,Sim,1,Alto,Médio,Público,Negativo,1,Não,Pós-Graduação,Moderado,Feminino,62,médio
2563,22,63,Médio,Médio,Sim,8,97,Médio,Sim,1,Alto,Alto,Público,Neutro,3,Não,Ensino Médio,Moderado,Feminino,66,médio
2564,15,95,Médio,Médio,Sim,6,59,Baixo,Sim,0,Médio,Médio,Privado,Positivo,5,Não,Ensino Médio,Longe,Feminino,66,médio
2565,18,94,Baixo,Médio,Sim,7,51,Médio,Sim,1,Baixo,Médio,Público,Neutro,3,Sim,Faculdade,Moderado,Masculino,65,médio
2566,14,76,Alto,Médio,Sim,5,71,Médio,Sim,1,Baixo,Médio,Público,Negativo,3,Não,Ensino Médio,Perto,Masculino,64,médio
2567,24,88,Alto,Médio,Sim,6,87,Médio,Sim,1,Alto,Baixo,Privado,Positivo,3,Não,Ensino Médio,Perto,Feminino,72,médio
2568,25,82,Médio,Médio,Sim,7,99,Alto,Sim,3,Baixo,Alto,Público,Neutro,2,Não,Ensino Médio,Perto,Feminino,71,médio
2569,19,94,Baixo,Alto,Não,5,53,Médio,Sim,1,Médio,Médio,Público,Neutro,3,Não,Ensino Médio,Perto,Feminino,68,médio
2570,20,73,Alto,Médio,Sim,5,89,Médio,Sim,2,Médio,Alto,Público,Positivo,5,Sim,Ensino Médio,Moderado,Feminino,68,médio
2571,11,81,Baixo,Médio,Sim,6,68,Alto,Sim,2,Alto,Médio,Privado,Negativo,3,Não,Pós-Graduação,Longe,Feminino,64,médio
2572,18,79,Baixo,Médio,Sim,9,58,Médio,Sim,3,Médio,Alto,Público,Negativo,3,Não,Ensino Médio,Perto,Feminino,65,médio
2573,20,74,Médio,Alto,Sim,9,60,Médio,Não,1,Baixo,Médio,Público,Positivo,3,Não,Ensino Médio,Moderado,Feminino,64,médio
2574,36,96,Médio,Baixo,Não,7,96,Médio,Sim,1,Baixo,Alto,Público,Positivo,3,Não,Faculdade,Moderado,Feminino,75,médio
2575,13,67,Baixo,Médio,Sim,8,90,Médio,Sim,2,Baixo,Médio,Privado,Negativo,2,Não,Ensino Médio,Perto,Masculino,61,médio
2576,29,66,Alto,Alto,Não,6,66,Médio,Sim,0,Médio,Médio,Privado,Negativo,3,Não,Pós-Graduação,Perto,Masculino,68,médio
2577,26,83,Médio,Médio,Não,4,97,Baixo,Sim,2,Baixo,Alto,Público,Negativo,4,Não,Faculdade,Moderado,Masculino,70,médio
2578,22,86,Alto,Médio,Não,6,55,Médio,Sim,5,Alto,Baixo,Privado,Negativo,3,Não,Pós-Graduação,Perto,Feminino,71,médio
2579,31,68,Baixo,Alto,Sim,7,66,Baixo,Sim,0,Baixo,Médio,Público,Positivo,3,Não,Ensino Médio,Perto,Masculino,66,médio
2580,22,76,Alto,Baixo,Sim,7,83,Baixo,Sim,0,Baixo,Médio,Público,Positivo,1,Não,Faculdade,Perto,Masculino,66,médio
2581,22,98,Médio,Médio,Sim,7,100,Baixo,Sim,0,Baixo,Médio,Público,Neutro,3,Não,Ensino Médio,Longe,Masculino,70,médio
2582,20,70,Baixo,Médio,Não,7,73,Médio,Sim,0,Baixo,Médio,Público,Negativo,5,Não,Ensino Médio,Perto,Feminino,62,médio
2583,27,87,Alto,Baixo,Sim,6,91,Baixo,Sim,4,Alto,Médio,Público,Neutro,4,Não,Ensino Médio,Moderado,Masculino,72,médio
2584,27,90,Alto,Médio,Não,8,96,Alto,Sim,0,Médio,Médio,Público,Negativo,4,Não,Ensino Médio,Moderado,Masculino,72,médio
2585,16,78,Baixo,Médio,Sim,5,50,Médio,Sim,2,Baixo,Médio,Privado,Positivo,2,Não,Faculdade,Moderado,Masculino,63,médio
2586,12,98,Alto,Baixo,Sim,8,64,Médio,Não,5,Baixo,Médio,Público,Neutro,5,Não,Faculdade,Perto,Feminino,69,médio
2587,19,89,Médio,Médio,Sim,6,55,Médio,Sim,0,Médio,Alto,Público,Positivo,2,Não,Pós-Graduação,Moderado,Masculino,68,médio
2588,15,78,Alto,Alto,Sim,10,89,Baixo,Sim,0,Médio,Médio,Público,Neutro,3,Não,Ensino Médio,Perto,Masculino,67,médio
2589,20,83,Alto,Alto,Sim,7,78,Alto,Sim,3,Baixo,Médio,Privado,Neutro,2,Não,Faculdade,Perto,Feminino,71,médio
2590,27,88,Baixo,Médio,Sim,6,55,Baixo,Não,2,Baixo,Médio,Público,Positivo,5,Não,Ensino Médio,Longe,Masculino,67,médio
2591,17,84,Baixo,Baixo,Sim,6,71,Baixo,Sim,0,Médio,Médio,Privado,Negativo,4,Sim,Ensino Médio,Perto,Masculino,62,médio
2592,20,95,Médio,Médio,Não,6,76,Médio,Sim,0,Baixo,Alto,Privado,Positivo,4,Não,Ensino Médio,Moderado,Feminino,69,médio
2593,20,74,Alto,Médio,Sim,8,85,Médio,Sim,2,Baixo,Médio,Público,Positivo,0,Não,Ensino Médio,Perto,Masculino,67,médio
2594,25,72,Médio,Alto,Sim,7,89,Médio,Sim,2,Baixo,Alto,Público,Positivo,3,Não,Pós-Graduação,Perto,Feminino,71,médio
2595,7,69,Médio,Alto,Sim,8,54,Alto,Sim,1,Médio,Alto,Público,Positivo,2,Não,Ensino Médio,Longe,Masculino,87,alto
2596,16,62,Baixo,Médio,Não,8,74,Médio,Sim,2,Alto,Alto,Privado,Neutro,3,Não,Ensino Médio,Moderado,Masculino,62,médio
2597,21,62,Alto,Baixo,Sim,7,58,Médio,Sim,2,Baixo,Alto,Público,Positivo,1,Não,Faculdade,Perto,Feminino,64,médio
2598,27,95,Médio,Alto,Não,8,88,Alto,Sim,3,Médio,Médio,Privado,Positivo,2,Não,Ensino Médio,Longe,Feminino,74,médio
2599,17,87,Alto,Alto,Sim,9,83,Médio,Sim,0,Baixo,Alto,Público,Neutro,2,Não,Faculdade,Moderado,Masculino,69,médio
2600,9,86,Alto,Médio,Não,8,86,Médio,Sim,1,Baixo,Alto,Público,Neutro,1,Não,Ensino Médio,Perto,Masculino,65,médio
2601,24,85,Baixo,Médio,Sim,7,54,Médio,Não,2,Médio,Baixo,Público,Neutro,3,Não,Faculdade,Moderado,Feminino,66,médio
2602,16,94,Médio,Médio,Sim,8,76,Baixo,Sim,3,Médio,Médio,Público,Negativo,4,Não,Pós-Graduação,Perto,Feminino,70,médio
2603,13,79,Alto,Alto,Não,5,92,Médio,Sim,3,Médio,Médio,Público,Neutro,3,Não,Ensino Médio,Perto,Masculino,68,médio
2604,16,95,Baixo,Baixo,Não,10,86,Médio,Sim,4,Alto,Médio,Público,Positivo,2,Não,Faculdade,Perto,Feminino,70,médio
2605,19,74,Alto,Alto,Não,8,93,Alto,Sim,1,Médio,Médio,Público,Negativo,3,Não,Ensino Médio,Perto,Masculino,68,médio
2606,16,97,Alto,Baixo,Sim,8,60,Médio,Sim,0,Baixo,Alto,Público,Positivo,3,Não,Ensino Médio,Perto,Masculino,69,médio
2607,7,88,Médio,Alto,Sim,7,64,Baixo,Sim,2,Médio,Alto,Público,Neutro,4,Não,Pós-Graduação,Moderado,Masculino,66,médio
2608,25,70,Médio,Médio,Sim,4,72,Médio,Sim,0,Baixo,Baixo,Público,Neutro,4,Não,Faculdade,Moderado,Masculino,65,médio
2609,28,83,Médio,Médio,Sim,7,76,Médio,Sim,1,Médio,Médio,Público,Positivo,3,Não,Faculdade,Perto,Masculino,71,médio
2610,24,81,Médio,Baixo,Sim,7,63,Médio,Sim,1,Baixo,Médio,Público,Positivo,3,Não,Ensino Médio,Moderado,Masculino,66,médio
2611,13,66,Baixo,Médio,Sim,6,69,Baixo,Sim,2,Baixo,Médio,Privado,Positivo,4,Não,Ensino Médio,Perto,Masculino,61,médio
2612,19,84,Médio,Médio,Sim,6,84,Médio,Sim,3,Médio,Alto,Público,Neutro,2,Não,Pós-Graduação,Moderado,Masculino,69,médio
2613,20,73,Médio,Médio,Não,6,82,Baixo,Sim,1,Médio,Alto,Privado,Negativo,3,Não,Faculdade,Perto,Masculino,65,médio
2614,24,62,Médio,Médio,Sim,8,56,Médio,Sim,0,Médio,Médio,Privado,Positivo,2,Não,Faculdade,Moderado,Masculino,63,médio
2615,24,98,Médio,Baixo,Sim,9,99,Alto,Sim,2,Baixo,Alto,Público,Neutro,2,Não,Pós-Graduação,Longe,Feminino,73,médio
2616,16,86,Alto,Médio,Sim,7,78,Baixo,Sim,1,Baixo,Médio,Privado,Positivo,4,Não,Pós-Graduação,Moderado,Masculino,68,médio
2617,20,95,Médio,Médio,Sim,6,74,Médio,Sim,1,Alto,Baixo,Público,Positivo,4,Não,Ensino Médio,Longe,Feminino,70,médio
2618,23,87,Médio,Médio,Sim,6,98,Médio,Sim,3,Médio,Médio,Público,Neutro,3,Não,Faculdade,Perto,Masculino,72,médio
2619,29,74,Alto,Médio,Sim,7,57,Médio,Não,3,Médio,Médio,Privado,Positivo,2,Não,Ensino Médio,Moderado,Masculino,68,médio
2620,24,81,Médio,Médio,Não,7,77,Médio,Sim,0,Alto,Médio,Privado,Positivo,3,Não,Ensino Médio,Perto,Masculino,68,médio
2621,25,87,Alto,Médio,Sim,8,90,Médio,Sim,1,Baixo,Médio,Público,Negativo,4,Não,Ensino Médio,Perto,Feminino,71,médio
2622,21,98,Baixo,Baixo,Sim,6,70,Médio,Sim,1,Médio,Médio,Público,Positivo,3,Não,Ensino Médio,Moderado,Masculino,68,médio
2623,28,70,Alto,Baixo,Sim,8,87,Alto,Sim,3,Baixo,Médio,Público,Neutro,3,Não,Pós-Graduação,Moderado,Masculino,70,médio
2624,22,95,Médio,Baixo,Sim,8,95,Médio,Não,2,Baixo,Alto,Privado,Neutro,4,Não,Ensino Médio,Perto,Feminino,70,médio
2625,15,97,Alto,Médio,Sim,6,63,Baixo,Sim,2,Médio,Médio,Público,Neutro,3,Não,Ensino Médio,Perto,Feminino,69,médio
2626,28,87,Alto,Médio,Sim,4,62,Alto,Sim,2,Baixo,Alto,Público,Positivo,4,Não,Ensino Médio,Perto,Feminino,73,médio
2627,24,97,Médio,Médio,Sim,6,68,Baixo,Sim,1,Médio,Alto,Público,Neutro,4,Não,Faculdade,Perto,Masculino,72,médio
2628,17,76,Médio,Alto,Não,9,71,Médio,Sim,0,Médio,Alto,Público,Neutro,3,Não,Pós-Graduação,Perto,Masculino,67,médio
2629,17,98,Alto,Médio,Não,4,56,Médio,Sim,2,Baixo,Baixo,Privado,Positivo,3,Não,Ensino Médio,Perto,Feminino,69,médio
2630,22,88,Baixo,Médio,Sim,9,62,Médio,Sim,1,Alto,Médio,Privado,Negativo,3,Não,Faculdade,Perto,Masculino,68,médio
2631,23,62,Alto,Baixo,Não,4,94,Médio,Sim,0,Médio,Baixo,Privado,Positivo,3,Não,Pós-Graduação,Longe,Feminino,64,médio
2632,21,96,Baixo,Alto,Sim,6,78,Baixo,Sim,2,Médio,Alto,Privado,Neutro,3,Não,Ensino Médio,Moderado,Feminino,71,médio
2633,22,79,Alto,Médio,Sim,6,63,Médio,Sim,1,Médio,Alto,Público,Neutro,4,Não,Ensino Médio,Perto,Feminino,68,médio
2634,30,78,Médio,Alto,Sim,10,97,Médio,Sim,1,Baixo,Baixo,Privado,Positivo,2,Não,Ensino Médio,Longe,Masculino,70,médio
2635,26,83,Médio,Alto,Sim,7,89,Médio,Sim,3,Baixo,Médio,Privado,Positivo,3,Não,Ensino Médio,Moderado,Masculino,72,médio
2636,21,66,Baixo,Alto,Sim,7,68,Alto,Sim,2,Baixo,Médio,Público,Positivo,1,Não,Ensino Médio,Perto,Feminino,65,médio
2637,26,79,Médio,Alto,Não,6,88,Médio,Sim,1,Baixo,Alto,Público,Positivo,3,Sim,Faculdade,Perto,Masculino,70,médio
2638,14,93,Médio,Médio,Não,8,80,Baixo,Sim,2,Baixo,Médio,Privado,Positivo,4,Não,Pós-Graduação,Perto,Masculino,69,médio
2639,22,61,Médio,Médio,Não,6,84,Baixo,Sim,0,Médio,Médio,Público,Positivo,2,Não,Pós-Graduação,Perto,Masculino,64,médio
2640,31,71,Baixo,Alto,Sim,7,66,Médio,Sim,3,Baixo,Médio,Privado,Negativo,1,Não,Ensino Médio,Perto,Masculino,67,médio
2641,19,60,Alto,Alto,Sim,6,60,Alto,Sim,1,Baixo,Médio,Público,Positivo,2,Não,Faculdade,Perto,Masculino,65,médio
2642,15,77,Baixo,Médio,Sim,8,63,Médio,Sim,0,Médio,Médio,Público,Neutro,1,Não,Ensino Médio,Perto,Feminino,62,médio
2643,16,89,Alto,Médio,Não,8,54,Médio,Sim,2,Baixo,Alto,Privado,Positivo,2,Não,Faculdade,Moderado,Masculino,68,médio
2644,13,92,Médio,Alto,Não,6,74,Alto,Sim,2,Baixo,Médio,Privado,Neutro,2,Não,Faculdade,Perto,Masculino,68,médio
2645,15,98,Médio,Médio,Não,6,70,Baixo,Sim,1,Médio,Alto,Privado,Positivo,3,Não,Ensino Médio,Moderado,Masculino,68,médio
2646,18,84,Médio,Baixo,Sim,6,50,Médio,Sim,4,Alto,Alto,Privado,Negativo,3,Não,Pós-Graduação,Perto,Masculino,68,médio
2647,12,70,Médio,Médio,Sim,7,93,Médio,Sim,1,Baixo,Alto,Público,Neutro,4,Não,Ensino Médio,Longe,Feminino,62,médio
2648,20,97,Médio,Baixo,Sim,8,84,Baixo,Sim,4,Médio,Médio,Público,Positivo,5,Não,Ensino Médio,Perto,Feminino,72,médio
2649,25,91,Baixo,Médio,Não,7,72,Médio,Sim,1,Médio,Alto,Privado,Neutro,3,Não,Faculdade,Longe,Masculino,69,médio
2650,15,83,Médio,Alto,Não,4,98,Baixo,Sim,3,Baixo,Alto,Público,Positivo,3,Não,Ensino Médio,Moderado,Feminino,68,médio
2651,29,88,Baixo,Médio,Sim,8,97,Médio,Sim,4,Baixo,Alto,Público,Negativo,3,Sim,Faculdade,Moderado,Masculino,71,médio
2652,23,97,Baixo,Alto,Sim,5,55,Médio,Sim,0,Médio,Baixo,Público,Neutro,3,Não,Ensino Médio,Moderado,Feminino,69,médio
2653,26,88,Baixo,Alto,Não,6,81,Médio,Sim,1,Alto,Médio,Público,Positivo,2,Não,Ensino Médio,Perto,Masculino,71,médio
2654,16,75,Médio,Alto,Sim,7,91,Baixo,Sim,2,Baixo,Baixo,Público,Positivo,5,Não,Ensino Médio,Longe,Masculino,65,médio
2655,25,89,Médio,Alto,Não,7,59,Médio,Sim,1,Baixo,Médio,Público,Neutro,4,Sim,Ensino Médio,Perto,Masculino,68,médio
2656,13,62,Médio,Médio,Sim,8,56,Baixo,Sim,1,Baixo,Alto,Público,Positivo,4,Sim,Ensino Médio,Perto,Feminino,60,baixo
2657,25,75,Médio,Médio,Sim,6,63,Baixo,Sim,3,Alto,Médio,Privado,Neutro,4,Não,Ensino Médio,Perto,Masculino,68,médio
2658,21,76,Baixo,Alto,Não,6,64,Médio,Sim,1,Médio,Médio,Público,Neutro,4,Não,Ensino Médio,Perto,Feminino,66,médio
2659,23,67,Médio,Médio,Não,7,98,Baixo,Sim,4,Baixo,Médio,Privado,Neutro,3,Não,Ensino Médio,Moderado,Masculino,66,médio
2660,13,61,Médio,Médio,Sim,8,89,Baixo,Sim,4,Baixo,Médio,Privado,Neutro,4,Não,Ensino Médio,Longe,Feminino,62,médio
2661,15,65,Médio,Médio,Não,8,53,Médio,Sim,2,Baixo,Médio,Público,Negativo,3,Não,Faculdade,Perto,Masculino,61,médio
2662,24,86,Alto,Médio,Não,7,89,Baixo,Sim,2,Baixo,Médio,Público,Negativo,3,Não,Pós-Graduação,Longe,Feminino,69,médio
2663,14,92,Médio,Alto,Sim,9,58,Alto,Sim,1,Alto,Baixo,Público,Positivo,2,Não,Ensino Médio,Perto,Masculino,69,médio
2664,23,100,Médio,Médio,Sim,9,68,Médio,Sim,4,Alto,Alto,Privado,Negativo,3,Não,Pós-Graduação,Perto,Masculino,74,médio
2665,12,74,Médio,Alto,Sim,8,66,Baixo,Sim,1,Baixo,Médio,Público,Negativo,4,Não,Ensino Médio,Perto,Feminino,62,médio
2666,25,84,Médio,Médio,Sim,5,64,Médio,Sim,0,Baixo,Médio,Público,Negativo,3,Não,Faculdade,Moderado,Feminino,67,médio
2667,13,97,Alto,Médio,Não,8,65,Alto,Sim,1,Baixo,Médio,Privado,Positivo,2,Não,Ensino Médio,Perto,Feminino,69,médio
2668,23,67,Alto,Baixo,Sim,7,88,Médio,Sim,1,Baixo,Médio,Privado,Positivo,4,Não,Ensino Médio,Perto,Masculino,66,médio
2669,24,89,Médio,Alto,Sim,6,63,Médio,Sim,2,Alto,Médio,Privado,Positivo,3,Não,Faculdade,Perto,Masculino,72,médio
2670,16,90,Alto,Baixo,Não,6,90,Médio,Sim,2,Alto,Médio,Público,Neutro,3,Não,Ensino Médio,Perto,Masculino,69,médio
2671,23,64,Médio,Alto,Sim,7,55,Médio,Sim,0,Médio,Médio,Público,Positivo,4,Não,Ensino Médio,Moderado,Masculino,65,médio
2672,22,94,Médio,Alto,Não,6,80,Baixo,Sim,0,Alto,Médio,Privado,Positivo,2,Não,Pós-Graduação,Perto,Masculino,72,médio
2673,17,93,Baixo,Médio,Sim,7,93,Baixo,Sim,2,Médio,Médio,Privado,Positivo,4,Não,Ensino Médio,Perto,Masculino,69,médio
2674,14,61,Médio,Alto,Não,7,54,Médio,Sim,3,Baixo,Médio,Público,Positivo,2,Sim,Ensino Médio,Perto,Feminino,60,baixo
2675,8,64,Alto,Médio,Não,7,82,Alto,Sim,0,Alto,Médio,Público,Neutro,1,Sim,Pós-Graduação,Perto,Feminino,61,médio
2676,22,62,Alto,Baixo,Não,8,76,Médio,Sim,1,Médio,Baixo,Público,Neutro,3,Não,Ensino Médio,Perto,Masculino,63,médio
2677,11,73,Médio,Médio,Não,7,67,Médio,Não,3,Médio,Alto,Privado,Positivo,5,Sim,Pós-Graduação,Perto,Masculino,63,médio
2678,21,80,Médio,Médio,Sim,6,55,Alto,Sim,1,Alto,Alto,Público,Negativo,3,Não,Pós-Graduação,Moderado,Masculino,68,médio
2679,18,81,Médio,Médio,Sim,4,84,Baixo,Sim,1,Médio,Médio,Privado,Positivo,4,Não,Faculdade,Perto,Feminino,68,médio
2680,24,71,Alto,Médio,Não,8,65,Médio,Sim,1,Baixo,Médio,Privado,Negativo,2,Não,Ensino Médio,Perto,Masculino,65,médio
2681,18,96,Médio,Alto,Não,7,67,Médio,Sim,1,Alto,Médio,Público,Positivo,2,Não,Ensino Médio,Perto,Feminino,71,médio
2682,18,75,Médio,Médio,Sim,7,86,Baixo,Sim,1,Baixo,Médio,Privado,Negativo,3,Não,Ensino Médio,Perto,Masculino,64,médio
2683,24,62,Médio,Médio,Não,9,97,Médio,Sim,1,Médio,Médio,Privado,Negativo,2,Não,Pós-Graduação,Perto,Masculino,65,médio
2684,22,72,Alto,Médio,Sim,5,67,Baixo,Sim,2,Médio,Médio,Público,Neutro,4,Não,Faculdade,Perto,Feminino,67,médio
2685,22,81,Alto,Médio,Não,7,87,Baixo,Sim,0,Baixo,Médio,Público,Neutro,2,Não,Ensino Médio,Perto,Feminino,67,médio
2686,23,76,Baixo,Médio,Sim,6,98,Médio,Sim,1,Baixo,Alto,Público,Neutro,3,Não,Faculdade,Moderado,Masculino,67,médio
2687,11,71,Baixo,Médio,Sim,8,55,Médio,Sim,1,Baixo,Médio,Público,Negativo,3,Não,Faculdade,Perto,Feminino,87,alto
2688,25,65,Alto,Alto,Sim,4,76,Alto,Sim,1,Alto,Médio,Privado,Neutro,1,Não,Ensino Médio,Moderado,Feminino,67,médio
2689,24,93,Alto,Médio,Sim,8,51,Alto,Sim,4,Médio,Médio,Privado,Positivo,2,Sim,Ensino Médio,Perto,Masculino,72,médio
2690,14,100,Médio,Baixo,Sim,8,91,Alto,Sim,0,Baixo,Alto,Público,Neutro,3,Não,Ensino Médio,Perto,Feminino,69,médio
2691,19,73,Médio,Médio,Sim,6,64,Baixo,Sim,1,Alto,Médio,Público,Positivo,3,Não,Faculdade,Moderado,Feminino,65,médio
2692,20,75,Alto,Médio,Sim,7,67,Baixo,Sim,1,Baixo,Médio,Privado,Positivo,4,Não,Ensino Médio,Perto,Feminino,66,médio
2693,19,85,Alto,Alto,Não,6,84,Baixo,Sim,3,Médio,Médio,Privado,Negativo,3,Não,Pós-Graduação,Perto,Masculino,70,médio
2694,22,89,Alto,Alto,Sim,8,89,Médio,Sim,0,Médio,Médio,Privado,Neutro,3,Não,Ensino Médio,Moderado,Masculino,71,médio
2695,29,76,Médio,Alto,Sim,8,70,Baixo,Não,1,Baixo,Baixo,Público,Neutro,4,Não,Faculdade,Moderado,Feminino,67,médio
2696,26,96,Alto,Médio,Não,5,83,Médio,Sim,0,Médio,Alto,Público,Positivo,2,Não,Ensino Médio,Longe,Masculino,72,médio
2697,12,82,Baixo,Médio,Não,5,98,Médio,Sim,0,Baixo,Alto,Público,Neutro,1,Não,Ensino Médio,Moderado,Masculino,63,médio
2698,24,78,Alto,Baixo,Sim,9,94,Baixo,Sim,0,Baixo,Alto,Público,Neutro,4,Não,Ensino Médio,Moderado,Feminino,67,médio
2699,28,86,Baixo,Médio,Não,10,85,Médio,Sim,6,Baixo,Alto,Público,Neutro,2,Não,Ensino Médio,Perto,Masculino,72,médio
2700,22,98,Médio,Médio,Não,8,97,Baixo,Sim,1,Alto,Médio,Privado,Positivo,1,Sim,Pós-Graduação,Perto,Feminino,72,médio
2701,27,92,Médio,Médio,Não,8,94,Médio,Não,1,Baixo,Médio,Privado,Negativo,4,Não,Faculdade,Perto,Feminino,70,médio
2702,32,62,Alto,Médio,Não,7,86,Baixo,Sim,0,Baixo,Médio,Público,Positivo,2,Não,Ensino Médio,Perto,Feminino,67,médio
2703,26,73,Médio,Médio,Não,7,96,Alto,Sim,0,Médio,Alto,Privado,Neutro,3,Não,Ensino Médio,Perto,Feminino,68,médio
2704,21,79,Baixo,Médio,Sim,8,91,Alto,Sim,1,Baixo,Médio,Público,Positivo,3,Não,Ensino Médio,Moderado,Masculino,67,médio
2705,26,73,Alto,Alto,Não,7,75,Baixo,Sim,3,Baixo,Médio,Público,Positivo,5,Não,Faculdade,Perto,Masculino,70,médio
2706,21,88,Médio,Baixo,Não,9,75,Alto,Não,1,Médio,Alto,Privado,Neutro,2,Não,Pós-Graduação,Moderado,Feminino,67,médio
2707,20,93,Médio,Médio,Sim,7,50,Médio,Sim,1,Alto,Alto,Público,Positivo,4,Não,Faculdade,Perto,Masculino,71,médio
2708,18,89,Alto,Baixo,Sim,7,52,Médio,Sim,1,Alto,Alto,Público,Positivo,3,Não,Pós-Graduação,Perto,Feminino,69,médio
2709,29,100,Médio,Médio,Sim,7,87,Médio,Não,3,Baixo,Médio,Público,Negativo,5,Não,Faculdade,Perto,Feminino,74,médio
2710,15,71,Alto,Baixo,Não,7,78,Médio,Sim,0,Médio,Médio,Privado,Positivo,3,Não,Ensino Médio,Perto,Masculino,63,médio
2711,29,95,Médio,Baixo,Sim,9,88,Médio,Sim,0,Médio,Alto,Público,Neutro,2,Não,Ensino Médio,Perto,Feminino,72,médio
2712,23,91,Alto,Baixo,Sim,7,97,Baixo,Sim,2,Baixo,Médio,Público,Neutro,3,Não,Faculdade,Moderado,Masculino,71,médio
2713,12,74,Alto,Médio,Não,7,73,Médio,Sim,1,Baixo,Médio,Público,Neutro,5,Não,Ensino Médio,Perto,Masculino,64,médio
2714,22,89,Médio,Médio,Sim,7,54,Médio,Sim,1,Alto,Médio,Público,Positivo,3,Não,Ensino Médio,Perto,Feminino,69,médio
2715,7,64,Alto,Alto,Não,6,81,Médio,Sim,2,Baixo,Baixo,Privado,Positivo,3,Não,Pós-Graduação,Moderado,Feminino,62,médio
2716,24,92,Médio,Médio,Sim,5,55,Médio,Não,1,Médio,Médio,Público,Neutro,4,Não,Faculdade,Perto,Masculino,69,médio
2717,25,81,Alto,Baixo,Sim,9,81,Baixo,Sim,2,Baixo,Médio,Público,Neutro,3,Não,Ensino Médio,Perto,Masculino,68,médio
2718,16,72,Alto,Médio,Sim,9,76,Alto,Sim,6,Baixo,Baixo,Público,Negativo,3,Não,Ensino Médio,Perto,Masculino,67,médio
2719,21,86,Médio,Médio,Sim,9,86,Alto,Sim,2,Médio,Médio,Público,Neutro,3,Não,Pós-Graduação,Perto,Masculino,71,médio
2720,32,86,Médio,Médio,Sim,5,68,Baixo,Sim,1,Médio,Médio,Público,Negativo,4,Não,Ensino Médio,Moderado,Masculino,70,médio
2721,17,68,Alto,Médio,Não,9,57,Médio,Sim,2,Médio,Baixo,Público,Neutro,3,Não,Ensino Médio,Moderado,Masculino,63,médio
2722,14,61,Baixo,Alto,Não,10,62,Médio,Sim,0,Alto,Médio,Público,Negativo,4,Não,Faculdade,Moderado,Feminino,60,baixo
2723,29,77,Médio,Médio,Não,9,84,Médio,Sim,0,Baixo,Alto,Público,Neutro,3,Não,Faculdade,Perto,Feminino,69,médio
2724,32,83,Médio,Médio,Sim,9,74,Médio,Sim,3,Baixo,Médio,Público,Neutro,3,Não,Faculdade,Moderado,Masculino,71,médio
2725,20,95,Baixo,Baixo,Sim,8,77,Médio,Sim,1,Alto,Alto,Público,Positivo,2,Não,Ensino Médio,Perto,Masculino,69,médio
2726,26,97,Alto,Baixo,Sim,6,66,Médio,Sim,2,Médio,Médio,Público,Positivo,1,Não,Faculdade,Perto,Feminino,73,médio
2727,28,81,Médio,Alto,Sim,8,92,Médio,Sim,1,Alto,Médio,Público,Positivo,3,Não,Faculdade,Perto,Feminino,73,médio
2728,16,90,Médio,Médio,Não,5,100,Médio,Sim,1,Baixo,Médio,Público,Positivo,3,Não,Ensino Médio,Moderado,Feminino,68,médio
2729,17,78,Alto,Médio,Sim,6,66,Médio,Sim,2,Baixo,Médio,Público,Positivo,4,Não,Faculdade,Moderado,Masculino,67,médio
2730,27,90,Médio,Alto,Não,7,86,Alto,Sim,2,Médio,Médio,Público,Positivo,3,Não,Faculdade,Moderado,Masculino,74,médio
2731,30,68,Médio,Alto,Não,7,59,Médio,Sim,3,Baixo,Médio,Público,Positivo,3,Não,Faculdade,Moderado,Masculino,68,médio
2732,23,75,Alto,Médio,Não,8,87,Baixo,Sim,1,Médio,Alto,Público,Positivo,2,Não,Faculdade,Perto,Feminino,69,médio
2733,15,85,Alto,Médio,Não,4,72,Médio,Sim,4,Baixo,Alto,Privado,Neutro,4,Não,Faculdade,Perto,Masculino,69,médio
2734,32,61,Alto,Alto,Sim,7,80,Médio,Sim,0,Baixo,Médio,Público,Positivo,4,Sim,Faculdade,Moderado,Feminino,68,médio
2735,17,89,Baixo,Alto,Não,8,62,Médio,Sim,1,Baixo,Alto,Público,Positivo,1,Não,Ensino Médio,Moderado,Masculino,66,médio
2736,18,93,Baixo,Baixo,Sim,8,93,Médio,Sim,3,Baixo,Alto,Público,Negativo,3,Não,Pós-Graduação,Moderado,Masculino,69,médio
2737,22,76,Médio,Médio,Sim,8,59,Médio,Sim,1,Baixo,Médio,Público,Positivo,2,Não,Faculdade,Perto,Feminino,66,médio
2738,29,78,Baixo,Médio,Sim,7,96,Alto,Sim,5,Baixo,Médio,Público,Positivo,4,Não,Faculdade,Moderado,Masculino,72,médio
2739,25,94,Médio,Baixo,Sim,6,53,Baixo,Sim,1,Médio,Médio,Público,Negativo,3,Não,Ensino Médio,Perto,Feminino,69,médio
2740,22,91,Médio,Médio,Sim,8,64,Médio,Sim,1,Baixo,Alto,Público,Positivo,3,Sim,Ensino Médio,Moderado,Masculino,68,médio
2741,23,72,Médio,Médio,Sim,7,78,Médio,Sim,1,Baixo,Médio,Privado,Neutro,3,Não,Ensino Médio,Perto,Masculino,66,médio
2742,20,73,Médio,Baixo,Sim,8,93,Alto,Sim,1,Baixo,Alto,Público,Negativo,4,Não,Ensino Médio,Longe,Masculino,65,médio
2743,23,87,Médio,Médio,Não,8,79,Alto,Sim,2,Baixo,Alto,Público,Neutro,2,Não,Pós-Graduação,Perto,Masculino,71,médio
2744,5,83,Médio,Médio,Sim,7,61,Médio,Sim,2,Baixo,Médio,Público,Negativo,4,Não,Ensino Médio,Moderado,Masculino,61,médio
2745,18,66,Baixo,Médio,Sim,6,93,Médio,Sim,1,Baixo,Médio,Público,Neutro,3,Sim,Faculdade,Perto,Feminino,63,médio
2746,21,72,Médio,Alto,Sim,9,80,Baixo,Sim,1,Médio,Médio,Público,Neutro,3,Não,Ensino Médio,Perto,Feminino,66,médio
2747,13,96,Médio,Alto,Não,8,62,Médio,Sim,0,Alto,Médio,Privado,Neutro,2,Não,Pós-Graduação,Perto,Masculino,69,médio
2748,22,88,Alto,Alto,Sim,10,78,Médio,Sim,0,Médio,Alto,Privado,Positivo,2,Não,Ensino Médio,Moderado,Masculino,71,médio
2749,19,99,Alto,Médio,Sim,8,84,Alto,Sim,0,Alto,Médio,Público,Positivo,4,Não,Ensino Médio,Perto,Feminino,73,médio
2750,31,91,Alto,Médio,Sim,8,84,Baixo,Sim,2,Baixo,Médio,Público,Negativo,2,Não,Ensino Médio,Perto,Masculino,72,médio
2751,29,98,Médio,Alto,Não,5,86,Baixo,Sim,2,Médio,Médio,Privado,Negativo,4,Não,Ensino Médio,Longe,Masculino,73,médio
2752,17,69,Baixo,Alto,Sim,7,95,Médio,Sim,1,Baixo,Alto,Privado,Positivo,2,Não,Ensino Médio,Moderado,Masculino,65,médio
2753,19,91,Baixo,Alto,Sim,7,91,Médio,Sim,1,Alto,Alto,Público,Neutro,3,Não,Ensino Médio,Perto,Feminino,71,médio
2754,20,61,Alto,Médio,Sim,8,80,Médio,Sim,1,Baixo,Alto,Público,Positivo,3,Não,Ensino Médio,Perto,Masculino,65,médio
2755,17,87,Médio,Médio,Não,8,52,Baixo,Sim,1,Médio,Médio,Público,Positivo,5,Não,Faculdade,Perto,Masculino,67,médio
2756,21,79,Médio,Alto,Sim,8,87,Médio,Sim,1,Baixo,Alto,Público,Neutro,2,Não,Pós-Graduação,Moderado,Masculino,69,médio
2757,15,74,Baixo,Alto,Não,10,99,Baixo,Não,0,Baixo,Médio,Privado,Neutro,3,Não,Faculdade,Moderado,Masculino,63,médio
2758,13,94,Baixo,Alto,Sim,6,65,Alto,Sim,2,Médio,Médio,Público,Neutro,2,Não,Pós-Graduação,Moderado,Masculino,68,médio
2759,24,94,Alto,Baixo,Sim,8,80,Alto,Não,1,Baixo,Médio,Público,Neutro,4,Não,Ensino Médio,Perto,Feminino,70,médio
2760,24,61,Médio,Médio,Sim,8,88,Baixo,Sim,1,Baixo,Médio,Privado,Positivo,4,Não,Ensino Médio,Moderado,Feminino,64,médio
2761,15,84,Médio,Médio,Não,10,82,Médio,Sim,1,Alto,Baixo,Privado,Negativo,2,Sim,Ensino Médio,Perto,Masculino,64,médio
2762,25,75,Baixo,Alto,Sim,8,96,Alto,Sim,1,Baixo,Médio,Privado,Neutro,0,Não,Faculdade,Perto,Masculino,68,médio
2763,16,77,Médio,Alto,Sim,8,74,Médio,Sim,0,Alto,Baixo,Privado,Neutro,2,Não,Faculdade,Moderado,Feminino,65,médio
2764,22,93,Alto,Médio,Não,8,77,Médio,Sim,0,Alto,Médio,Público,Neutro,1,Não,Ensino Médio,Perto,Feminino,70,médio
2765,25,72,Médio,Médio,Sim,8,52,Baixo,Sim,0,Médio,Médio,Privado,Positivo,2,Não,Pós-Graduação,Perto,Masculino,66,médio
2766,20,98,Alto,Baixo,Sim,9,95,Baixo,Sim,1,Baixo,Médio,Público,Positivo,2,Não,Ensino Médio,Moderado,Feminino,70,médio
2767,23,67,Médio,Médio,Sim,6,63,Alto,Sim,3,Baixo,Alto,Privado,Neutro,3,Não,Ensino Médio,Perto,Masculino,66,médio
2768,17,87,Médio,Médio,Não,6,99,Médio,Sim,2,Baixo,Médio,Privado,Neutro,2,Não,Pós-Graduação,Perto,Masculino,69,médio
2769,19,87,Alto,Alto,Não,10,60,Alto,Sim,2,Médio,Baixo,Privado,Positivo,3,Não,Ensino Médio,Moderado,Masculino,69,médio
2770,19,70,Alto,Alto,Não,4,63,Médio,Sim,1,Baixo,Médio,Privado,Neutro,3,Não,Faculdade,Longe,Feminino,64,médio
2771,16,73,Médio,Médio,Sim,7,74,Baixo,Sim,1,Baixo,Alto,Público,Positivo,3,Não,Ensino Médio,Moderado,Masculino,64,médio
2772,19,93,Baixo,Médio,Sim,7,83,Médio,Sim,1,Médio,Médio,Público,Positivo,3,Não,Ensino Médio,Perto,Feminino,69,médio
2773,11,90,Médio,Médio,Sim,7,72,Alto,Sim,3,Médio,Médio,Público,Negativo,3,Não,Ensino Médio,Perto,Feminino,67,médio
2774,17,73,Baixo,Médio,Sim,9,68,Baixo,Sim,2,Médio,Médio,Público,Positivo,3,Sim,Faculdade,Perto,Feminino,63,médio
2775,18,81,Baixo,Alto,Sim,8,77,Baixo,Sim,1,Médio,Alto,Público,Positivo,3,Não,Faculdade,Moderado,Masculino,67,médio
2776,18,62,Médio,Alto,Não,6,98,Baixo,Sim,3,Médio,Médio,Privado,Neutro,1,Não,Faculdade,Perto,Masculino,65,médio
2777,19,68,Médio,Médio,Sim,6,98,Baixo,Sim,2,Baixo,Médio,Público,Positivo,1,Não,Ensino Médio,Moderado,Feminino,64,médio
2778,20,79,Alto,Médio,Não,7,66,Baixo,Sim,3,Alto,Médio,Público,Negativo,3,Não,Faculdade,Perto,Feminino,68,médio
2779,23,63,Baixo,Médio,Sim,9,84,Alto,Sim,0,Alto,Médio,Público,Neutro,3,Não,Ensino Médio,Perto,Feminino,64,médio
2780,25,94,Alto,Médio,Não,7,86,Baixo,Não,2,Baixo,Médio,Privado,Negativo,4,Não,Faculdade,Moderado,Masculino,70,médio
2781,16,89,Alto,Médio,Sim,7,83,Alto,Sim,0,Baixo,Alto,Público,Positivo,4,Não,Pós-Graduação,Moderado,Masculino,70,médio
2782,13,98,Alto,Baixo,Sim,6,56,Médio,Sim,1,Alto,Baixo,Público,Negativo,3,Não,Faculdade,Moderado,Feminino,67,médio
2783,14,88,Alto,Alto,Sim,8,77,Médio,Sim,2,Médio,Médio,Público,Positivo,3,Não,Faculdade,Longe,Masculino,69,médio
2784,17,98,Alto,Médio,Não,7,88,Médio,Sim,2,Baixo,Alto,Privado,Negativo,4,Não,Ensino Médio,Longe,Masculino,70,médio
2785,18,82,Alto,Alto,Não,6,60,Médio,Sim,5,Médio,Alto,Público,Negativo,3,Não,Faculdade,Perto,Masculino,69,médio
2786,15,84,Médio,Baixo,Sim,9,67,Médio,Sim,1,Médio,Alto,Privado,Negativo,3,Não,Faculdade,Moderado,Masculino,65,médio
2787,12,99,Médio,Alto,Sim,10,60,Médio,Sim,0,Baixo,Baixo,Público,Negativo,1,Não,Ensino Médio,Moderado,Masculino,66,médio
2788,17,86,Alto,Alto,Sim,7,94,Médio,Sim,2,Médio,Médio,Público,Neutro,3,Não,Ensino Médio,Moderado,Masculino,70,médio
2789,21,61,Médio,Baixo,Sim,7,93,Baixo,Sim,1,Baixo,Alto,Privado,Negativo,5,Não,Ensino Médio,Perto,Masculino,63,médio
2790,24,89,Baixo,Médio,Não,5,58,Médio,Sim,3,Alto,Médio,Público,Positivo,3,Não,Ensino Médio,Perto,Feminino,69,médio
2791,17,96,Alto,Alto,Sim,8,88,Médio,Sim,4,Baixo,Baixo,Privado,Positivo,4,Não,Pós-Graduação,Perto,Masculino,74,médio
2792,18,92,Médio,Médio,Sim,8,68,Baixo,Sim,2,Alto,Alto,Privado,Positivo,3,Não,Ensino Médio,Perto,Masculino,70,médio
2793,14,83,Alto,Médio,Não,7,84,Médio,Sim,1,Baixo,Médio,Público,Neutro,3,Não,Ensino Médio,Perto,Feminino,66,médio
2794,20,87,Baixo,Alto,Sim,6,75,Médio,Sim,0,Baixo,Médio,Público,Positivo,3,Sim,Pós-Graduação,Perto,Masculino,68,médio
2795,15,100,Médio,Baixo,Não,10,74,Médio,Sim,2,Médio,Médio,Público,Negativo,5,Não,Ensino Médio,Longe,Masculino,67,médio
2796,23,64,Médio,Médio,Sim,8,94,Baixo,Sim,2,Médio,Médio,Privado,Positivo,5,Não,Ensino Médio,Moderado,Feminino,66,médio
2797,9,87,Alto,Médio,Não,6,82,Médio,Sim,0,Baixo,Médio,Público,Negativo,3,Não,Faculdade,Perto,Feminino,65,médio
2798,18,71,Baixo,Médio,Sim,8,62,Médio,Sim,3,Alto,Alto,Público,Positivo,2,Não,Faculdade,Perto,Masculino,66,médio
2799,22,86,Alto,Médio,Sim,7,56,Médio,Sim,1,Alto,Médio,Privado,Positivo,4,Não,Ensino Médio,Moderado,Masculino,69,médio
2800,21,84,Baixo,Médio,Não,7,97,Médio,Sim,2,Baixo,Baixo,Público,Neutro,4,Não,Ensino Médio,Moderado,Feminino,67,médio
2801,36,66,Baixo,Alto,Sim,8,58,Alto,Sim,1,Médio,Médio,Público,Positivo,3,Não,Faculdade,Longe,Masculino,69,médio
2802,22,68,Médio,Médio,Não,4,87,Alto,Sim,2,Médio,Médio,Público,Neutro,3,Não,Pós-Graduação,Longe,Feminino,66,médio
2803,14,85,Médio,Médio,Não,4,75,Alto,Sim,2,Alto,Médio,Público,Negativo,1,Sim,Ensino Médio,Longe,Feminino,64,médio
2804,19,65,Médio,Médio,Não,9,57,Baixo,Sim,1,Médio,Médio,Público,Positivo,2,Sim,Ensino Médio,Perto,Feminino,61,médio
2805,9,71,Baixo,Alto,Sim,7,89,Médio,Sim,0,Baixo,Médio,Público,Negativo,2,Não,Ensino Médio,Perto,Masculino,61,médio
2806,20,93,Médio,Médio,Sim,6,95,Baixo,Sim,1,Médio,Alto,Público,Negativo,4,Não,Faculdade,Moderado,Masculino,70,médio
2807,15,73,Médio,Alto,Não,5,56,Médio,Sim,1,Médio,Médio,Público,Positivo,2,Não,Pós-Graduação,Perto,Feminino,65,médio
2808,25,80,Alto,Baixo,Não,7,53,Médio,Sim,1,Médio,Médio,Privado,Neutro,3,Não,Faculdade,Moderado,Masculino,67,médio
2809,17,98,Baixo,Médio,Não,7,92,Médio,Sim,0,Alto,Médio,Privado,Positivo,0,Não,Faculdade,Perto,Masculino,69,médio
2810,19,69,Médio,Baixo,Sim,9,75,Médio,Sim,2,Médio,Baixo,Público,Negativo,5,Não,Ensino Médio,Moderado,Feminino,63,médio
2811,16,76,Médio,Médio,Não,8,84,Alto,Sim,1,Alto,Alto,Público,Neutro,4,Não,Ensino Médio,Perto,Masculino,66,médio
2812,30,84,Alto,Médio,Sim,7,72,Médio,Sim,3,Médio,Médio,Público,Positivo,2,Não,Ensino Médio,Perto,Masculino,73,médio
2813,18,90,Alto,Alto,Não,8,71,Alto,Não,0,Baixo,Médio,Público,Neutro,3,Não,Ensino Médio,Perto,Feminino,68,médio
2814,31,96,Alto,Alto,Sim,9,65,Alto,Sim,0,Baixo,Médio,Privado,Positivo,2,Não,Ensino Médio,Longe,Masculino,74,médio
2815,25,97,Baixo,Médio,Sim,8,78,Médio,Sim,0,Médio,Médio,Público,Neutro,3,Não,Ensino Médio,Perto,Masculino,70,médio
2816,23,91,Alto,Baixo,Sim,8,58,Médio,Sim,0,Médio,Médio,Público,Positivo,2,Não,Ensino Médio,Longe,Masculino,68,médio
2817,22,69,Alto,Alto,Não,7,86,Baixo,Sim,1,Alto,Médio,Público,Positivo,4,Sim,Ensino Médio,Moderado,Feminino,67,médio
2818,22,61,Alto,Médio,Não,6,77,Baixo,Sim,1,Médio,Médio,Público,Positivo,4,Não,Pós-Graduação,Moderado,Masculino,65,médio
2819,8,75,Médio,Médio,Não,5,92,Médio,Sim,5,Alto,Alto,Público,Positivo,4,Não,Ensino Médio,Moderado,Masculino,66,médio
2820,18,66,Alto,Médio,Sim,5,96,Médio,Sim,0,Baixo,Médio,Público,Neutro,5,Não,Ensino Médio,Moderado,Feminino,64,médio
2821,25,88,Médio,Médio,Sim,8,95,Baixo,Sim,1,Alto,Alto,Público,Neutro,4,Não,Ensino Médio,Perto,Feminino,72,médio
2822,20,86,Médio,Médio,Sim,8,80,Alto,Sim,2,Médio,Médio,Público,Neutro,2,Não,Faculdade,Perto,Masculino,70,médio
2823,12,62,Médio,Médio,Sim,9,66,Médio,Sim,1,Baixo,Médio,Privado,Neutro,2,Não,Faculdade,Moderado,Feminino,60,baixo
2824,20,93,Médio,Médio,Sim,8,68,Médio,Sim,1,Baixo,Baixo,Público,Neutro,3,Não,Ensino Médio,Moderado,Masculino,68,médio
2825,30,70,Médio,Alto,Sim,9,83,Médio,Sim,1,Alto,Médio,Privado,Neutro,2,Não,Pós-Graduação,Perto,Feminino,71,médio
2826,27,77,Médio,Médio,Sim,7,86,Baixo,Sim,1,Alto,Médio,Público,Neutro,3,Não,Ensino Médio,Moderado,Masculino,68,médio
2827,20,87,Alto,Médio,Sim,8,58,Baixo,Sim,2,Baixo,Médio,Público,Negativo,2,Sim,Pós-Graduação,Perto,Masculino,67,médio
2828,26,77,Médio,Médio,Sim,5,100,Baixo,Sim,1,Baixo,Alto,Privado,Positivo,5,Não,Ensino Médio,Perto,Feminino,70,médio
2829,18,78,Médio,Alto,Não,7,55,Alto,Sim,0,Alto,Médio,Público,Negativo,3,Não,Ensino Médio,Perto,Masculino,65,médio
2830,10,63,Médio,Médio,Não,4,80,Médio,Sim,0,Baixo,Médio,Público,Positivo,3,Não,Faculdade,Perto,Masculino,60,baixo
2831,14,76,Alto,Baixo,Não,7,77,Baixo,Não,2,Alto,Médio,Público,Positivo,4,Não,Faculdade,Perto,Masculino,65,médio
2832,29,91,Médio,Médio,Não,9,80,Baixo,Sim,0,Baixo,Alto,Público,Negativo,4,Não,Ensino Médio,Perto,Feminino,70,médio
2833,18,97,Baixo,Baixo,Sim,7,77,Médio,Sim,4,Baixo,Baixo,Privado,Neutro,4,Não,Pós-Graduação,Perto,Masculino,69,médio
2834,19,77,Alto,Baixo,Não,8,53,Médio,Sim,1,Baixo,Médio,Privado,Positivo,3,Não,Ensino Médio,Perto,Masculino,64,médio
2835,18,77,Baixo,Médio,Não,7,100,Médio,Sim,2,Alto,Alto,Privado,Positivo,3,Sim,Ensino Médio,Perto,Masculino,67,médio
2836,31,88,Baixo,Médio,Sim,6,99,Baixo,Sim,2,Alto,Baixo,Público,Negativo,3,Não,Pós-Graduação,Perto,Masculino,73,médio
2837,30,98,Médio,Alto,Não,7,76,Alto,Sim,1,Baixo,Médio,Público,Neutro,3,Não,Faculdade,Perto,Masculino,74,médio
2838,33,71,Médio,Baixo,Sim,9,60,Médio,Sim,0,Médio,Médio,Público,Positivo,4,Sim,Ensino Médio,Perto,Masculino,67,médio
2839,19,78,Baixo,Alto,Sim,8,59,Médio,Sim,2,Alto,Médio,Público,Positivo,1,Não,Ensino Médio,Perto,Masculino,66,médio
2840,22,92,Médio,Médio,Não,6,53,Médio,Sim,4,Alto,Médio,Público,Neutro,4,Sim,Ensino Médio,Perto,Masculino,69,médio
2841,11,84,Alto,Médio,Não,5,81,Baixo,Sim,1,Baixo,Médio,Privado,Negativo,3,Não,Ensino Médio,Moderado,Feminino,64,médio
2842,29,64,Médio,Alto,Sim,7,74,Médio,Sim,0,Alto,Médio,Público,Positivo,2,Não,Pós-Graduação,Perto,Feminino,69,médio
2843,13,85,Baixo,Alto,Sim,6,71,Médio,Sim,1,Baixo,Médio,Público,Positivo,3,Não,Ensino Médio,Perto,Feminino,66,médio
2844,21,67,Alto,Médio,Sim,7,76,Médio,Sim,1,Médio,Alto,Privado,Neutro,2,Sim,Ensino Médio,Perto,Masculino,65,médio
2845,13,80,Médio,Médio,Sim,5,94,Alto,Sim,1,Médio,Médio,Privado,Positivo,3,Não,Ensino Médio,Perto,Feminino,67,médio
2846,16,81,Médio,Alto,Não,9,54,Médio,Sim,3,Médio,Alto,Público,Negativo,3,Não,Pós-Graduação,Moderado,Masculino,67,médio
2847,15,95,Médio,Médio,Não,7,77,Alto,Sim,0,Baixo,Médio,Privado,Neutro,3,Não,Ensino Médio,Perto,Feminino,68,médio
2848,16,78,Médio,Baixo,Não,7,85,Médio,Sim,4,Médio,Médio,Público,Neutro,2,Sim,Ensino Médio,Perto,Masculino,65,médio
2849,17,71,Médio,Baixo,Sim,6,99,Baixo,Sim,4,Médio,Médio,Público,Positivo,3,Sim,Pós-Graduação,Perto,Masculino,66,médio
2850,17,69,Alto,Médio,Sim,7,87,Baixo,Sim,2,Baixo,Médio,Público,Neutro,3,Não,Faculdade,Perto,Masculino,65,médio
2851,25,95,Médio,Médio,Sim,7,77,Alto,Não,0,Baixo,Alto,Público,Neutro,3,Não,Pós-Graduação,Perto,Masculino,71,médio
2852,13,67,Médio,Alto,Sim,6,88,Médio,Sim,0,Baixo,Médio,Público,Neutro,3,Não,Faculdade,Moderado,Feminino,63,médio
2853,21,77,Alto,Baixo,Sim,7,100,Baixo,Sim,2,Alto,Alto,Público,Positivo,4,Não,Faculdade,Perto,Feminino,70,médio
2854,27,67,Alto,Alto,Sim,9,94,Alto,Sim,0,Alto,Baixo,Público,Positivo,2,Não,Faculdade,Perto,Feminino,70,médio
2855,17,91,Baixo,Médio,Sim,4,54,Alto,Sim,3,Baixo,Médio,Público,Neutro,4,Não,Faculdade,Moderado,Feminino,67,médio
2856,16,79,Alto,Médio,Sim,7,79,Alto,Sim,2,Alto,Alto,Público,Positivo,2,Não,Ensino Médio,Moderado,Masculino,68,médio
2857,19,74,Médio,Baixo,Sim,6,89,Médio,Não,0,Alto,Médio,Público,Neutro,2,Não,Ensino Médio,Moderado,Masculino,63,médio
2858,27,74,Médio,Alto,Sim,9,84,Baixo,Sim,3,Alto,Médio,Privado,Negativo,3,Não,Faculdade,Perto,Feminino,70,médio
2859,21,94,Médio,Médio,Não,7,71,Baixo,Não,1,Baixo,Alto,Privado,Neutro,2,Não,Pós-Graduação,Perto,Masculino,69,médio
2860,17,82,Médio,Médio,Sim,5,66,Médio,Sim,1,Médio,Baixo,Público,Positivo,3,Não,Ensino Médio,Perto,Feminino,66,médio
2861,23,89,Baixo,Alto,Não,7,81,Médio,Sim,2,Baixo,Alto,Público,Neutro,2,Não,Pós-Graduação,Moderado,Masculino,70,médio
2862,13,96,Médio,Alto,Não,8,71,Baixo,Sim,1,Médio,Baixo,Público,Positivo,3,Não,Ensino Médio,Perto,Masculino,68,médio
2863,24,96,Médio,Médio,Não,10,70,Médio,Sim,0,Alto,Médio,Público,Negativo,4,Não,Ensino Médio,Perto,Feminino,70,médio
2864,22,73,Baixo,Alto,Sim,4,92,Médio,Sim,0,Baixo,Médio,Público,Positivo,4,Não,Pós-Graduação,Moderado,Masculino,67,médio
2865,18,98,Médio,Alto,Sim,5,66,Médio,Sim,0,Médio,Médio,Privado,Negativo,0,Não,Pós-Graduação,Perto,Masculino,69,médio
2866,15,61,Alto,Baixo,Sim,9,82,Médio,Sim,2,Médio,Alto,Público,Positivo,2,Não,Pós-Graduação,Perto,Masculino,64,médio
2867,15,75,Alto,Médio,Não,5,94,Baixo,Não,1,Baixo,Médio,Público,Negativo,3,Sim,Ensino Médio,Moderado,Feminino,62,médio
2868,23,96,Médio,Médio,Não,7,81,Médio,Sim,1,Baixo,Médio,Privado,Positivo,2,Não,Pós-Graduação,Moderado,Masculino,71,médio
2869,27,71,Alto,Médio,Sim,6,75,Médio,Sim,2,Médio,Alto,Privado,Neutro,4,Não,Ensino Médio,Perto,Masculino,69,médio
2870,16,71,Médio,Alto,Sim,6,52,Baixo,Sim,0,Alto,Alto,Público,Neutro,1,Não,Ensino Médio,Longe,Masculino,62,médio
2871,23,72,Baixo,Médio,Sim,7,84,Alto,Sim,0,Médio,Médio,Público,Positivo,4,Não,Ensino Médio,Perto,Masculino,66,médio
2872,7,84,Médio,Alto,Sim,7,100,Baixo,Sim,3,Baixo,Médio,Privado,Negativo,4,Sim,Ensino Médio,Moderado,Masculino,64,médio
2873,16,78,Baixo,Alto,Não,9,90,Médio,Sim,3,Baixo,Médio,Público,Negativo,3,Não,Pós-Graduação,Moderado,Masculino,66,médio
2874,20,89,Alto,Médio,Sim,9,82,Médio,Sim,2,Alto,Alto,Público,Neutro,3,Não,Faculdade,Perto,Feminino,72,médio
2875,15,96,Alto,Alto,Sim,8,73,Médio,Sim,3,Médio,Médio,Privado,Negativo,3,Não,Faculdade,Perto,Feminino,71,médio
2876,14,87,Médio,Alto,Sim,7,61,Médio,Sim,0,Baixo,Médio,Público,Neutro,3,Não,Ensino Médio,Longe,Masculino,65,médio
2877,16,68,Médio,Médio,Sim,7,85,Médio,Sim,1,Médio,Médio,Público,Positivo,2,Não,Faculdade,Perto,Feminino,65,médio
2878,22,97,Médio,Alto,Sim,8,59,Médio,Sim,1,Baixo,Médio,Público,Negativo,3,Não,Ensino Médio,Perto,Masculino,70,médio
2879,19,71,Médio,Alto,Sim,9,94,Alto,Sim,1,Alto,Médio,Privado,Positivo,4,Não,Ensino Médio,Perto,Masculino,68,médio
2880,7,66,Alto,Baixo,Sim,8,68,Alto,Sim,0,Baixo,Médio,Público,Negativo,2,Sim,Faculdade,Moderado,Masculino,57,baixo
2881,7,64,Médio,Alto,Não,9,70,Alto,Sim,4,Baixo,Baixo,Público,Neutro,4,Sim,Ensino Médio,Longe,Masculino,59,baixo
2882,16,83,Baixo,Baixo,Sim,6,61,Médio,Sim,0,Médio,Alto,Público,Neutro,4,Não,Faculdade,Perto,Masculino,64,médio
2883,23,65,Alto,Médio,Sim,9,74,Médio,Sim,2,Médio,Alto,Privado,Neutro,3,Não,Faculdade,Moderado,Masculino,67,médio
2884,4,66,Baixo,Alto,Não,8,84,Baixo,Sim,2,Baixo,Alto,Público,Neutro,3,Não,Pós-Graduação,Perto,Feminino,60,baixo
2885,17,72,Alto,Alto,Sim,6,65,Baixo,Sim,3,Baixo,Alto,Público,Positivo,2,Não,Pós-Graduação,Longe,Masculino,67,médio
2886,17,71,Médio,Alto,Sim,7,85,Baixo,Sim,2,Baixo,Baixo,Privado,Negativo,2,Não,Faculdade,Perto,Feminino,65,médio
2887,28,84,Médio,Médio,Sim,7,81,Médio,Sim,1,Médio,Alto,Público,Negativo,3,Não,Faculdade,Perto,Masculino,71,médio
2888,18,93,Baixo,Médio,Sim,7,69,Médio,Sim,0,Baixo,Médio,Público,Neutro,2,Não,Faculdade,Perto,Masculino,67,médio
2889,22,90,Médio,Médio,Sim,7,66,Baixo,Sim,0,Baixo,Médio,Público,Positivo,1,Não,Pós-Graduação,Perto,Masculino,69,médio
2890,21,70,Alto,Médio,Sim,5,93,Alto,Sim,1,Baixo,Médio,Público,Neutro,3,Não,Faculdade,Perto,Masculino,68,médio
2891,7,70,Médio,Médio,Sim,6,51,Médio,Sim,0,Alto,Médio,Privado,Neutro,1,Não,Ensino Médio,Moderado,Feminino,59,baixo
2892,25,99,Alto,Alto,Não,7,86,Baixo,Não,3,Médio,Médio,Público,Positivo,3,Não,Faculdade,Perto,Feminino,75,médio
2893,21,60,Médio,Médio,Sim,6,71,Baixo,Sim,0,Médio,Baixo,Público,Negativo,4,Sim,Ensino Médio,Longe,Masculino,59,baixo
2894,23,95,Alto,Médio,Não,6,86,Baixo,Sim,0,Médio,Alto,Público,Neutro,3,Não,Ensino Médio,Moderado,Feminino,71,médio
2895,44,68,Alto,Baixo,Não,9,75,Baixo,Sim,3,Médio,Alto,Privado,Negativo,2,Não,Ensino Médio,Moderado,Feminino,71,médio
2896,7,98,Médio,Médio,Não,7,54,Alto,Sim,0,Médio,Alto,Privado,Neutro,2,Não,Ensino Médio,Perto,Feminino,66,médio
2897,30,74,Médio,Baixo,Não,10,99,Médio,Sim,1,Alto,Médio,Privado,Positivo,2,Não,Ensino Médio,Moderado,Masculino,69,médio
2898,18,78,Alto,Médio,Sim,7,54,Baixo,Não,4,Baixo,Alto,Público,Neutro,4,Sim,Faculdade,Moderado,Feminino,65,médio
2899,22,88,Médio,Médio,Sim,9,58,Baixo,Sim,3,Baixo,Médio,Privado,Negativo,2,Não,Faculdade,Moderado,Masculino,68,médio
2900,20,84,Alto,Baixo,Não,7,71,Médio,Sim,5,Baixo,Alto,Privado,Positivo,2,Não,Ensino Médio,Longe,Feminino,68,médio
2901,17,73,Médio,Médio,Sim,6,97,Alto,Sim,1,Médio,Alto,Público,Positivo,3,Não,Ensino Médio,Perto,Masculino,67,médio
2902,17,82,Alto,Médio,Sim,7,65,Médio,Sim,1,Médio,Médio,Público,Positivo,5,Não,Ensino Médio,Perto,Masculino,68,médio
2903,22,89,Baixo,Médio,Sim,9,78,Médio,Sim,0,Médio,Médio,Público,Positivo,3,Não,Ensino Médio,Moderado,Masculino,68,médio
2904,11,62,Alto,Médio,Sim,7,76,Alto,Sim,3,Alto,Médio,Privado,Neutro,3,Sim,Ensino Médio,Moderado,Masculino,88,alto
2905,25,60,Médio,Alto,Sim,8,67,Médio,Sim,1,Médio,Alto,Público,Neutro,2,Não,Faculdade,Perto,Feminino,66,médio
2906,18,78,Alto,Baixo,Sim,7,85,Alto,Sim,3,Baixo,Baixo,Público,Negativo,2,Não,Faculdade,Perto,Masculino,67,médio
2907,13,65,Médio,Alto,Não,7,75,Baixo,Sim,2,Médio,Alto,Privado,Neutro,4,Não,Ensino Médio,Moderado,Masculino,63,médio
2908,17,87,Médio,Alto,Sim,7,79,Médio,Sim,3,Baixo,Médio,Público,Neutro,4,Sim,Ensino Médio,Perto,Feminino,68,médio
2909,28,69,Alto,Baixo,Não,6,61,Baixo,Sim,2,Médio,Alto,Público,Positivo,1,Sim,Ensino Médio,Perto,Masculino,65,médio
2910,17,77,Alto,Médio,Sim,7,96,Médio,Sim,1,Baixo,Baixo,Privado,Positivo,3,Não,Faculdade,Perto,Masculino,67,médio
2911,22,68,Alto,Alto,Sim,8,56,Médio,Não,3,Médio,Médio,Privado,Positivo,1,Não,Pós-Graduação,Perto,Masculino,67,médio
2912,16,82,Médio,Médio,Sim,7,85,Médio,Sim,1,Alto,Médio,Público,Neutro,4,Não,Ensino Médio,Perto,Masculino,67,médio
2913,25,65,Médio,Baixo,Não,7,94,Baixo,Sim,1,Baixo,Alto,Público,Positivo,3,Não,Ensino Médio,Longe,Masculino,64,médio
2914,24,61,Médio,Médio,Não,8,54,Médio,Sim,1,Baixo,Médio,Público,Neutro,2,Sim,Ensino Médio,Moderado,Masculino,61,médio
2915,31,62,Médio,Médio,Sim,7,51,Médio,Sim,2,Médio,Médio,Público,Neutro,1,Não,Faculdade,Longe,Feminino,65,médio
2916,19,98,Baixo,Alto,Sim,7,67,Alto,Sim,1,Médio,Médio,Privado,Negativo,4,Não,Ensino Médio,Moderado,Feminino,70,médio
2917,24,66,Médio,Alto,Não,8,89,Médio,Sim,0,Médio,Alto,Público,Positivo,2,Não,Faculdade,Perto,Masculino,67,médio
2918,21,88,Alto,Baixo,Não,7,86,Médio,Sim,1,Baixo,Médio,Privado,Positivo,2,Não,Ensino Médio,Moderado,Masculino,68,médio
2919,28,63,Médio,Médio,Sim,7,91,Médio,Sim,1,Baixo,Médio,Privado,Positivo,1,Não,Ensino Médio,Longe,Masculino,65,médio
2920,16,64,Alto,Médio,Sim,8,70,Baixo,Sim,3,Alto,Alto,Privado,Negativo,3,Não,Ensino Médio,Longe,Feminino,63,médio
2921,24,80,Médio,Alto,Não,7,100,Médio,Sim,1,Alto,Alto,Público,Neutro,3,Não,Pós-Graduação,Moderado,Masculino,72,médio
2922,19,79,Alto,Médio,Sim,7,68,Médio,Sim,2,Alto,Alto,Público,Negativo,1,Não,Faculdade,Perto,Feminino,68,médio
2923,20,98,Médio,Alto,Sim,7,90,Médio,Sim,2,Médio,Médio,Público,Positivo,4,Não,Ensino Médio,Perto,Masculino,73,médio
2924,21,98,Alto,Médio,Sim,7,68,Alto,Sim,0,Médio,Médio,Público,Positivo,3,Sim,Faculdade,Perto,Feminino,71,médio
2925,22,91,Médio,Alto,Não,5,61,Médio,Sim,3,Baixo,Alto,Público,Neutro,2,Não,Pós-Graduação,Longe,Masculino,70,médio
2926,19,84,Alto,Médio,Sim,7,67,Baixo,Sim,0,Médio,Baixo,Público,Positivo,3,Não,Pós-Graduação,Perto,Feminino,68,médio
2927,21,78,Médio,Alto,Não,10,60,Médio,Sim,3,Alto,Médio,Público,Negativo,5,Não,Ensino Médio,Moderado,Masculino,68,médio
2928,29,74,Médio,Médio,Não,6,56,Baixo,Sim,2,Baixo,Alto,Público,Neutro,3,Não,Pós-Graduação,Perto,Feminino,68,médio
2929,26,98,Baixo,Alto,Sim,6,68,Médio,Sim,1,Baixo,Médio,Privado,Neutro,1,Não,Pós-Graduação,Moderado,Masculino,71,médio
2930,25,84,Médio,Médio,Sim,10,57,Baixo,Sim,4,Médio,Médio,Público,Positivo,2,Não,Faculdade,Perto,Masculino,70,médio
2931,17,83,Alto,Médio,Não,6,75,Médio,Sim,2,Médio,Médio,Público,Positivo,3,Sim,Ensino Médio,Perto,Masculino,67,médio
2932,15,69,Baixo,Médio,Sim,9,52,Médio,Sim,0,Alto,Médio,Público,Neutro,3,Não,Faculdade,Perto,Feminino,61,médio
2933,26,62,Alto,Baixo,Sim,7,72,Baixo,Sim,1,Médio,Médio,Público,Neutro,3,Não,Faculdade,Moderado,Feminino,64,médio
2934,25,98,Baixo,Médio,Não,7,98,Médio,Sim,1,Médio,Médio,Público,Negativo,4,Não,Pós-Graduação,Perto,Masculino,72,médio
2935,29,73,Alto,Médio,Não,7,68,Baixo,Sim,1,Baixo,Alto,Privado,Positivo,4,Sim,Ensino Médio,Moderado,Masculino,67,médio
2936,16,78,Alto,Baixo,Sim,8,57,Alto,Sim,1,Médio,Médio,Público,Negativo,3,Não,Faculdade,Perto,Masculino,65,médio
2937,19,65,Médio,Baixo,Sim,5,65,Alto,Sim,1,Alto,Médio,Público,Positivo,6,Não,Faculdade,Moderado,Feminino,64,médio
2938,10,93,Baixo,Médio,Sim,7,90,Médio,Sim,0,Baixo,Médio,Privado,Positivo,2,Não,Ensino Médio,Perto,Feminino,66,médio
2939,18,61,Médio,Médio,Não,6,66,Médio,Sim,1,Médio,Alto,Público,Positivo,2,Não,Ensino Médio,Moderado,Feminino,62,médio
2940,26,93,Baixo,Médio,Não,4,69,Médio,Sim,2,Baixo,Médio,Público,Neutro,3,Não,Ensino Médio,Perto,Masculino,70,médio
2941,17,66,Médio,Médio,Sim,9,89,Médio,Não,1,Médio,Alto,Público,Positivo,4,Não,Ensino Médio,Moderado,Feminino,64,médio
2942,24,95,Médio,Baixo,Não,4,63,Baixo,Sim,3,Baixo,Médio,Público,Positivo,3,Não,Ensino Médio,Perto,Feminino,70,médio
2943,19,89,Médio,Baixo,Não,10,74,Médio,Sim,1,Baixo,Médio,Público,Positivo,2,Não,Ensino Médio,Moderado,Feminino,66,médio
2944,22,67,Baixo,Alto,Sim,8,53,Médio,Sim,0,Médio,Alto,Público,Negativo,3,Não,Ensino Médio,Longe,Masculino,62,médio
2945,13,83,Baixo,Baixo,Não,5,59,Alto,Sim,4,Baixo,Médio,Privado,Neutro,2,Não,Ensino Médio,Perto,Feminino,63,médio
2946,21,73,Baixo,Médio,Sim,9,60,Alto,Sim,2,Médio,Médio,Público,Positivo,3,Não,Faculdade,Perto,Masculino,66,médio
2947,2,67,Médio,Médio,Não,6,73,Baixo,Sim,1,Baixo,Médio,Privado,Positivo,2,Não,Faculdade,Moderado,Masculino,58,baixo
2948,19,94,Médio,Alto,Sim,6,91,Médio,Sim,1,Baixo,Médio,Público,Negativo,3,Não,Ensino Médio,Moderado,Masculino,70,médio
2949,10,76,Médio,Baixo,Não,4,68,Médio,Sim,1,Alto,Baixo,Privado,Neutro,6,Não,Faculdade,Perto,Masculino,63,médio
2950,27,76,Médio,Alto,Sim,6,69,Alto,Sim,0,Médio,Alto,Público,Neutro,1,Não,Ensino Médio,Perto,Masculino,70,médio
2951,25,67,Alto,Médio,Sim,6,65,Médio,Sim,1,Baixo,Médio,Público,Negativo,3,Não,Ensino Médio,Perto,Masculino,65,médio
2952,23,75,Médio,Baixo,Sim,8,66,Médio,Sim,5,Médio,Baixo,Público,Neutro,3,Não,Ensino Médio,Perto,Masculino,67,médio
2953,29,95,Alto,Médio,Não,9,70,Médio,Não,1,Baixo,Médio,Privado,Positivo,2,Não,Pós-Graduação,Perto,Feminino,73,médio
2954,14,75,Médio,Médio,Sim,5,95,Médio,Sim,0,Médio,Médio,Público,Positivo,3,Não,Faculdade,Moderado,Masculino,82,alto
2955,30,98,Baixo,Médio,Não,7,51,Alto,Sim,0,Baixo,Médio,Público,Positivo,2,Não,Ensino Médio,Perto,Masculino,71,médio
2956,26,98,Médio,Médio,Sim,4,81,Baixo,Sim,1,Baixo,Médio,Público,Positivo,4,Não,Pós-Graduação,Perto,Masculino,73,médio
2957,19,66,Médio,Alto,Não,7,94,Baixo,Sim,1,Alto,Médio,Público,Positivo,4,Não,Ensino Médio,Moderado,Feminino,65,médio
2958,27,67,Alto,Médio,Sim,10,71,Médio,Sim,1,Baixo,Alto,Público,Neutro,3,Não,Ensino Médio,Perto,Feminino,67,médio
2959,13,95,Médio,Médio,Sim,4,83,Baixo,Não,1,Baixo,Alto,Público,Neutro,4,Não,Faculdade,Moderado,Masculino,67,médio
2960,15,76,Alto,Alto,Sim,5,79,Médio,Sim,4,Médio,Médio,Público,Neutro,4,Não,Pós-Graduação,Moderado,Feminino,69,médio
2961,16,60,Médio,Alto,Sim,8,67,Baixo,Sim,0,Baixo,Médio,Público,Neutro,3,Não,Ensino Médio,Perto,Masculino,61,médio
2962,17,71,Médio,Baixo,Não,8,57,Médio,Sim,3,Médio,Alto,Privado,Positivo,4,Não,Ensino Médio,Perto,Feminino,64,médio
2963,14,84,Baixo,Alto,Não,6,61,Baixo,Sim,1,Alto,Médio,Público,Positivo,2,Não,Faculdade,Longe,Masculino,64,médio
2964,27,92,Baixo,Médio,Sim,9,53,Baixo,Sim,2,Baixo,Médio,Público,Negativo,2,Não,Faculdade,Longe,Masculino,68,médio
2965,18,65,Médio,Baixo,Não,6,88,Médio,Sim,1,Médio,Médio,Privado,Positivo,1,Sim,Faculdade,Perto,Masculino,62,médio
2966,22,64,Médio,Médio,Sim,10,77,Alto,Sim,5,Médio,Médio,Público,Neutro,3,Sim,Ensino Médio,Perto,Masculino,66,médio
2967,17,97,Alto,Baixo,Sim,8,89,Médio,Sim,1,Baixo,Médio,Público,Neutro,4,Não,Faculdade,Perto,Masculino,70,médio
2968,9,90,Alto,Médio,Sim,9,65,Baixo,Sim,3,Médio,Médio,Público,Positivo,3,Não,Ensino Médio,Perto,Feminino,67,médio
2969,22,84,Médio,Médio,Sim,8,90,Médio,Sim,2,Médio,Médio,Público,Positivo,2,Não,Faculdade,Perto,Feminino,70,médio
2970,9,91,Médio,Médio,Não,8,65,Alto,Sim,0,Médio,Médio,Público,Positivo,4,Não,Ensino Médio,Moderado,Masculino,65,médio
2971,20,77,Baixo,Médio,Não,8,56,Médio,Sim,1,Médio,Alto,Público,Positivo,4,Não,Faculdade,Moderado,Masculino,65,médio
2972,12,90,Médio,Alto,Sim,9,77,Médio,Sim,3,Médio,Médio,Público,Positivo,3,Não,Pós-Graduação,Perto,Masculino,70,médio
2973,32,75,Alto,Médio,Sim,7,97,Alto,Sim,1,Médio,Médio,Privado,Neutro,3,Não,Faculdade,Moderado,Masculino,72,médio
2974,25,70,Médio,Médio,Não,6,71,Baixo,Sim,0,Baixo,Médio,Público,Neutro,2,Não,Faculdade,Perto,Feminino,65,médio
2975,21,89,Alto,Alto,Sim,7,76,Médio,Sim,1,Médio,Médio,Público,Positivo,2,Não,Ensino Médio,Perto,Masculino,71,médio
2976,28,77,Alto,Alto,Sim,6,73,Baixo,Sim,3,Médio,Alto,Privado,Negativo,3,Não,Faculdade,Perto,Feminino,71,médio
2977,15,99,Médio,Alto,Sim,6,73,Alto,Sim,1,Alto,Alto,Público,Negativo,5,Não,Pós-Graduação,Perto,Masculino,72,médio
2978,23,74,Baixo,Baixo,Não,9,61,Baixo,Sim,0,Médio,Baixo,Público,Positivo,4,Não,Pós-Graduação,Perto,Masculino,64,médio
2979,21,97,Médio,Médio,Não,8,71,Alto,Sim,2,Alto,Alto,Público,Neutro,1,Não,Faculdade,Moderado,Masculino,72,médio
2980,22,97,Baixo,Médio,Não,8,75,Médio,Sim,1,Médio,Médio,Privado,Positivo,4,Não,Pós-Graduação,Perto,Masculino,71,médio
2981,28,70,Médio,Médio,Sim,9,87,Baixo,Sim,0,Baixo,Médio,Público,Neutro,3,Não,Ensino Médio,Moderado,Masculino,66,médio
2982,24,92,Alto,Baixo,Não,8,57,Médio,Sim,3,Médio,Médio,Privado,Positivo,3,Não,Faculdade,Perto,Feminino,71,médio
2983,22,77,Médio,Médio,Sim,10,79,Alto,Sim,2,Médio,Baixo,Público,Neutro,2,Não,Ensino Médio,Perto,Masculino,67,médio
2984,10,97,Alto,Alto,Não,4,83,Baixo,Sim,1,Baixo,Alto,Público,Neutro,2,Não,Pós-Graduação,Perto,Masculino,69,médio
2985,14,78,Alto,Médio,Sim,6,69,Alto,Sim,0,Médio,Médio,Público,Positivo,5,Não,Faculdade,Moderado,Feminino,67,médio
2986,19,90,Alto,Médio,Sim,6,77,Médio,Sim,0,Alto,Médio,Público,Neutro,4,Não,Pós-Graduação,Perto,Masculino,71,médio
2987,21,79,Médio,Baixo,Não,5,86,Baixo,Sim,1,Alto,Médio,Privado,Positivo,2,Não,Ensino Médio,Moderado,Feminino,66,médio
2988,13,69,Alto,Alto,Não,7,73,Baixo,Sim,1,Médio,Baixo,Privado,Positivo,2,Não,Ensino Médio,Longe,Masculino,62,médio
2989,34,68,Médio,Médio,Não,7,67,Alto,Sim,0,Médio,Médio,Privado,Neutro,2,Não,Ensino Médio,Moderado,Masculino,67,médio
2990,29,77,Médio,Baixo,Sim,10,91,Alto,Sim,2,Baixo,Médio,Público,Negativo,4,Não,Pós-Graduação,Perto,Feminino,70,médio
2991,24,90,Alto,Alto,Não,8,99,Alto,Sim,0,Baixo,Médio,Público,Neutro,3,Não,Faculdade,Moderado,Feminino,72,médio
2992,20,84,Alto,Alto,Não,6,61,Médio,Sim,3,Médio,Médio,Privado,Neutro,2,Não,Ensino Médio,Perto,Masculino,69,médio
2993,19,88,Médio,Alto,Não,8,94,Alto,Sim,1,Médio,Médio,Público,Neutro,3,Não,Ensino Médio,Moderado,Masculino,70,médio
2994,14,71,Alto,Alto,Não,4,77,Médio,Sim,0,Médio,Médio,Público,Negativo,3,Não,Ensino Médio,Perto,Feminino,64,médio
2995,20,79,Médio,Médio,Sim,7,72,Baixo,Não,1,Médio,Médio,Público,Negativo,3,Não,Ensino Médio,Perto,Masculino,65,médio
2996,22,62,Médio,Alto,Sim,7,95,Médio,Sim,2,Médio,Médio,Público,Negativo,2,Não,Ensino Médio,Perto,Masculino,66,médio
2997,13,93,Baixo,Médio,Não,6,96,Alto,Sim,2,Alto,Médio,Privado,Negativo,3,Não,Ensino Médio,Perto,Feminino,68,médio
2998,22,100,Médio,Médio,Sim,7,64,Médio,Sim,2,Baixo,Médio,Privado,Positivo,3,Não,Faculdade,Perto,Feminino,72,médio
2999,19,76,Médio,Baixo,Sim,6,68,Médio,Sim,2,Alto,Médio,Público,Positivo,3,Não,Ensino Médio,Moderado,Feminino,65,médio
3000,9,60,Médio,Baixo,Sim,6,93,Médio,Sim,3,Baixo,Alto,Privado,Neutro,2,Não,Ensino Médio,Moderado,Feminino,60,baixo
3001,15,67,Médio,Médio,Não,8,75,Médio,Sim,0,Alto,Alto,Público,Negativo,4,Não,Pós-Graduação,Perto,Feminino,63,médio
3002,18,86,Baixo,Baixo,Sim,9,64,Baixo,Sim,3,Baixo,Alto,Público,Positivo,3,Não,Ensino Médio,Perto,Feminino,66,médio
3003,31,84,Baixo,Médio,Sim,8,98,Baixo,Sim,1,Médio,Médio,Público,Positivo,4,Não,Pós-Graduação,Perto,Feminino,73,médio
3004,23,92,Médio,Médio,Sim,6,61,Baixo,Sim,4,Baixo,Médio,Público,Positivo,4,Não,Faculdade,Perto,Masculino,71,médio
3005,12,70,Médio,Médio,Sim,6,81,Baixo,Sim,1,Baixo,Médio,Público,Negativo,2,Sim,Ensino Médio,Longe,Masculino,59,baixo
3006,23,91,Médio,Baixo,Sim,6,71,Médio,Sim,5,Baixo,Alto,Público,Neutro,3,Não,Ensino Médio,Moderado,Feminino,70,médio
3007,11,88,Médio,Baixo,Sim,7,73,Baixo,Sim,1,Médio,Baixo,Privado,Neutro,3,Sim,Faculdade,Perto,Feminino,63,médio
3008,26,73,Médio,Médio,Não,6,55,Médio,Sim,1,Médio,Baixo,Público,Positivo,4,Não,Pós-Graduação,Perto,Masculino,67,médio
3009,17,82,Baixo,Médio,Sim,9,63,Médio,Sim,2,Baixo,Médio,Privado,Neutro,2,Não,Faculdade,Moderado,Masculino,65,médio
3010,19,66,Médio,Baixo,Não,7,58,Médio,Sim,5,Médio,Baixo,Público,Positivo,4,Não,Faculdade,Moderado,Feminino,64,médio
3011,28,78,Alto,Médio,Não,8,87,Baixo,Sim,2,Baixo,Médio,Público,Positivo,2,Não,Pós-Graduação,Perto,Masculino,71,médio
3012,12,95,Médio,Alto,Sim,5,85,Médio,Sim,2,Alto,Médio,Público,Negativo,2,Não,Faculdade,Perto,Masculino,70,médio
3013,12,77,Médio,Baixo,Sim,6,90,Médio,Sim,2,Médio,Baixo,Público,Neutro,2,Não,Ensino Médio,Perto,Feminino,63,médio
3014,16,94,Baixo,Médio,Não,8,85,Médio,Sim,3,Baixo,Alto,Público,Neutro,2,Não,Ensino Médio,Perto,Feminino,68,médio
3015,26,84,Médio,Médio,Sim,8,56,Médio,Não,1,Médio,Médio,Público,Negativo,2,Não,Faculdade,Perto,Feminino,67,médio
3016,11,68,Médio,Alto,Sim,5,99,Médio,Sim,1,Alto,Médio,Público,Neutro,4,Não,Pós-Graduação,Perto,Feminino,66,médio
3017,3,83,Alto,Baixo,Sim,7,59,Baixo,Sim,2,Médio,Alto,Público,Positivo,5,Não,Ensino Médio,Moderado,Masculino,63,médio
3018,17,80,Médio,Médio,Sim,7,68,Médio,Sim,0,Médio,Médio,Privado,Negativo,5,Sim,Faculdade,Perto,Feminino,65,médio
3019,23,76,Médio,Alto,Sim,6,85,Baixo,Sim,2,Baixo,Médio,Público,Positivo,3,Sim,Ensino Médio,Longe,Masculino,66,médio
3020,27,65,Médio,Médio,Sim,8,57,Médio,Sim,2,Baixo,Baixo,Público,Negativo,4,Não,Pós-Graduação,Perto,Feminino,65,médio
3021,17,77,Baixo,Médio,Sim,5,59,Médio,Sim,2,Médio,Alto,Privado,Neutro,4,Não,Ensino Médio,Perto,Masculino,65,médio
3022,18,63,Alto,Baixo,Não,6,94,Médio,Sim,2,Médio,Alto,Público,Neutro,2,Sim,Ensino Médio,Perto,Masculino,63,médio
3023,27,64,Médio,Alto,Não,8,67,Médio,Sim,0,Baixo,Médio,Público,Positivo,3,Não,Ensino Médio,Perto,Masculino,65,médio
3024,9,77,Baixo,Alto,Sim,7,83,Médio,Sim,1,Baixo,Alto,Privado,Neutro,4,Sim,Ensino Médio,Longe,Masculino,62,médio
3025,18,72,Médio,Médio,Sim,7,93,Médio,Sim,1,Médio,Médio,Público,Positivo,3,Não,Faculdade,Perto,Feminino,66,médio
3026,21,97,Médio,Baixo,Não,7,99,Médio,Sim,1,Alto,Médio,Público,Negativo,3,Não,Pós-Graduação,Perto,Feminino,71,médio
3027,23,75,Baixo,Baixo,Sim,8,61,Alto,Sim,2,Baixo,Médio,Público,Positivo,2,Não,Ensino Médio,Longe,Feminino,64,médio
3028,17,90,Médio,Médio,Sim,8,56,Baixo,Sim,0,Médio,Médio,Privado,Neutro,4,Não,Faculdade,Perto,Feminino,67,médio
3029,20,81,Médio,Médio,Não,8,87,Médio,Sim,1,Alto,Médio,Privado,Neutro,3,Não,Ensino Médio,Perto,Masculino,68,médio
3030,5,88,Médio,Médio,Não,7,59,Médio,Sim,3,Baixo,Médio,Público,Negativo,3,Não,Faculdade,Perto,Feminino,63,médio
3031,16,70,Baixo,Médio,Sim,6,79,Alto,Sim,0,Alto,Alto,Público,Negativo,3,Não,Faculdade,Perto,Feminino,64,médio
3032,23,98,Alto,Alto,Sim,6,77,Médio,Sim,1,Baixo,Alto,Público,Neutro,1,Não,Pós-Graduação,Perto,Feminino,74,médio
3033,14,81,Baixo,Médio,Sim,5,78,Médio,Sim,2,Alto,Alto,Público,Positivo,4,Não,Pós-Graduação,Perto,Masculino,68,médio
3034,20,93,Médio,Médio,Sim,6,82,Baixo,Não,1,Médio,Alto,Público,Positivo,3,Sim,Ensino Médio,Moderado,Feminino,68,médio
3035,23,75,Alto,Alto,Sim,6,93,Médio,Não,2,Médio,Baixo,Público,Neutro,3,Não,Pós-Graduação,Moderado,Feminino,69,médio
3036,18,64,Baixo,Médio,Sim,9,64,Médio,Sim,4,Baixo,Médio,Público,Negativo,4,Sim,Ensino Médio,Perto,Masculino,61,médio
3037,21,87,Baixo,Alto,Sim,5,78,Alto,Sim,1,Baixo,Médio,Privado,Positivo,2,Não,Ensino Médio,Perto,Feminino,69,médio
3038,14,60,Baixo,Baixo,Sim,9,67,Baixo,Sim,3,Alto,Alto,Público,Positivo,3,Não,Ensino Médio,Perto,Feminino,61,médio
3039,19,79,Médio,Alto,Sim,7,66,Baixo,Sim,3,Alto,Médio,Público,Positivo,3,Sim,Ensino Médio,Perto,Masculino,67,médio
3040,24,68,Baixo,Alto,Não,7,51,Médio,Sim,0,Baixo,Baixo,Privado,Neutro,4,Não,Ensino Médio,Perto,Feminino,63,médio
3041,21,85,Médio,Médio,Não,8,80,Médio,Sim,3,Baixo,Alto,Público,Positivo,3,Sim,Faculdade,Moderado,Feminino,68,médio
3042,16,99,Médio,Médio,Não,5,99,Baixo,Não,0,Baixo,Médio,Privado,Neutro,5,Não,Faculdade,Moderado,Feminino,68,médio
3043,21,79,Médio,Baixo,Sim,6,88,Baixo,Sim,2,Alto,Médio,Público,Neutro,1,Não,Ensino Médio,Perto,Masculino,67,médio
3044,24,93,Baixo,Médio,Sim,5,62,Alto,Sim,1,Alto,Médio,Privado,Negativo,3,Não,Faculdade,Moderado,Feminino,69,médio
3045,8,80,Alto,Médio,Não,6,86,Médio,Sim,2,Baixo,Médio,Público,Neutro,3,Não,Ensino Médio,Perto,Masculino,64,médio
3046,27,80,Baixo,Baixo,Não,6,65,Baixo,Sim,1,Baixo,Médio,Público,Positivo,4,Não,Pós-Graduação,Perto,Masculino,67,médio
3047,18,97,Médio,Alto,Não,9,88,Baixo,Sim,1,Alto,Médio,Público,Neutro,3,Sim,Ensino Médio,Perto,Feminino,70,médio
3048,23,96,Baixo,Alto,Sim,6,93,Baixo,Sim,5,Baixo,Médio,Público,Negativo,4,Não,Ensino Médio,Perto,Feminino,72,médio
3049,27,91,Baixo,Alto,Não,4,67,Médio,Sim,1,Alto,Alto,Privado,Neutro,2,Não,Ensino Médio,Moderado,Feminino,71,médio
3050,12,72,Médio,Médio,Não,6,50,Alto,Sim,1,Baixo,Médio,Público,Positivo,3,Não,Faculdade,Perto,Masculino,62,médio
3051,16,82,Médio,Médio,Sim,8,65,Alto,Sim,2,Baixo,Médio,Privado,Positivo,5,Sim,Pós-Graduação,Perto,Masculino,67,médio
3052,18,69,Médio,Alto,Sim,9,60,Médio,Sim,3,Baixo,Médio,Público,Negativo,2,Não,Faculdade,Longe,Feminino,64,médio
3053,15,78,Médio,Médio,Sim,7,81,Médio,Sim,0,Médio,Baixo,Público,Neutro,2,Não,Ensino Médio,Perto,Masculino,64,médio
3054,30,79,Alto,Médio,Não,6,65,Médio,Sim,1,Baixo,Médio,Público,Negativo,4,Não,Pós-Graduação,Perto,Feminino,70,médio
3055,15,93,Médio,Médio,Sim,7,52,Médio,Sim,3,Baixo,Médio,Público,Negativo,5,Não,Faculdade,Perto,Feminino,68,médio
3056,17,96,Médio,Médio,Não,8,77,Médio,Sim,1,Médio,Médio,Público,Neutro,3,Não,Pós-Graduação,Perto,Feminino,70,médio
3057,21,77,Médio,Baixo,Sim,5,94,Baixo,Sim,1,Médio,Alto,Público,Negativo,3,Não,Ensino Médio,Longe,Masculino,65,médio
3058,13,61,Baixo,Baixo,Não,7,73,Baixo,Sim,2,Alto,Médio,Público,Positivo,2,Não,Ensino Médio,Perto,Feminino,59,baixo
3059,18,94,Médio,Médio,Sim,7,69,Médio,Sim,1,Médio,Alto,Público,Positivo,2,Não,Ensino Médio,Longe,Feminino,69,médio
3060,22,67,Médio,Médio,Sim,7,59,Alto,Sim,2,Baixo,Alto,Público,Positivo,3,Não,Pós-Graduação,Perto,Masculino,67,médio
3061,18,85,Médio,Alto,Não,7,69,Médio,Sim,2,Baixo,Médio,Privado,Positivo,4,Não,Ensino Médio,Perto,Masculino,68,médio
3062,19,61,Médio,Médio,Não,6,67,Baixo,Sim,1,Médio,Médio,Público,Positivo,1,Não,Faculdade,Perto,Masculino,62,médio
3063,17,76,Alto,Médio,Não,8,100,Baixo,Não,0,Alto,Médio,Privado,Neutro,4,Não,Ensino Médio,Moderado,Masculino,65,médio
3064,11,99,Alto,Médio,Sim,7,52,Médio,Sim,0,Alto,Alto,Privado,Neutro,5,Não,Faculdade,Perto,Feminino,69,médio
3065,22,64,Médio,Médio,Sim,7,62,Médio,Sim,3,Baixo,Médio,Privado,Neutro,4,Não,Pós-Graduação,Moderado,Feminino,65,médio
3066,31,77,Alto,Baixo,Sim,5,53,Alto,Sim,1,Médio,Médio,Público,Neutro,2,Não,Ensino Médio,Perto,Feminino,68,médio
3067,20,72,Alto,Baixo,Sim,8,93,Médio,Sim,4,Baixo,Alto,Público,Positivo,2,Não,Ensino Médio,Perto,Masculino,68,médio
3068,21,96,Alto,Médio,Sim,6,71,Alto,Não,3,Médio,Médio,Público,Negativo,3,Não,Ensino Médio,Perto,Feminino,71,médio
3069,24,95,Médio,Baixo,Sim,9,90,Médio,Sim,3,Baixo,Baixo,Público,Positivo,4,Não,Ensino Médio,Moderado,Masculino,71,médio
3070,12,70,Alto,Médio,Não,5,85,Alto,Sim,1,Alto,Médio,Público,Positivo,3,Não,Pós-Graduação,Perto,Feminino,66,médio
3071,30,63,Médio,Alto,Sim,8,96,Médio,Sim,4,Baixo,Médio,Privado,Positivo,3,Não,Pós-Graduação,Perto,Feminino,71,médio
3072,21,85,Médio,Médio,Não,4,51,Baixo,Sim,2,Baixo,Médio,Público,Neutro,3,Não,Faculdade,Perto,Feminino,66,médio
3073,30,73,Alto,Baixo,Não,4,60,Médio,Sim,0,Baixo,Baixo,Privado,Positivo,4,Não,Ensino Médio,Moderado,Feminino,66,médio
3074,16,87,Alto,Alto,Sim,6,85,Médio,Sim,2,Médio,Alto,Público,Neutro,1,Não,Ensino Médio,Perto,Feminino,69,médio
3075,31,61,Médio,Médio,Não,4,79,Médio,Sim,0,Baixo,Baixo,Público,Positivo,3,Não,Ensino Médio,Moderado,Feminino,65,médio
3076,25,65,Alto,Baixo,Sim,8,85,Médio,Sim,2,Baixo,Médio,Público,Negativo,3,Não,Pós-Graduação,Perto,Feminino,66,médio
3077,23,87,Médio,Baixo,Não,7,79,Médio,Sim,2,Médio,Médio,Público,Neutro,2,Não,Ensino Médio,Longe,Masculino,67,médio
3078,21,68,Médio,Médio,Não,9,79,Baixo,Sim,1,Alto,Alto,Privado,Negativo,4,Não,Pós-Graduação,Moderado,Feminino,66,médio
3079,19,94,Médio,Médio,Não,7,97,Médio,Sim,0,Médio,Médio,Público,Neutro,3,Não,Ensino Médio,Perto,Feminino,69,médio
3080,27,62,Alto,Baixo,Não,7,96,Médio,Sim,2,Baixo,Médio,Público,Neutro,4,Não,Ensino Médio,Perto,Masculino,66,médio
3081,21,69,Alto,Médio,Sim,7,52,Baixo,Sim,0,Baixo,Médio,Público,Negativo,3,Não,Pós-Graduação,Perto,Masculino,64,médio
3082,8,100,Alto,Alto,Sim,6,71,Médio,Sim,0,Baixo,Alto,Público,Positivo,2,Não,Pós-Graduação,Perto,Feminino,70,médio
3083,13,77,Baixo,Médio,Sim,6,76,Baixo,Não,1,Médio,Baixo,Privado,Neutro,4,Não,Faculdade,Moderado,Masculino,62,médio
3084,19,88,Baixo,Médio,Sim,5,68,Alto,Sim,1,Baixo,Baixo,Público,Positivo,5,Não,Ensino Médio,Moderado,Masculino,67,médio
3085,22,67,Baixo,Médio,Não,8,52,Médio,Sim,1,Médio,Baixo,Público,Negativo,2,Sim,Faculdade,Moderado,Feminino,60,baixo
3086,20,84,Baixo,Baixo,Não,7,74,Baixo,Sim,1,Alto,Médio,Público,Neutro,3,Não,Pós-Graduação,Perto,Feminino,66,médio
3087,27,89,Médio,Médio,Sim,7,99,Médio,Sim,0,Médio,Alto,Público,Positivo,2,Não,Ensino Médio,Perto,Feminino,72,médio
3088,8,73,Médio,Alto,Sim,10,54,Médio,Sim,2,Médio,Médio,Público,Positivo,3,Não,Ensino Médio,Perto,Masculino,63,médio
3089,21,93,Baixo,Baixo,Sim,6,91,Baixo,Sim,1,Alto,Médio,Público,Negativo,3,Não,Pós-Graduação,Perto,Masculino,69,médio
3090,9,84,Alto,Alto,Sim,7,60,Alto,Sim,1,Baixo,Médio,Privado,Positivo,3,Não,Faculdade,Moderado,Masculino,66,médio
3091,25,76,Médio,Médio,Sim,7,79,Médio,Sim,2,Médio,Médio,Público,Positivo,2,Não,Faculdade,Perto,Masculino,69,médio
3092,19,82,Alto,Médio,Não,9,69,Baixo,Sim,2,Médio,Médio,Privado,Neutro,3,Não,Faculdade,Moderado,Masculino,68,médio
3093,23,83,Médio,Baixo,Não,7,67,Médio,Sim,3,Baixo,Baixo,Público,Negativo,4,Não,Ensino Médio,Moderado,Feminino,66,médio
3094,15,67,Médio,Médio,Sim,7,94,Baixo,Sim,0,Alto,Baixo,Privado,Positivo,2,Não,Pós-Graduação,Moderado,Masculino,63,médio
3095,28,76,Médio,Médio,Sim,10,99,Alto,Sim,1,Médio,Médio,Público,Neutro,3,Não,Ensino Médio,Perto,Masculino,70,médio
3096,26,74,Médio,Médio,Não,6,69,Médio,Sim,2,Baixo,Alto,Público,Positivo,4,Não,Pós-Graduação,Moderado,Masculino,68,médio
3097,24,76,Médio,Médio,Sim,7,82,Médio,Sim,2,Médio,Médio,Público,Positivo,4,Não,Faculdade,Longe,Masculino,68,médio
3098,19,90,Médio,Médio,Não,8,78,Médio,Sim,1,Baixo,Médio,Privado,Neutro,3,Não,Ensino Médio,Moderado,Masculino,67,médio
3099,23,79,Alto,Alto,Sim,6,54,Baixo,Sim,1,Baixo,Médio,Público,Neutro,1,Não,Ensino Médio,Moderado,Masculino,67,médio
3100,16,98,Alto,Baixo,Sim,8,52,Médio,Sim,3,Baixo,Alto,Público,Neutro,3,Não,Faculdade,Moderado,Feminino,69,médio
3101,25,72,Médio,Médio,Não,6,89,Baixo,Sim,3,Baixo,Alto,Público,Neutro,5,Não,Ensino Médio,Perto,Masculino,68,médio
3102,30,77,Médio,Baixo,Sim,9,70,Médio,Sim,0,Médio,Alto,Público,Neutro,1,Não,Ensino Médio,Moderado,Masculino,67,médio
3103,26,91,Alto,Médio,Sim,8,65,Baixo,Sim,0,Médio,Alto,Público,Neutro,2,Não,Ensino Médio,Moderado,Masculino,70,médio
3104,16,82,Alto,Alto,Não,7,99,Baixo,Sim,3,Médio,Médio,Público,Positivo,3,Não,Pós-Graduação,Moderado,Masculino,70,médio
3105,22,82,Médio,Baixo,Não,5,54,Médio,Sim,2,Médio,Médio,Público,Neutro,2,Não,Faculdade,Moderado,Masculino,66,médio
3106,12,62,Alto,Alto,Sim,6,63,Alto,Sim,0,Baixo,Médio,Privado,Negativo,2,Não,Ensino Médio,Perto,Masculino,61,médio
3107,23,76,Baixo,Alto,Sim,7,93,Médio,Sim,2,Baixo,Médio,Público,Negativo,2,Não,Faculdade,Perto,Masculino,68,médio
3108,23,71,Baixo,Médio,Sim,8,71,Baixo,Sim,1,Baixo,Baixo,Público,Neutro,2,Não,Pós-Graduação,Perto,Feminino,64,médio
3109,9,100,Baixo,Baixo,Não,7,79,Médio,Sim,1,Baixo,Médio,Público,Positivo,2,Não,Pós-Graduação,Perto,Masculino,66,médio
3110,13,72,Baixo,Alto,Sim,8,52,Médio,Sim,3,Alto,Alto,Privado,Positivo,4,Não,Ensino Médio,Perto,Masculino,65,médio
3111,18,95,Médio,Alto,Não,8,96,Médio,Sim,3,Médio,Baixo,Público,Negativo,6,Não,Pós-Graduação,Perto,Masculino,73,médio
3112,18,87,Baixo,Baixo,Não,8,57,Médio,Não,3,Alto,Alto,Público,Positivo,4,Não,Ensino Médio,Perto,Masculino,66,médio
3113,13,74,Alto,Alto,Sim,7,61,Médio,Sim,2,Baixo,Médio,Público,Positivo,3,Não,Ensino Médio,Moderado,Masculino,65,médio
3114,22,82,Médio,Alto,Sim,7,58,Médio,Sim,0,Médio,Médio,Público,Negativo,4,Não,Faculdade,Perto,Masculino,68,médio
3115,22,94,Médio,Médio,Sim,7,75,Baixo,Sim,0,Baixo,Alto,Público,Neutro,3,Não,Ensino Médio,Perto,Masculino,69,médio
3116,19,95,Baixo,Alto,Sim,6,91,Alto,Sim,1,Médio,Alto,Público,Neutro,4,Não,Faculdade,Perto,Masculino,72,médio
3117,15,66,Médio,Médio,Não,9,63,Médio,Sim,3,Médio,Médio,Privado,Neutro,3,Não,Ensino Médio,Perto,Masculino,63,médio
3118,26,74,Baixo,Médio,Não,8,57,Médio,Sim,0,Médio,Médio,Privado,Positivo,1,Não,Ensino Médio,Perto,Masculino,65,médio
3119,30,73,Alto,Médio,Sim,9,70,Baixo,Sim,0,Médio,Médio,Público,Negativo,4,Não,Faculdade,Perto,Masculino,69,médio
3120,17,62,Alto,Baixo,Não,6,99,Médio,Sim,2,Médio,Médio,Privado,Negativo,3,Não,Ensino Médio,Longe,Feminino,62,médio
3121,16,84,Médio,Alto,Sim,8,51,Baixo,Sim,0,Médio,Médio,Público,Negativo,3,Não,Pós-Graduação,Perto,Feminino,66,médio
3122,23,94,Baixo,Baixo,Sim,9,75,Médio,Sim,3,Baixo,Médio,Privado,Neutro,2,Não,Pós-Graduação,Moderado,Feminino,69,médio
3123,18,75,Alto,Médio,Sim,9,83,Médio,Sim,2,Baixo,Médio,Público,Positivo,4,Sim,Pós-Graduação,Moderado,Feminino,67,médio
3124,19,90,Médio,Alto,Sim,5,90,Baixo,Sim,0,Baixo,Médio,Público,Neutro,2,Não,Faculdade,Longe,Feminino,94,alto
3125,24,85,Médio,Médio,Sim,7,87,Alto,Sim,2,Médio,Médio,Privado,Neutro,2,Não,Ensino Médio,Perto,Feminino,71,médio
3126,9,75,Médio,Médio,Não,7,54,Baixo,Sim,2,Baixo,Médio,Público,Positivo,4,Não,Ensino Médio,Perto,Feminino,61,médio
3127,28,66,Alto,Médio,Sim,9,73,Médio,Sim,2,Baixo,Médio,Público,Positivo,2,Não,Faculdade,Perto,Masculino,68,médio
3128,20,88,Médio,Médio,Não,4,54,Baixo,Sim,0,Alto,Baixo,Público,Negativo,4,Não,Ensino Médio,Perto,Masculino,66,médio
3129,18,94,Alto,Alto,Sim,5,81,Médio,Sim,0,Alto,Baixo,Público,Negativo,5,Não,Ensino Médio,Perto,Feminino,71,médio
3130,19,87,Baixo,Médio,Não,9,54,Baixo,Sim,3,Baixo,Alto,Público,Positivo,4,Não,Ensino Médio,Moderado,Feminino,66,médio
3131,20,61,Baixo,Médio,Não,6,52,Médio,Sim,2,Baixo,Baixo,Privado,Negativo,2,Não,Pós-Graduação,Perto,Masculino,60,baixo
3132,10,69,Médio,Médio,Sim,5,65,Baixo,Sim,0,Médio,Médio,Privado,Positivo,3,Não,Ensino Médio,Perto,Feminino,60,baixo
3133,29,63,Baixo,Baixo,Sim,9,97,Alto,Não,3,Médio,Alto,Público,Negativo,3,Não,Ensino Médio,Perto,Masculino,66,médio
3134,20,83,Médio,Baixo,Sim,5,85,Médio,Sim,1,Alto,Alto,Público,Neutro,2,Não,Faculdade,Longe,Masculino,67,médio
3135,23,90,Baixo,Baixo,Não,9,50,Baixo,Sim,4,Médio,Médio,Privado,Neutro,3,Não,Ensino Médio,Moderado,Masculino,67,médio
3136,26,64,Médio,Médio,Não,5,64,Médio,Sim,2,Alto,Médio,Público,Negativo,1,Não,Ensino Médio,Perto,Masculino,64,médio
3137,14,94,Médio,Médio,Não,5,51,Médio,Sim,0,Médio,Alto,Público,Neutro,3,Não,Faculdade,Perto,Masculino,66,médio
3138,23,82,Alto,Baixo,Não,7,65,Alto,Sim,1,Médio,Alto,Público,Negativo,3,Não,Ensino Médio,Perto,Feminino,68,médio
3139,18,88,Alto,Baixo,Sim,6,84,Médio,Sim,1,Médio,Alto,Público,Positivo,3,Não,Pós-Graduação,Moderado,Feminino,70,médio
3140,25,99,Alto,Médio,Sim,7,88,Médio,Sim,3,Baixo,Médio,Privado,Positivo,4,Não,Faculdade,Moderado,Feminino,75,médio
3141,7,63,Alto,Alto,Sim,10,90,Médio,Sim,0,Baixo,Médio,Privado,Positivo,2,Sim,Ensino Médio,Moderado,Masculino,86,alto
3142,19,96,Médio,Médio,Sim,7,95,Alto,Sim,3,Médio,Alto,Privado,Negativo,3,Não,Faculdade,Perto,Feminino,73,médio
3143,16,65,Médio,Baixo,Não,9,68,Médio,Sim,1,Alto,Médio,Público,Neutro,3,Não,Ensino Médio,Moderado,Masculino,61,médio
3144,23,76,Alto,Alto,Não,7,93,Médio,Sim,0,Médio,Médio,Privado,Negativo,6,Não,Ensino Médio,Moderado,Masculino,68,médio
3145,23,94,Médio,Alto,Não,8,86,Médio,Sim,1,Baixo,Alto,Público,Neutro,0,Não,Faculdade,Longe,Feminino,70,médio
3146,16,96,Médio,Médio,Sim,4,77,Alto,Sim,1,Alto,Alto,Público,Positivo,2,Não,Ensino Médio,Perto,Masculino,71,médio
3147,16,80,Alto,Médio,Sim,8,98,Alto,Sim,2,Médio,Alto,Privado,Positivo,4,Não,Pós-Graduação,Perto,Masculino,71,médio
3148,19,84,Médio,Médio,Não,8,97,Alto,Sim,2,Médio,Médio,Público,Neutro,1,Sim,Faculdade,Perto,Masculino,68,médio
3149,15,88,Alto,Alto,Sim,6,95,Médio,Sim,2,Baixo,Médio,Público,Negativo,4,Não,Ensino Médio,Perto,Feminino,70,médio
3150,25,93,Médio,Médio,Sim,10,60,Baixo,Sim,1,Médio,Médio,Público,Positivo,3,Não,Faculdade,Moderado,Masculino,70,médio
3151,18,65,Médio,Alto,Sim,6,60,Baixo,Sim,0,Médio,Alto,Privado,Neutro,3,Não,Ensino Médio,Moderado,Feminino,62,médio
3152,3,92,Alto,Baixo,Sim,5,95,Alto,Sim,3,Médio,Médio,Público,Neutro,1,Não,Pós-Graduação,Perto,Feminino,67,médio
3153,18,79,Médio,Médio,Não,8,70,Alto,Sim,3,Médio,Médio,Público,Positivo,3,Não,Faculdade,Perto,Feminino,68,médio
3154,14,78,Alto,Alto,Sim,5,90,Médio,Sim,1,Médio,Médio,Público,Neutro,3,Não,Pós-Graduação,Perto,Feminino,68,médio
3155,10,77,Alto,Alto,Não,7,84,Baixo,Sim,2,Baixo,Alto,Privado,Neutro,1,Não,Ensino Médio,Longe,Masculino,64,médio
3156,13,80,Médio,Alto,Não,9,88,Médio,Sim,1,Alto,Alto,Público,Positivo,3,Não,Pós-Graduação,Perto,Masculino,68,médio
3157,21,98,Baixo,Alto,Sim,8,51,Médio,Sim,0,Médio,Médio,Público,Neutro,3,Não,Ensino Médio,Perto,Masculino,69,médio
3158,28,82,Médio,Alto,Não,7,71,Baixo,Sim,1,Médio,Alto,Público,Neutro,3,Não,Ensino Médio,Perto,Masculino,70,médio
3159,22,98,Médio,Médio,Sim,6,93,Médio,Sim,4,Baixo,Médio,Público,Neutro,4,Não,Ensino Médio,Perto,Feminino,73,médio
3160,16,67,Alto,Médio,Sim,9,74,Médio,Sim,1,Alto,Alto,Público,Positivo,3,Não,Pós-Graduação,Moderado,Masculino,66,médio
3161,23,89,Baixo,Médio,Não,5,85,Baixo,Sim,0,Baixo,Médio,Público,Positivo,3,Não,Pós-Graduação,Moderado,Masculino,68,médio
3162,17,92,Baixo,Médio,Sim,8,88,Alto,Não,1,Alto,Médio,Público,Neutro,3,Não,Ensino Médio,Perto,Feminino,68,médio
3163,16,87,Baixo,Médio,Sim,10,56,Baixo,Sim,2,Médio,Alto,Privado,Neutro,0,Não,Pós-Graduação,Moderado,Feminino,65,médio
3164,13,84,Médio,Médio,Sim,8,58,Alto,Sim,2,Baixo,Baixo,Público,Neutro,3,Não,Pós-Graduação,Perto,Feminino,66,médio
3165,9,83,Alto,Baixo,Sim,7,86,Médio,Sim,0,Baixo,Médio,Público,Negativo,1,Não,Faculdade,Longe,Feminino,62,médio
3166,18,94,Baixo,Baixo,Sim,7,53,Baixo,Sim,3,Médio,Alto,Privado,Neutro,2,Não,Ensino Médio,Perto,Feminino,67,médio
3167,21,93,Médio,Alto,Sim,6,67,Alto,Sim,1,Médio,Alto,Público,Positivo,3,Não,Pós-Graduação,Perto,Feminino,73,médio
3168,19,65,Médio,Baixo,Sim,6,96,Médio,Sim,2,Médio,Alto,Privado,Neutro,2,Não,Pós-Graduação,Perto,Masculino,65,médio
3169,18,94,Alto,Baixo,Não,7,79,Alto,Sim,2,Alto,Médio,Privado,Neutro,4,Não,Ensino Médio,Perto,Feminino,70,médio
3170,14,77,Alto,Médio,Sim,8,96,Médio,Sim,3,Médio,Médio,Público,Neutro,2,Não,Pós-Graduação,Perto,Masculino,68,médio
3171,24,70,Alto,Médio,Sim,9,65,Médio,Sim,3,Médio,Baixo,Privado,Positivo,3,Não,Ensino Médio,Moderado,Masculino,67,médio
3172,12,95,Baixo,Médio,Sim,4,82,Alto,Sim,2,Baixo,Médio,Público,Negativo,3,Não,Ensino Médio,Moderado,Masculino,66,médio
3173,25,77,Médio,Baixo,Não,4,64,Baixo,Sim,3,Baixo,Médio,Público,Neutro,4,Sim,Faculdade,Perto,Feminino,65,médio
3174,14,92,Alto,Baixo,Sim,9,56,Baixo,Sim,1,Médio,Médio,Público,Neutro,4,Não,Ensino Médio,Moderado,Feminino,66,médio
3175,15,71,Alto,Alto,Não,7,100,Baixo,Sim,2,Baixo,Baixo,Público,Neutro,4,Não,Ensino Médio,Perto,Masculino,66,médio
3176,11,60,Médio,Alto,Não,7,59,Alto,Sim,2,Baixo,Médio,Público,Positivo,1,Não,Faculdade,Moderado,Masculino,60,baixo
3177,17,80,Alto,Baixo,Sim,8,59,Médio,Sim,0,Alto,Alto,Público,Negativo,4,Não,Faculdade,Perto,Feminino,66,médio
3178,26,64,Alto,Médio,Sim,7,92,Baixo,Sim,2,Baixo,Alto,Privado,Positivo,4,Não,Faculdade,Moderado,Feminino,68,médio
3179,23,90,Médio,Médio,Sim,10,90,Baixo,Sim,3,Baixo,Médio,Público,Positivo,5,Não,Ensino Médio,Perto,Masculino,72,médio
3180,26,71,Baixo,Alto,Não,8,99,Médio,Não,1,Médio,Médio,Público,Positivo,3,Não,Faculdade,Perto,Masculino,68,médio
3181,23,78,Médio,Médio,Sim,6,54,Alto,Sim,0,Baixo,Médio,Público,Neutro,3,Não,Pós-Graduação,Perto,Feminino,67,médio
3182,13,63,Alto,Médio,Não,6,55,Alto,Sim,0,Médio,Baixo,Público,Positivo,4,Não,Pós-Graduação,Perto,Masculino,62,médio
3183,18,71,Médio,Médio,Não,7,72,Alto,Sim,0,Alto,Alto,Público,Positivo,5,Não,Faculdade,Moderado,Feminino,66,médio
3184,15,91,Alto,Médio,Não,6,80,Médio,Sim,0,Baixo,Médio,Privado,Positivo,3,Não,Pós-Graduação,Perto,Masculino,69,médio
3185,28,66,Médio,Médio,Não,10,52,Baixo,Sim,0,Baixo,Alto,Público,Positivo,3,Não,Ensino Médio,Perto,Masculino,64,médio
3186,13,86,Baixo,Médio,Não,7,58,Médio,Não,0,Médio,Médio,Privado,Positivo,3,Não,Ensino Médio,Perto,Masculino,63,médio
3187,25,97,Baixo,Alto,Sim,5,85,Médio,Sim,2,Alto,Médio,Público,Positivo,2,Não,Ensino Médio,Perto,Masculino,74,médio
3188,25,87,Alto,Médio,Sim,8,83,Médio,Sim,0,Médio,Alto,Privado,Positivo,4,Não,Faculdade,Moderado,Masculino,72,médio
3189,31,92,Médio,Médio,Sim,9,54,Médio,Não,1,Baixo,Médio,Privado,Positivo,3,Não,Faculdade,Perto,Masculino,71,médio
3190,18,64,Baixo,Alto,Sim,9,97,Médio,Sim,2,Médio,Médio,Público,Negativo,3,Não,Ensino Médio,Moderado,Feminino,64,médio
3191,24,70,Alto,Alto,Não,6,63,Baixo,Não,0,Baixo,Médio,Público,Neutro,3,Não,Ensino Médio,Perto,Masculino,65,médio
3192,34,96,Médio,Médio,Sim,5,94,Alto,Sim,1,Médio,Alto,Público,Negativo,5,Sim,Ensino Médio,Moderado,Feminino,75,médio
3193,16,89,Alto,Médio,Não,9,96,Médio,Sim,2,Médio,Baixo,Público,Positivo,3,Não,Faculdade,Longe,Masculino,69,médio
3194,11,86,Médio,Médio,Não,5,75,Médio,Sim,1,Médio,Baixo,Público,Neutro,4,Não,Pós-Graduação,Moderado,Feminino,65,médio
3195,9,87,Baixo,Baixo,Não,8,71,Baixo,Não,0,Baixo,Alto,Público,Neutro,1,Não,Faculdade,Moderado,Masculino,60,baixo
3196,24,77,Médio,Médio,Sim,6,64,Médio,Sim,2,Alto,Médio,Público,Positivo,4,Não,Ensino Médio,Perto,Masculino,69,médio
3197,9,62,Alto,Alto,Sim,9,90,Alto,Sim,4,Alto,Médio,Público,Neutro,4,Não,Faculdade,Longe,Masculino,65,médio
3198,18,91,Baixo,Médio,Sim,5,60,Baixo,Sim,0,Alto,Alto,Privado,Positivo,4,Não,Ensino Médio,Moderado,Masculino,67,médio
3199,23,87,Alto,Baixo,Não,6,81,Baixo,Sim,5,Médio,Alto,Privado,Neutro,2,Não,Ensino Médio,Longe,Feminino,70,médio
3200,21,79,Médio,Baixo,Sim,8,78,Baixo,Sim,1,Baixo,Alto,Público,Positivo,4,Não,Faculdade,Moderado,Feminino,66,médio
3201,23,96,Médio,Médio,Sim,8,62,Médio,Sim,0,Baixo,Alto,Público,Neutro,4,Não,Ensino Médio,Moderado,Feminino,69,médio
3202,21,73,Médio,Médio,Sim,9,99,Médio,Sim,2,Médio,Alto,Público,Neutro,3,Não,Pós-Graduação,Perto,Masculino,69,médio
3203,28,72,Alto,Médio,Sim,8,92,Baixo,Sim,1,Médio,Médio,Público,Negativo,2,Não,Ensino Médio,Perto,Feminino,68,médio
3204,14,95,Médio,Médio,Sim,8,51,Médio,Sim,5,Médio,Médio,Privado,Positivo,4,Não,Faculdade,Perto,Feminino,70,médio
3205,16,92,Médio,Baixo,Não,9,71,Alto,Sim,2,Baixo,Médio,Privado,Neutro,2,Não,Ensino Médio,Moderado,Feminino,66,médio
3206,15,81,Alto,Médio,Não,5,68,Baixo,Não,0,Médio,Alto,Público,Positivo,3,Não,Ensino Médio,Perto,Feminino,65,médio
3207,25,65,Baixo,Médio,Não,6,94,Médio,Sim,1,Baixo,Alto,Público,Negativo,4,Não,Faculdade,Perto,Masculino,65,médio
3208,25,69,Baixo,Médio,Sim,5,63,Médio,Sim,1,Alto,Médio,Privado,Neutro,2,Não,Ensino Médio,Perto,Masculino,65,médio
3209,23,86,Baixo,Médio,Sim,4,100,Médio,Sim,0,Baixo,Alto,Público,Negativo,3,Não,Pós-Graduação,Perto,Masculino,69,médio
3210,27,75,Médio,Médio,Não,8,60,Médio,Sim,4,Médio,Médio,Público,Positivo,2,Não,Pós-Graduação,Moderado,Feminino,69,médio
3211,13,93,Médio,Alto,Não,9,62,Baixo,Sim,0,Baixo,Médio,Privado,Neutro,3,Não,Ensino Médio,Moderado,Masculino,65,médio
3212,30,98,Alto,Alto,Sim,8,83,Alto,Não,1,Baixo,Alto,Público,Neutro,3,Não,Ensino Médio,Perto,Feminino,76,médio
3213,29,92,Médio,Alto,Não,8,58,Baixo,Sim,2,Médio,Baixo,Privado,Neutro,3,Não,Faculdade,Perto,Masculino,72,médio
3214,24,75,Médio,Baixo,Não,7,94,Médio,Sim,2,Médio,Alto,Público,Negativo,4,Não,Ensino Médio,Perto,Masculino,67,médio
3215,31,92,Alto,Médio,Sim,7,55,Médio,Sim,3,Baixo,Alto,Público,Positivo,3,Não,Ensino Médio,Perto,Masculino,74,médio
3216,10,74,Médio,Médio,Sim,10,99,Alto,Sim,2,Médio,Alto,Público,Neutro,3,Não,Faculdade,Perto,Masculino,66,médio
3217,17,67,Alto,Alto,Sim,9,94,Médio,Sim,2,Baixo,Baixo,Privado,Positivo,3,Não,Ensino Médio,Perto,Feminino,66,médio
3218,16,61,Médio,Alto,Não,6,92,Alto,Sim,4,Alto,Alto,Público,Neutro,3,Não,Ensino Médio,Perto,Masculino,66,médio
3219,24,75,Baixo,Alto,Sim,9,70,Alto,Sim,5,Alto,Alto,Público,Negativo,5,Não,Faculdade,Perto,Feminino,71,médio
3220,14,96,Médio,Baixo,Não,9,76,Médio,Sim,0,Baixo,Alto,Público,Neutro,3,Não,Ensino Médio,Moderado,Masculino,66,médio
3221,25,70,Baixo,Alto,Não,8,73,Alto,Sim,1,Baixo,Baixo,Público,Negativo,2,Não,Pós-Graduação,Perto,Masculino,65,médio
3222,28,68,Baixo,Alto,Sim,8,99,Médio,Sim,1,Alto,Médio,Público,Neutro,3,Não,Ensino Médio,Perto,Feminino,69,médio
3223,24,99,Médio,Baixo,Sim,8,52,Baixo,Sim,1,Baixo,Alto,Público,Negativo,2,Não,Ensino Médio,Perto,Masculino,69,médio
3224,22,61,Médio,Médio,Sim,5,69,Baixo,Sim,2,Baixo,Alto,Público,Neutro,2,Não,Ensino Médio,Longe,Feminino,63,médio
3225,14,91,Baixo,Médio,Não,5,98,Alto,Sim,0,Alto,Alto,Público,Neutro,3,Não,Ensino Médio,Perto,Feminino,68,médio
3226,15,73,Médio,Médio,Não,8,68,Médio,Sim,1,Alto,Médio,Público,Neutro,3,Não,Ensino Médio,Perto,Feminino,64,médio
3227,27,61,Médio,Médio,Não,5,70,Médio,Sim,2,Baixo,Baixo,Público,Neutro,2,Não,Faculdade,Perto,Masculino,64,médio
3228,25,97,Médio,Alto,Sim,5,82,Alto,Sim,1,Baixo,Alto,Público,Negativo,5,Não,Faculdade,Moderado,Masculino,73,médio
3229,20,66,Baixo,Alto,Sim,4,95,Alto,Sim,2,Alto,Médio,Público,Neutro,2,Não,Ensino Médio,Moderado,Feminino,66,médio
3230,17,82,Médio,Alto,Não,6,65,Baixo,Sim,4,Baixo,Médio,Privado,Positivo,3,Não,Ensino Médio,Moderado,Feminino,67,médio
3231,8,71,Alto,Médio,Sim,8,97,Médio,Sim,3,Médio,Médio,Privado,Neutro,1,Sim,Ensino Médio,Perto,Feminino,63,médio
3232,14,63,Médio,Médio,Sim,8,64,Alto,Sim,1,Baixo,Médio,Público,Neutro,3,Não,Ensino Médio,Moderado,Masculino,61,médio
3233,31,62,Médio,Médio,Sim,8,91,Alto,Sim,4,Alto,Alto,Público,Positivo,4,Não,Ensino Médio,Moderado,Masculino,71,médio
3234,12,65,Baixo,Médio,Sim,6,64,Médio,Sim,1,Médio,Médio,Público,Positivo,3,Não,Faculdade,Perto,Feminino,61,médio
3235,21,63,Médio,Baixo,Sim,7,54,Baixo,Sim,1,Médio,Médio,Privado,Positivo,3,Não,Faculdade,Moderado,Feminino,62,médio
3236,26,90,Alto,Alto,Sim,8,91,Médio,Sim,1,Alto,Alto,Privado,Neutro,4,Sim,Ensino Médio,Perto,Masculino,74,médio
3237,12,79,Médio,Médio,Não,8,73,Médio,Sim,2,Médio,Médio,Privado,Neutro,4,Não,Ensino Médio,Perto,Masculino,65,médio
3238,21,74,Baixo,Baixo,Sim,6,70,Baixo,Sim,2,Baixo,Alto,Público,Positivo,3,Não,Ensino Médio,Moderado,Feminino,64,médio
3239,26,77,Baixo,Baixo,Não,7,71,Médio,Sim,1,Médio,Alto,Público,Neutro,4,Não,Pós-Graduação,Moderado,Masculino,66,médio
3240,20,97,Alto,Alto,Sim,4,81,Médio,Sim,1,Médio,Médio,Público,Positivo,2,Sim,Ensino Médio,Perto,Masculino,72,médio
3241,37,96,Alto,Médio,Sim,7,63,Médio,Sim,0,Médio,Alto,Privado,Positivo,4,Não,Ensino Médio,Perto,Masculino,76,médio
3242,10,89,Médio,Médio,Sim,6,62,Médio,Sim,4,Baixo,Médio,Público,Positivo,3,Não,Pós-Graduação,Moderado,Masculino,67,médio
3243,26,95,Médio,Alto,Não,9,74,Baixo,Sim,3,Baixo,Médio,Privado,Neutro,3,Sim,Ensino Médio,Perto,Feminino,71,médio
3244,19,73,Alto,Médio,Não,6,52,Médio,Sim,1,Médio,Médio,Público,Positivo,3,Não,Ensino Médio,Perto,Masculino,65,médio
3245,25,75,Baixo,Baixo,Sim,7,82,Médio,Sim,3,Médio,Alto,Privado,Negativo,4,Não,Pós-Graduação,Perto,Masculino,68,médio
3246,23,85,Médio,Médio,Sim,6,91,Baixo,Sim,1,Baixo,Alto,Público,Neutro,3,Não,Ensino Médio,Longe,Masculino,68,médio
3247,16,85,Alto,Baixo,Sim,6,86,Baixo,Sim,3,Alto,Alto,Privado,Neutro,2,Não,Ensino Médio,Longe,Masculino,67,médio
3248,21,79,Médio,Baixo,Não,8,73,Médio,Sim,1,Baixo,Baixo,Público,Neutro,2,Não,Ensino Médio,Perto,Feminino,64,médio
3249,9,76,Baixo,Alto,Não,6,78,Baixo,Não,0,Médio,Médio,Público,Negativo,4,Sim,Pós-Graduação,Perto,Masculino,60,baixo
3250,24,99,Médio,Médio,Não,10,51,Baixo,Sim,1,Baixo,Médio,Público,Neutro,3,Não,Ensino Médio,Perto,Masculino,70,médio
3251,22,93,Alto,Médio,Sim,4,96,Alto,Sim,1,Alto,Baixo,Privado,Positivo,2,Não,Faculdade,Perto,Masculino,73,médio
3252,24,77,Médio,Médio,Sim,8,78,Baixo,Sim,2,Alto,Alto,Privado,Positivo,3,Não,Ensino Médio,Moderado,Masculino,69,médio
3253,26,89,Alto,Médio,Não,7,66,Médio,Sim,0,Baixo,Médio,Público,Neutro,5,Sim,Faculdade,Perto,Masculino,70,médio
3254,22,71,Médio,Médio,Não,7,65,Baixo,Sim,1,Baixo,Médio,Público,Neutro,3,Não,Faculdade,Perto,Masculino,64,médio
3255,21,64,Alto,Baixo,Sim,7,83,Alto,Sim,2,Baixo,Baixo,Público,Neutro,3,Não,Ensino Médio,Moderado,Feminino,64,médio
3256,15,74,Alto,Médio,Sim,8,79,Médio,Sim,0,Alto,Médio,Público,Negativo,3,Não,Faculdade,Perto,Masculino,65,médio
3257,16,76,Médio,Médio,Não,7,59,Baixo,Sim,0,Baixo,Médio,Público,Neutro,2,Não,Faculdade,Perto,Feminino,62,médio
3258,27,61,Médio,Médio,Sim,9,70,Médio,Sim,0,Médio,Médio,Público,Neutro,2,Não,Ensino Médio,Perto,Masculino,64,médio
3259,29,93,Médio,Médio,Sim,7,84,Médio,Sim,0,Alto,Médio,Público,Neutro,3,Não,Faculdade,Moderado,Masculino,72,médio
3260,19,74,Médio,Baixo,Sim,5,65,Alto,Não,1,Baixo,Alto,Público,Positivo,3,Não,Ensino Médio,Perto,Masculino,64,médio
3261,20,83,Médio,Médio,Sim,7,75,Médio,Sim,0,Médio,Médio,Público,Neutro,4,Não,Ensino Médio,Perto,Feminino,67,médio
3262,15,63,Alto,Alto,Sim,9,63,Baixo,Não,4,Alto,Alto,Privado,Negativo,3,Não,Faculdade,Perto,Masculino,64,médio
3263,27,67,Baixo,Médio,Não,6,54,Médio,Sim,0,Médio,Baixo,Privado,Negativo,2,Não,Ensino Médio,Longe,Masculino,61,médio
3264,24,96,Médio,Alto,Sim,5,69,Médio,Sim,1,Baixo,Médio,Público,Positivo,4,Não,Ensino Médio,Perto,Masculino,72,médio
3265,32,84,Médio,Médio,Sim,8,87,Médio,Não,2,Médio,Médio,Público,Positivo,1,Não,Ensino Médio,Longe,Masculino,70,médio
3266,15,98,Médio,Alto,Não,8,61,Médio,Sim,4,Baixo,Médio,Público,Positivo,2,Não,Ensino Médio,Moderado,Feminino,70,médio
3267,18,100,Médio,Médio,Não,6,88,Médio,Sim,2,Médio,Médio,Público,Neutro,2,Não,Faculdade,Moderado,Masculino,71,médio
3268,21,75,Alto,Alto,Não,7,83,Baixo,Sim,1,Médio,Médio,Público,Positivo,2,Não,Faculdade,Perto,Feminino,68,médio
3269,24,72,Médio,Médio,Não,7,75,Médio,Sim,3,Alto,Médio,Privado,Neutro,2,Não,Faculdade,Perto,Feminino,68,médio
3270,19,94,Alto,Alto,Não,7,99,Médio,Sim,0,Baixo,Médio,Público,Neutro,1,Sim,Ensino Médio,Perto,Masculino,70,médio
3271,15,100,Alto,Alto,Não,8,94,Alto,Sim,2,Médio,Alto,Público,Negativo,3,Não,Faculdade,Perto,Masculino,73,médio
3272,25,85,Alto,Médio,Não,6,78,Baixo,Sim,2,Médio,Alto,Público,Neutro,1,Não,Ensino Médio,Longe,Feminino,69,médio
3273,24,92,Médio,Alto,Não,8,78,Alto,Sim,0,Médio,Médio,Público,Neutro,3,Não,Ensino Médio,Perto,Masculino,71,médio
3274,15,91,Baixo,Médio,Não,6,64,Baixo,Sim,1,Baixo,Alto,Público,Positivo,3,Sim,Ensino Médio,Perto,Masculino,64,médio
3275,28,74,Médio,Médio,Não,9,96,Baixo,Sim,0,Médio,Médio,Privado,Neutro,3,Não,Ensino Médio,Perto,Feminino,68,médio
3276,27,83,Médio,Médio,Não,10,95,Médio,Sim,0,Alto,Baixo,Privado,Neutro,4,Não,Ensino Médio,Moderado,Feminino,69,médio
3277,21,93,Alto,Baixo,Não,6,87,Médio,Sim,1,Baixo,Alto,Público,Positivo,2,Não,Ensino Médio,Perto,Feminino,70,médio
3278,20,88,Médio,Médio,Não,5,56,Médio,Sim,1,Baixo,Médio,Público,Neutro,4,Não,Ensino Médio,Perto,Feminino,67,médio
3279,23,61,Médio,Alto,Sim,8,85,Médio,Sim,1,Médio,Alto,Privado,Positivo,0,Não,Ensino Médio,Perto,Masculino,66,médio
3280,15,73,Médio,Alto,Não,7,63,Médio,Sim,2,Médio,Médio,Público,Neutro,5,Não,Pós-Graduação,Moderado,Masculino,65,médio
3281,20,66,Médio,Alto,Sim,8,59,Baixo,Sim,4,Médio,Médio,Público,Positivo,3,Não,Faculdade,Perto,Masculino,66,médio
3282,7,69,Baixo,Médio,Sim,6,88,Médio,Sim,0,Baixo,Alto,Privado,Negativo,4,Não,Pós-Graduação,Perto,Feminino,61,médio
3283,25,96,Baixo,Médio,Não,7,98,Médio,Sim,0,Baixo,Médio,Público,Positivo,2,Não,Ensino Médio,Perto,Feminino,71,médio
3284,11,61,Alto,Baixo,Sim,6,55,Médio,Sim,5,Alto,Baixo,Público,Neutro,3,Não,Ensino Médio,Longe,Masculino,60,baixo
3285,29,69,Médio,Médio,Sim,7,58,Médio,Sim,1,Baixo,Baixo,Público,Positivo,2,Não,Faculdade,Perto,Masculino,66,médio
3286,18,72,Baixo,Baixo,Sim,5,61,Baixo,Sim,1,Médio,Médio,Privado,Negativo,4,Não,Faculdade,Moderado,Masculino,61,médio
3287,19,85,Médio,Médio,Sim,7,98,Alto,Sim,2,Médio,Médio,Público,Negativo,3,Sim,Ensino Médio,Moderado,Feminino,68,médio
3288,16,81,Médio,Alto,Sim,5,85,Alto,Não,2,Baixo,Médio,Público,Positivo,3,Não,Faculdade,Perto,Masculino,68,médio
3289,18,69,Médio,Médio,Sim,6,84,Médio,Sim,2,Baixo,Médio,Público,Positivo,4,Não,Ensino Médio,Perto,Masculino,65,médio
3290,29,67,Alto,Baixo,Não,7,75,Médio,Não,3,Baixo,Médio,Público,Neutro,1,Não,Ensino Médio,Perto,Feminino,65,médio
3291,5,69,Médio,Médio,Sim,8,77,Médio,Não,2,Baixo,Alto,Público,Negativo,2,Não,Faculdade,Perto,Feminino,60,baixo
3292,28,80,Baixo,Médio,Não,8,65,Baixo,Sim,2,Baixo,Médio,Privado,Neutro,2,Não,Faculdade,Perto,Masculino,67,médio
3293,22,71,Alto,Médio,Não,8,58,Médio,Não,2,Baixo,Médio,Público,Negativo,4,Não,Faculdade,Perto,Feminino,65,médio
3294,13,98,Alto,Médio,Sim,5,89,Alto,Sim,1,Alto,Médio,Público,Negativo,3,Não,Ensino Médio,Perto,Masculino,70,médio
3295,14,79,Médio,Médio,Não,9,74,Médio,Sim,1,Médio,Médio,Público,Neutro,4,Não,Ensino Médio,Perto,Masculino,64,médio
3296,30,62,Médio,Alto,Sim,6,63,Médio,Sim,2,Baixo,Alto,Público,Positivo,4,Não,Ensino Médio,Moderado,Masculino,68,médio
3297,14,89,Alto,Médio,Não,6,82,Alto,Sim,2,Médio,Médio,Público,Negativo,4,Não,Faculdade,Moderado,Feminino,69,médio
3298,13,73,Médio,Alto,Sim,7,60,Alto,Sim,0,Alto,Alto,Público,Neutro,3,Não,Faculdade,Perto,Feminino,65,médio
3299,27,86,Médio,Médio,Não,6,74,Médio,Sim,2,Alto,Alto,Privado,Neutro,3,Não,Ensino Médio,Perto,Masculino,71,médio
3300,22,71,Médio,Médio,Sim,8,60,Baixo,Sim,1,Médio,Alto,Público,Neutro,4,Não,Ensino Médio,Moderado,Feminino,65,médio
3301,14,83,Médio,Alto,Sim,8,88,Baixo,Sim,0,Alto,Médio,Público,Negativo,2,Sim,Ensino Médio,Moderado,Masculino,65,médio
3302,21,91,Médio,Médio,Sim,6,66,Alto,Sim,0,Médio,Médio,Público,Positivo,2,Sim,Faculdade,Longe,Feminino,68,médio
3303,14,97,Médio,Baixo,Não,7,72,Alto,Sim,1,Baixo,Baixo,Público,Neutro,3,Não,Ensino Médio,Perto,Feminino,66,médio
3304,27,70,Baixo,Baixo,Sim,7,88,Médio,Não,1,Alto,Médio,Público,Neutro,3,Não,Ensino Médio,Perto,Masculino,65,médio
3305,26,73,Alto,Alto,Sim,8,83,Baixo,Sim,2,Médio,Médio,Público,Positivo,4,Não,Faculdade,Perto,Masculino,71,médio
3306,23,79,Baixo,Médio,Sim,6,70,Médio,Sim,3,Médio,Alto,Público,Negativo,4,Não,Pós-Graduação,Moderado,Feminino,68,médio
3307,22,97,Médio,Médio,Sim,6,54,Médio,Não,2,Alto,Médio,Público,Neutro,2,Não,Faculdade,Perto,Masculino,70,médio
3308,31,96,Médio,Baixo,Não,5,96,Baixo,Sim,3,Baixo,Alto,Privado,Neutro,2,Não,Faculdade,Perto,Feminino,74,médio
3309,20,64,Alto,Baixo,Sim,6,50,Alto,Sim,0,Baixo,Médio,Privado,Neutro,2,Não,Ensino Médio,Perto,Masculino,62,médio
3310,13,65,Médio,Alto,Não,5,87,Baixo,Sim,1,Médio,Médio,Público,Positivo,2,Sim,Ensino Médio,Moderado,Feminino,61,médio
3311,23,80,Alto,Alto,Sim,6,97,Médio,Sim,0,Médio,Médio,Privado,Neutro,3,Não,Ensino Médio,Perto,Masculino,70,médio
3312,33,64,Baixo,Médio,Sim,9,65,Médio,Sim,0,Médio,Médio,Público,Negativo,2,Não,Faculdade,Moderado,Masculino,65,médio
3313,14,74,Médio,Médio,Sim,8,54,Alto,Sim,2,Baixo,Baixo,Público,Neutro,2,Não,Ensino Médio,Moderado,Masculino,62,médio
3314,18,66,Alto,Alto,Não,9,62,Médio,Sim,2,Alto,Médio,Público,Neutro,4,Não,Ensino Médio,Moderado,Feminino,65,médio
3315,22,85,Alto,Médio,Não,6,66,Baixo,Sim,0,Baixo,Médio,Privado,Positivo,4,Não,Faculdade,Perto,Masculino,68,médio
3316,20,98,Médio,Alto,Sim,4,73,Médio,Sim,2,Médio,Baixo,Privado,Positivo,1,Não,Ensino Médio,Longe,Masculino,70,médio
3317,14,100,Médio,Baixo,Não,7,76,Baixo,Sim,1,Médio,Médio,Privado,Neutro,3,Não,Pós-Graduação,Perto,Feminino,68,médio
3318,27,75,Baixo,Médio,Não,10,86,Médio,Não,3,Médio,Médio,Privado,Positivo,6,Não,Pós-Graduação,Perto,Feminino,69,médio
3319,34,84,Médio,Alto,Sim,6,95,Médio,Sim,1,Baixo,Médio,Privado,Neutro,3,Não,Pós-Graduação,Longe,Masculino,73,médio
3320,21,94,Médio,Médio,Sim,7,73,Médio,Sim,1,Médio,Médio,Privado,Positivo,5,Não,Faculdade,Perto,Feminino,71,médio
3321,15,65,Baixo,Alto,Sim,5,87,Médio,Sim,0,Baixo,Alto,Privado,Neutro,4,Não,Ensino Médio,Perto,Feminino,63,médio
3322,11,88,Alto,Médio,Sim,7,56,Baixo,Sim,2,Médio,Médio,Público,Neutro,2,Não,Faculdade,Perto,Masculino,66,médio
3323,22,76,Alto,Baixo,Sim,7,66,Baixo,Sim,1,Baixo,Alto,Privado,Positivo,4,Não,Pós-Graduação,Perto,Masculino,67,médio
3324,27,68,Baixo,Alto,Não,4,56,Médio,Sim,0,Baixo,Alto,Público,Neutro,1,Não,Ensino Médio,Perto,Feminino,64,médio
3325,23,76,Médio,Baixo,Sim,5,85,Médio,Sim,1,Médio,Baixo,Público,Neutro,3,Não,Ensino Médio,Perto,Feminino,66,médio
3326,20,63,Alto,Alto,Sim,5,95,Médio,Sim,2,Alto,Alto,Público,Positivo,3,Não,Faculdade,Perto,Masculino,69,médio
3327,16,88,Médio,Alto,Sim,5,94,Alto,Sim,4,Médio,Médio,Privado,Positivo,6,Não,Faculdade,Moderado,Masculino,72,médio
3328,13,70,Médio,Alto,Sim,6,66,Médio,Sim,1,Médio,Médio,Público,Negativo,4,Não,Ensino Médio,Perto,Masculino,63,médio
3329,25,72,Médio,Alto,Sim,8,62,Médio,Sim,2,Baixo,Médio,Público,Positivo,2,Não,Ensino Médio,Perto,Feminino,67,médio
3330,25,65,Baixo,Médio,Não,6,64,Médio,Sim,1,Médio,Médio,Privado,Negativo,4,Não,Faculdade,Perto,Masculino,64,médio
3331,11,95,Médio,Médio,Sim,9,64,Alto,Sim,4,Baixo,Médio,Público,Positivo,4,Não,Ensino Médio,Moderado,Masculino,68,médio
3332,30,80,Alto,Alto,Não,6,54,Alto,Sim,1,Alto,Médio,Público,Positivo,3,Não,Ensino Médio,Moderado,Feminino,71,médio
3333,23,83,Médio,Baixo,Sim,7,57,Médio,Não,2,Médio,Alto,Público,Positivo,4,Não,Ensino Médio,Moderado,Feminino,67,médio
3334,28,83,Médio,Baixo,Não,8,61,Médio,Sim,1,Baixo,Médio,Privado,Negativo,5,Sim,Pós-Graduação,Perto,Masculino,67,médio
3335,12,76,Médio,Médio,Sim,9,50,Médio,Sim,2,Médio,Alto,Público,Negativo,3,Não,Faculdade,Perto,Masculino,64,médio
3336,12,68,Alto,Baixo,Não,6,52,Baixo,Sim,5,Alto,Alto,Público,Neutro,3,Não,Faculdade,Perto,Masculino,63,médio
3337,19,90,Alto,Alto,Não,8,85,Médio,Sim,2,Médio,Médio,Público,Neutro,4,Não,Faculdade,Perto,Masculino,72,médio
3338,23,65,Baixo,Médio,Sim,6,81,Baixo,Sim,2,Baixo,Médio,Público,Neutro,2,Não,Ensino Médio,Perto,Feminino,63,médio
3339,31,64,Alto,Médio,Não,10,97,Baixo,Sim,2,Médio,Médio,Privado,Negativo,4,Não,Ensino Médio,Longe,Feminino,67,médio
3340,24,88,Baixo,Médio,Sim,5,70,Médio,Não,1,Baixo,Médio,Privado,Positivo,2,Não,Pós-Graduação,Perto,Masculino,68,médio
3341,19,68,Baixo,Alto,Sim,8,72,Alto,Sim,2,Baixo,Alto,Privado,Neutro,3,Não,Faculdade,Longe,Masculino,64,médio
3342,14,72,Médio,Alto,Não,9,53,Médio,Sim,4,Médio,Médio,Público,Negativo,3,Não,Pós-Graduação,Perto,Masculino,65,médio
3343,27,79,Médio,Baixo,Sim,5,58,Alto,Sim,2,Médio,Médio,Privado,Neutro,1,Não,Pós-Graduação,Longe,Feminino,68,médio
3344,14,78,Médio,Alto,Sim,8,85,Médio,Sim,2,Baixo,Médio,Privado,Negativo,4,Não,Ensino Médio,Perto,Masculino,66,médio
3345,30,88,Médio,Médio,Sim,6,62,Alto,Sim,4,Baixo,Médio,Privado,Positivo,5,Não,Faculdade,Longe,Feminino,73,médio
3346,18,85,Baixo,Médio,Sim,10,89,Médio,Sim,1,Alto,Médio,Privado,Positivo,3,Não,Ensino Médio,Perto,Feminino,68,médio
3347,30,86,Médio,Alto,Não,4,85,Alto,Sim,2,Médio,Médio,Privado,Neutro,5,Sim,Pós-Graduação,Longe,Masculino,72,médio
3348,24,89,Médio,Médio,Sim,5,87,Médio,Não,3,Alto,Médio,Público,Neutro,0,Não,Ensino Médio,Perto,Feminino,70,médio
3349,19,72,Médio,Médio,Sim,5,85,Alto,Sim,1,Baixo,Médio,Privado,Neutro,4,Não,Faculdade,Perto,Feminino,66,médio
3350,17,73,Baixo,Médio,Sim,5,85,Alto,Sim,3,Médio,Médio,Público,Positivo,1,Não,Faculdade,Perto,Feminino,66,médio
3351,18,78,Baixo,Baixo,Sim,8,77,Médio,Sim,2,Médio,Alto,Privado,Neutro,4,Não,Faculdade,Perto,Feminino,66,médio
3352,23,72,Alto,Baixo,Sim,10,84,Baixo,Sim,2,Baixo,Médio,Público,Negativo,2,Não,Ensino Médio,Moderado,Masculino,65,médio
3353,20,99,Alto,Baixo,Sim,9,76,Alto,Sim,2,Baixo,Médio,Público,Neutro,5,Não,Faculdade,Longe,Masculino,71,médio
3354,16,93,Baixo,Médio,Sim,7,60,Médio,Sim,1,Médio,Médio,Público,Positivo,1,Não,Ensino Médio,Moderado,Feminino,66,médio
3355,19,67,Médio,Baixo,Não,7,61,Alto,Sim,1,Médio,Médio,Privado,Neutro,4,Não,Faculdade,Moderado,Feminino,63,médio
3356,20,60,Médio,Médio,Sim,6,70,Médio,Sim,2,Baixo,Médio,Público,Neutro,3,Sim,Pós-Graduação,Perto,Feminino,63,médio
3357,7,62,Alto,Médio,Sim,8,51,Baixo,Sim,0,Médio,Baixo,Público,Positivo,3,Não,Faculdade,Moderado,Masculino,58,baixo
3358,23,70,Médio,Alto,Não,7,94,Baixo,Sim,3,Médio,Alto,Público,Neutro,3,Não,Ensino Médio,Perto,Feminino,68,médio
3359,14,65,Alto,Médio,Não,7,63,Médio,Sim,2,Baixo,Médio,Público,Neutro,3,Não,Ensino Médio,Moderado,Masculino,61,médio
3360,13,81,Médio,Alto,Não,6,53,Baixo,Sim,2,Baixo,Médio,Público,Positivo,4,Não,Ensino Médio,Perto,Masculino,65,médio
3361,10,94,Alto,Baixo,Não,5,71,Médio,Sim,1,Alto,Médio,Público,Positivo,3,Não,Ensino Médio,Moderado,Masculino,67,médio
3362,9,89,Baixo,Alto,Sim,7,91,Médio,Sim,1,Alto,Baixo,Público,Neutro,3,Não,Pós-Graduação,Perto,Masculino,67,médio
3363,12,69,Alto,Baixo,Não,7,70,Médio,Sim,1,Médio,Médio,Privado,Positivo,4,Não,Ensino Médio,Perto,Masculino,62,médio
3364,16,76,Médio,Alto,Sim,6,63,Alto,Sim,0,Baixo,Médio,Público,Positivo,1,Não,Ensino Médio,Perto,Feminino,86,alto
3365,32,80,Alto,Médio,Não,6,77,Baixo,Sim,0,Médio,Médio,Público,Neutro,5,Não,Faculdade,Perto,Masculino,71,médio
3366,17,92,Médio,Médio,Sim,8,79,Médio,Sim,1,Baixo,Médio,Público,Positivo,3,Não,Pós-Graduação,Perto,Masculino,70,médio
3367,21,94,Médio,Médio,Não,8,88,Médio,Sim,1,Médio,Médio,Público,Positivo,3,Não,Faculdade,Perto,Masculino,71,médio
3368,22,96,Alto,Baixo,Não,10,90,Alto,Sim,2,Baixo,Médio,Público,Neutro,3,Sim,Faculdade,Moderado,Masculino,71,médio
3369,21,80,Alto,Alto,Sim,9,85,Baixo,Sim,1,Alto,Médio,Público,Negativo,3,Não,Faculdade,Perto,Feminino,70,médio
3370,20,88,Médio,Alto,Sim,5,50,Médio,Não,2,Baixo,Médio,Público,Neutro,5,Não,Ensino Médio,Moderado,Masculino,67,médio
3371,13,64,Médio,Baixo,Sim,7,50,Alto,Sim,0,Médio,Baixo,Público,Positivo,4,Não,Ensino Médio,Perto,Masculino,60,baixo
3372,29,83,Alto,Alto,Não,5,99,Médio,Sim,0,Médio,Alto,Público,Neutro,4,Não,Faculdade,Perto,Feminino,73,médio
3373,31,70,Alto,Baixo,Sim,4,63,Alto,Sim,1,Médio,Médio,Público,Neutro,2,Sim,Ensino Médio,Perto,Feminino,67,médio
3374,10,77,Baixo,Alto,Sim,10,64,Alto,Sim,1,Baixo,Médio,Privado,Negativo,3,Sim,Faculdade,Perto,Feminino,62,médio
3375,14,85,Médio,Alto,Não,9,87,Alto,Sim,0,Médio,Médio,Público,Negativo,3,Não,Faculdade,Perto,Feminino,67,médio
3376,18,70,Alto,Baixo,Não,6,79,Médio,Sim,1,Médio,Alto,Público,Positivo,2,Não,Faculdade,Perto,Feminino,65,médio
3377,14,62,Médio,Médio,Não,9,73,Médio,Sim,1,Baixo,Médio,Público,Neutro,6,Não,Ensino Médio,Perto,Masculino,61,médio
3378,23,60,Alto,Médio,Sim,9,56,Baixo,Não,0,Baixo,Médio,Privado,Negativo,4,Não,Ensino Médio,Moderado,Feminino,61,médio
3379,16,61,Alto,Médio,Não,4,54,Baixo,Sim,1,Baixo,Médio,Privado,Neutro,2,Não,Ensino Médio,Perto,Feminino,60,baixo
3380,33,60,Alto,Alto,Não,8,85,Baixo,Sim,4,Baixo,Baixo,Público,Negativo,3,Não,Ensino Médio,Perto,Masculino,68,médio
3381,27,64,Alto,Médio,Sim,6,56,Baixo,Sim,0,Baixo,Alto,Público,Neutro,5,Não,Faculdade,Moderado,Feminino,65,médio
3382,21,70,Alto,Alto,Sim,8,72,Baixo,Sim,3,Médio,Baixo,Público,Neutro,1,Não,Pós-Graduação,Moderado,Feminino,67,médio
3383,26,69,Alto,Baixo,Não,10,87,Baixo,Sim,2,Médio,Baixo,Público,Positivo,2,Não,Pós-Graduação,Perto,Masculino,67,médio
3384,27,99,Alto,Médio,Não,9,96,Baixo,Sim,0,Alto,Médio,Privado,Positivo,2,Não,Faculdade,Moderado,Masculino,74,médio
3385,17,72,Baixo,Médio,Não,7,94,Baixo,Sim,4,Médio,Médio,Público,Positivo,2,Não,Ensino Médio,Longe,Feminino,64,médio
3386,15,65,Médio,Alto,Sim,9,93,Baixo,Sim,2,Baixo,Baixo,Privado,Neutro,3,Não,Faculdade,Perto,Masculino,64,médio
3387,20,82,Médio,Baixo,Sim,4,68,Médio,Sim,2,Baixo,Alto,Público,Neutro,3,Não,Ensino Médio,Perto,Masculino,67,médio
3388,25,94,Alto,Alto,Não,8,96,Alto,Sim,6,Médio,Médio,Público,Negativo,3,Sim,Ensino Médio,Longe,Feminino,74,médio
3389,21,87,Médio,Médio,Sim,8,84,Alto,Sim,1,Baixo,Baixo,Privado,Positivo,2,Não,Faculdade,Perto,Masculino,69,médio
3390,11,72,Baixo,Médio,Não,8,94,Alto,Sim,1,Baixo,Baixo,Público,Positivo,2,Não,Ensino Médio,Perto,Masculino,62,médio
3391,15,82,Médio,Médio,Sim,6,54,Médio,Sim,1,Médio,Médio,Público,Positivo,2,Não,Faculdade,Perto,Feminino,66,médio
3392,20,89,Alto,Alto,Sim,8,52,Baixo,Sim,2,Médio,Médio,Público,Negativo,3,Não,Faculdade,Moderado,Feminino,69,médio
3393,20,89,Alto,Médio,Sim,8,71,Médio,Sim,1,Médio,Médio,Público,Negativo,1,Não,Pós-Graduação,Longe,Masculino,68,médio
3394,32,87,Alto,Médio,Sim,4,91,Médio,Sim,2,Alto,Médio,Público,Neutro,2,Não,Ensino Médio,Moderado,Feminino,74,médio
3395,12,95,Médio,Médio,Não,7,70,Médio,Sim,4,Médio,Alto,Público,Positivo,3,Não,Ensino Médio,Longe,Masculino,68,médio
3396,23,95,Médio,Médio,Sim,6,94,Alto,Sim,2,Médio,Médio,Público,Neutro,3,Não,Ensino Médio,Perto,Masculino,73,médio
3397,29,83,Médio,Baixo,Não,8,62,Baixo,Sim,4,Alto,Médio,Público,Negativo,5,Não,Faculdade,Perto,Masculino,70,médio
3398,34,77,Médio,Alto,Não,9,52,Médio,Sim,0,Médio,Médio,Privado,Neutro,4,Não,Ensino Médio,Moderado,Feminino,69,médio
3399,18,86,Médio,Médio,Sim,6,88,Médio,Sim,2,Médio,Alto,Público,Neutro,2,Não,Faculdade,Longe,Masculino,68,médio
3400,23,93,Médio,Alto,Não,5,81,Alto,Sim,2,Baixo,Médio,Privado,Negativo,1,Não,Faculdade,Perto,Masculino,71,médio
3401,23,60,Baixo,Médio,Não,7,72,Baixo,Sim,3,Alto,Médio,Público,Neutro,2,Não,Faculdade,Perto,Feminino,64,médio
3402,21,100,Médio,Médio,Não,5,92,Baixo,Sim,3,Baixo,Baixo,Público,Positivo,3,Sim,Pós-Graduação,Perto,Masculino,71,médio
3403,19,67,Médio,Médio,Não,7,91,Médio,Sim,1,Baixo,Alto,Público,Neutro,3,Não,Ensino Médio,Perto,Feminino,65,médio
3404,23,79,Baixo,Médio,Sim,7,66,Alto,Sim,1,Alto,Médio,Privado,Positivo,3,Não,Pós-Graduação,Perto,Masculino,68,médio
3405,5,95,Médio,Alto,Sim,8,92,Baixo,Sim,1,Baixo,Alto,Privado,Neutro,2,Não,Faculdade,Perto,Feminino,67,médio
3406,24,69,Médio,Alto,Sim,7,67,Médio,Sim,2,Médio,Alto,Público,Negativo,4,Não,Pós-Graduação,Longe,Masculino,67,médio
3407,21,79,Médio,Baixo,Sim,7,81,Baixo,Sim,2,Médio,Médio,Público,Neutro,4,Não,Ensino Médio,Perto,Masculino,67,médio
3408,19,65,Médio,Alto,Sim,9,60,Baixo,Sim,1,Baixo,Médio,Público,Neutro,3,Não,Pós-Graduação,Moderado,Masculino,63,médio
3409,32,76,Médio,Médio,Não,7,63,Médio,Sim,0,Médio,Baixo,Público,Positivo,3,Não,Ensino Médio,Perto,Feminino,68,médio
3410,16,67,Alto,Alto,Sim,6,72,Médio,Sim,1,Baixo,Alto,Público,Positivo,3,Não,Pós-Graduação,Perto,Feminino,66,médio
3411,18,75,Médio,Médio,Sim,7,66,Alto,Sim,1,Alto,Alto,Público,Positivo,4,Não,Ensino Médio,Perto,Masculino,67,médio
3412,32,75,Médio,Baixo,Sim,6,56,Médio,Sim,3,Médio,Médio,Público,Neutro,2,Não,Faculdade,Moderado,Feminino,68,médio
3413,15,100,Alto,Médio,Sim,5,74,Médio,Sim,2,Alto,Médio,Privado,Neutro,3,Não,Pós-Graduação,Perto,Masculino,72,médio
3414,17,100,Médio,Médio,Não,5,76,Baixo,Sim,3,Baixo,Alto,Privado,Neutro,3,Não,Pós-Graduação,Moderado,Feminino,70,médio
3415,19,65,Baixo,Alto,Não,9,58,Baixo,Sim,3,Médio,Médio,Público,Negativo,4,Não,Ensino Médio,Moderado,Feminino,62,médio
3416,25,89,Médio,Baixo,Sim,6,59,Médio,Sim,2,Baixo,Médio,Público,Neutro,2,Não,Faculdade,Perto,Feminino,69,médio
3417,21,62,Médio,Baixo,Sim,7,51,Baixo,Sim,0,Baixo,Médio,Privado,Positivo,4,Não,Ensino Médio,Perto,Feminino,61,médio
3418,12,61,Médio,Baixo,Sim,7,52,Baixo,Sim,2,Baixo,Médio,Público,Positivo,2,Não,Ensino Médio,Moderado,Feminino,58,baixo
3419,17,64,Baixo,Médio,Não,7,68,Médio,Sim,5,Médio,Médio,Privado,Neutro,3,Não,Ensino Médio,Perto,Masculino,63,médio
3420,16,99,Alto,Médio,Não,9,57,Alto,Não,4,Médio,Médio,Público,Positivo,3,Não,Faculdade,Perto,Feminino,71,médio
3421,20,98,Baixo,Médio,Sim,7,96,Baixo,Não,1,Baixo,Alto,Público,Positivo,3,Não,Faculdade,Perto,Feminino,70,médio
3422,23,68,Alto,Médio,Não,6,60,Médio,Sim,1,Baixo,Médio,Público,Neutro,3,Não,Ensino Médio,Perto,Feminino,64,médio
3423,23,66,Alto,Baixo,Não,6,53,Baixo,Sim,2,Médio,Médio,Público,Positivo,1,Não,Faculdade,Longe,Masculino,63,médio
3424,9,70,Alto,Médio,Sim,8,70,Baixo,Sim,1,Médio,Médio,Público,Positivo,3,Não,Faculdade,Perto,Masculino,63,médio
3425,26,81,Alto,Baixo,Não,8,60,Alto,Sim,2,Baixo,Alto,Público,Positivo,5,Não,Pós-Graduação,Perto,Feminino,71,médio
3426,22,83,Baixo,Alto,Sim,8,53,Médio,Não,0,Baixo,Baixo,Público,Negativo,2,Não,Pós-Graduação,Perto,Feminino,65,médio
3427,28,69,Alto,Alto,Não,7,88,Baixo,Sim,2,Baixo,Médio,Público,Neutro,2,Não,Ensino Médio,Moderado,Masculino,68,médio
3428,23,90,Médio,Alto,Sim,5,78,Alto,Não,1,Médio,Médio,Privado,Neutro,3,Não,Ensino Médio,Moderado,Masculino,70,médio
3429,27,72,Alto,Alto,Sim,8,53,Médio,Sim,3,Médio,Baixo,Público,Neutro,3,Não,Ensino Médio,Longe,Feminino,68,médio
3430,23,97,Médio,Alto,Não,7,73,Médio,Não,3,Baixo,Médio,Privado,Negativo,1,Não,Ensino Médio,Moderado,Masculino,69,médio
3431,28,86,Médio,Médio,Sim,7,52,Médio,Sim,0,Médio,Médio,Público,Positivo,5,Não,Faculdade,Perto,Masculino,70,médio
3432,23,77,Alto,Médio,Não,5,68,Baixo,Sim,0,Alto,Alto,Privado,Positivo,3,Sim,Ensino Médio,Perto,Masculino,67,médio
3433,19,92,Baixo,Alto,Sim,6,68,Médio,Sim,2,Médio,Médio,Público,Neutro,2,Não,Ensino Médio,Perto,Feminino,69,médio
3434,34,93,Baixo,Médio,Não,6,91,Baixo,Sim,2,Alto,Médio,Público,Neutro,3,Não,Ensino Médio,Moderado,Feminino,73,médio
3435,25,72,Médio,Médio,Sim,8,87,Baixo,Sim,3,Médio,Baixo,Público,Positivo,3,Não,Pós-Graduação,Moderado,Masculino,68,médio
3436,23,74,Alto,Médio,Não,8,95,Médio,Sim,2,Baixo,Médio,Público,Negativo,2,Não,Faculdade,Longe,Feminino,67,médio
3437,12,97,Médio,Alto,Sim,7,57,Baixo,Sim,0,Baixo,Médio,Privado,Positivo,4,Não,Faculdade,Moderado,Feminino,67,médio
3438,12,67,Médio,Alto,Sim,8,77,Médio,Sim,2,Baixo,Alto,Privado,Positivo,3,Não,Faculdade,Perto,Masculino,64,médio
3439,22,62,Alto,Médio,Não,9,51,Médio,Sim,2,Baixo,Médio,Público,Neutro,2,Não,Ensino Médio,Perto,Masculino,63,médio
3440,21,78,Baixo,Alto,Não,8,91,Médio,Não,1,Médio,Baixo,Privado,Negativo,5,Não,Pós-Graduação,Perto,Feminino,67,médio
3441,16,92,Médio,Alto,Sim,8,68,Médio,Sim,1,Médio,Alto,Público,Positivo,2,Não,Ensino Médio,Perto,Masculino,70,médio
3442,21,91,Alto,Médio,Sim,6,53,Alto,Sim,1,Médio,Médio,Público,Positivo,3,Não,Pós-Graduação,Perto,Feminino,71,médio
3443,30,97,Médio,Alto,Sim,6,66,Alto,Sim,1,Médio,Médio,Privado,Neutro,2,Não,Faculdade,Perto,Masculino,74,médio
3444,24,81,Médio,Alto,Sim,9,64,Alto,Sim,2,Alto,Baixo,Público,Positivo,3,Não,Ensino Médio,Perto,Masculino,70,médio
3445,13,64,Baixo,Baixo,Não,6,88,Médio,Sim,1,Médio,Médio,Público,Neutro,2,Não,Faculdade,Moderado,Feminino,59,baixo
3446,19,84,Baixo,Médio,Sim,8,56,Médio,Sim,0,Baixo,Médio,Privado,Neutro,3,Sim,Ensino Médio,Perto,Masculino,64,médio
3447,15,91,Baixo,Médio,Não,10,78,Baixo,Sim,2,Médio,Alto,Público,Neutro,3,Não,Ensino Médio,Perto,Feminino,67,médio
3448,18,64,Médio,Médio,Sim,8,90,Médio,Sim,1,Baixo,Médio,Público,Neutro,3,Não,Ensino Médio,Perto,Masculino,63,médio
3449,18,67,Baixo,Alto,Sim,7,87,Médio,Sim,5,Baixo,Baixo,Público,Positivo,2,Não,Faculdade,Perto,Masculino,66,médio
3450,17,60,Médio,Médio,Sim,5,97,Médio,Sim,1,Médio,Médio,Privado,Negativo,4,Não,Faculdade,Longe,Masculino,62,médio
3451,12,84,Baixo,Médio,Não,7,50,Médio,Sim,3,Alto,Alto,Público,Neutro,3,Não,Ensino Médio,Perto,Masculino,65,médio
3452,19,95,Alto,Alto,Sim,9,68,Médio,Sim,3,Alto,Médio,Público,Positivo,4,Não,Faculdade,Longe,Masculino,73,médio
3453,17,87,Alto,Alto,Sim,7,68,Alto,Sim,1,Médio,Alto,Público,Positivo,2,Não,Ensino Médio,Perto,Masculino,70,médio
3454,2,99,Médio,Baixo,Sim,9,52,Baixo,Sim,0,Médio,Médio,Público,Neutro,4,Não,Ensino Médio,Perto,Masculino,62,médio
3455,32,63,Médio,Alto,Não,8,91,Médio,Não,2,Alto,Baixo,Público,Positivo,5,Sim,Ensino Médio,Perto,Feminino,68,médio
3456,27,96,Alto,Baixo,Sim,7,84,Médio,Sim,1,Alto,Médio,Público,Neutro,3,Não,Faculdade,Perto,Masculino,74,médio
3457,18,93,Médio,Médio,Não,7,76,Baixo,Sim,2,Médio,Médio,Privado,Neutro,4,Não,Ensino Médio,Perto,Feminino,96,alto
3458,20,73,Alto,Alto,Não,5,70,Alto,Sim,1,Baixo,Alto,Público,Negativo,2,Não,Ensino Médio,Moderado,Masculino,66,médio
3459,13,99,Baixo,Alto,Sim,6,95,Médio,Não,0,Baixo,Médio,Público,Positivo,4,Não,Pós-Graduação,Perto,Masculino,69,médio
3460,30,72,Alto,Alto,Sim,6,63,Médio,Sim,1,Baixo,Médio,Público,Neutro,3,Não,Pós-Graduação,Perto,Feminino,70,médio
3461,31,96,Médio,Baixo,Sim,8,67,Médio,Sim,2,Médio,Médio,Privado,Neutro,3,Não,Faculdade,Perto,Masculino,73,médio
3462,21,95,Baixo,Baixo,Não,7,98,Baixo,Sim,1,Baixo,Alto,Público,Positivo,2,Não,Ensino Médio,Perto,Masculino,69,médio
3463,26,90,Alto,Alto,Sim,9,53,Médio,Sim,1,Baixo,Médio,Privado,Neutro,4,Não,Ensino Médio,Longe,Masculino,71,médio
3464,21,83,Alto,Baixo,Sim,7,89,Baixo,Não,0,Baixo,Baixo,Público,Neutro,2,Não,Faculdade,Moderado,Feminino,65,médio
3465,12,65,Médio,Baixo,Sim,6,86,Médio,Sim,1,Médio,Médio,Público,Positivo,3,Não,Pós-Graduação,Perto,Feminino,62,médio
3466,18,81,Alto,Alto,Não,6,95,Baixo,Sim,1,Médio,Médio,Público,Positivo,3,Não,Ensino Médio,Perto,Masculino,69,médio
3467,21,74,Baixo,Médio,Não,6,55,Alto,Sim,3,Baixo,Médio,Público,Positivo,2,Não,Faculdade,Perto,Masculino,65,médio
3468,17,92,Médio,Médio,Não,7,99,Médio,Sim,1,Médio,Médio,Público,Neutro,2,Não,Faculdade,Longe,Feminino,68,médio
3469,19,90,Baixo,Baixo,Sim,6,51,Alto,Sim,1,Baixo,Médio,Público,Negativo,3,Sim,Pós-Graduação,Perto,Masculino,65,médio
3470,19,96,Médio,Alto,Sim,5,67,Médio,Sim,4,Alto,Médio,Privado,Neutro,1,Não,Ensino Médio,Moderado,Masculino,72,médio
3471,20,61,Alto,Alto,Sim,9,54,Médio,Sim,2,Alto,Médio,Privado,Positivo,4,Não,Pós-Graduação,Perto,Masculino,67,médio
3472,20,92,Médio,Baixo,Não,7,53,Médio,Sim,2,Médio,Alto,Privado,Positivo,2,Não,Faculdade,Longe,Masculino,68,médio
3473,14,98,Baixo,Médio,Não,7,98,Médio,Não,0,Médio,Alto,Público,Positivo,3,Não,Ensino Médio,Perto,Masculino,68,médio
3474,16,92,Médio,Médio,Não,6,86,Baixo,Não,2,Médio,Médio,Privado,Neutro,3,Sim,Faculdade,Perto,Feminino,66,médio
3475,12,65,Médio,Alto,Sim,5,75,Alto,Sim,0,Alto,Médio,Privado,Negativo,2,Não,Ensino Médio,Moderado,Masculino,62,médio
3476,26,63,Médio,Médio,Sim,7,55,Médio,Sim,2,Médio,Alto,Público,Neutro,4,Não,Ensino Médio,Longe,Masculino,65,médio
3477,7,61,Baixo,Alto,Sim,4,76,Alto,Sim,1,Médio,Médio,Privado,Positivo,5,Não,Ensino Médio,Longe,Feminino,60,baixo
3478,27,85,Alto,Médio,Sim,8,66,Médio,Sim,2,Baixo,Alto,Privado,Neutro,4,Sim,Ensino Médio,Moderado,Masculino,70,médio
3479,28,85,Médio,Médio,Sim,6,64,Baixo,Sim,1,Baixo,Médio,Público,Neutro,1,Não,Ensino Médio,Moderado,Masculino,68,médio
3480,18,99,Médio,Alto,Sim,7,81,Baixo,Sim,1,Médio,Médio,Público,Neutro,3,Não,Pós-Graduação,Perto,Masculino,72,médio
3481,4,76,Médio,Médio,Sim,8,90,Médio,Sim,2,Alto,Médio,Público,Positivo,2,Não,Ensino Médio,Moderado,Feminino,63,médio
3482,18,73,Médio,Alto,Sim,7,72,Baixo,Sim,1,Médio,Médio,Privado,Neutro,1,Sim,Ensino Médio,Moderado,Masculino,63,médio
3483,20,85,Baixo,Médio,Sim,5,75,Baixo,Sim,1,Médio,Médio,Público,Neutro,2,Não,Faculdade,Perto,Masculino,67,médio
3484,14,93,Médio,Baixo,Sim,9,83,Baixo,Sim,4,Médio,Médio,Público,Neutro,2,Não,Pós-Graduação,Perto,Feminino,68,médio
3485,17,97,Médio,Médio,Não,5,56,Baixo,Sim,2,Alto,Médio,Público,Positivo,3,Não,Ensino Médio,Perto,Feminino,69,médio
3486,29,92,Alto,Médio,Sim,4,91,Baixo,Sim,1,Alto,Alto,Público,Neutro,4,Não,Ensino Médio,Perto,Feminino,75,médio
3487,24,77,Baixo,Médio,Não,8,92,Alto,Sim,0,Alto,Médio,Público,Neutro,3,Não,Ensino Médio,Moderado,Masculino,67,médio
3488,14,85,Alto,Alto,Sim,5,77,Médio,Sim,2,Baixo,Alto,Público,Positivo,3,Não,Ensino Médio,Perto,Masculino,69,médio
3489,10,94,Baixo,Médio,Não,9,59,Baixo,Sim,0,Médio,Médio,Público,Positivo,2,Não,Pós-Graduação,Perto,Masculino,65,médio
3490,18,80,Baixo,Alto,Sim,8,75,Médio,Não,2,Médio,Médio,Público,Negativo,4,Não,Ensino Médio,Perto,Masculino,65,médio
3491,19,69,Médio,Médio,Sim,7,55,Baixo,Sim,1,Baixo,Médio,Público,Positivo,4,Não,Faculdade,Perto,Feminino,63,médio
3492,23,67,Baixo,Médio,Não,6,88,Médio,Sim,2,Médio,Médio,Privado,Neutro,4,Não,Ensino Médio,Perto,Masculino,65,médio
3493,17,60,Médio,Baixo,Não,6,66,Médio,Sim,0,Baixo,Médio,Público,Positivo,2,Não,Ensino Médio,Longe,Feminino,58,baixo
3494,23,89,Alto,Alto,Sim,6,66,Baixo,Sim,0,Baixo,Alto,Privado,Positivo,3,Não,Ensino Médio,Moderado,Masculino,70,médio
3495,32,64,Baixo,Baixo,Sim,6,97,Médio,Sim,1,Médio,Baixo,Público,Neutro,5,Não,Faculdade,Moderado,Masculino,66,médio
3496,25,70,Médio,Baixo,Não,9,71,Médio,Não,2,Baixo,Médio,Público,Negativo,2,Não,Faculdade,Perto,Feminino,63,médio
3497,20,72,Médio,Baixo,Sim,6,89,Baixo,Sim,1,Baixo,Médio,Privado,Negativo,3,Não,Ensino Médio,Longe,Masculino,62,médio
3498,19,82,Médio,Médio,Sim,8,82,Alto,Sim,2,Médio,Médio,Privado,Positivo,3,Não,Faculdade,Moderado,Feminino,69,médio
3499,18,76,Médio,Médio,Não,9,66,Alto,Sim,1,Alto,Alto,Público,Positivo,3,Não,Ensino Médio,Perto,Feminino,66,médio
3500,27,87,Alto,Baixo,Não,6,56,Médio,Sim,0,Baixo,Alto,Público,Neutro,2,Não,Ensino Médio,Moderado,Masculino,68,médio
3501,16,62,Baixo,Médio,Sim,8,90,Baixo,Sim,2,Alto,Médio,Público,Neutro,2,Não,Pós-Graduação,Longe,Masculino,62,médio
3502,20,65,Alto,Médio,Não,6,88,Médio,Sim,0,Médio,Alto,Público,Negativo,4,Sim,Ensino Médio,Perto,Masculino,64,médio
3503,20,80,Médio,Alto,Sim,7,58,Baixo,Não,0,Médio,Médio,Público,Neutro,2,Não,Faculdade,Perto,Feminino,65,médio
3504,17,73,Médio,Alto,Sim,6,62,Baixo,Sim,2,Baixo,Médio,Privado,Negativo,3,Não,Faculdade,Longe,Masculino,64,médio
3505,12,72,Médio,Médio,Não,6,88,Alto,Sim,2,Alto,Médio,Público,Positivo,3,Não,Ensino Médio,Perto,Feminino,65,médio
3506,22,63,Médio,Médio,Sim,7,99,Baixo,Sim,3,Médio,Médio,Privado,Neutro,4,Não,Ensino Médio,Moderado,Masculino,65,médio
3507,20,96,Baixo,Médio,Sim,5,92,Médio,Sim,0,Médio,Médio,Público,Neutro,3,Não,Faculdade,Perto,Feminino,70,médio
3508,23,88,Baixo,Alto,Não,8,84,Alto,Sim,2,Médio,Médio,Privado,Positivo,3,Sim,Pós-Graduação,Perto,Feminino,71,médio
3509,17,65,Médio,Médio,Sim,5,96,Baixo,Sim,2,Médio,Alto,Público,Positivo,3,Não,Faculdade,Moderado,Masculino,65,médio
3510,27,63,Alto,Médio,Não,5,64,Médio,Não,1,Alto,Alto,Público,Positivo,4,Não,Pós-Graduação,Perto,Masculino,67,médio
3511,15,99,Baixo,Alto,Sim,7,50,Alto,Não,4,Baixo,Médio,Público,Positivo,2,Não,Ensino Médio,Moderado,Masculino,68,médio
3512,30,87,Alto,Alto,Sim,6,66,Baixo,Sim,1,Médio,Médio,Público,Neutro,4,Não,Ensino Médio,Perto,Masculino,73,médio
3513,10,77,Médio,Alto,Não,8,99,Médio,Sim,0,Médio,Alto,Público,Neutro,4,Sim,Ensino Médio,Perto,Masculino,64,médio
3514,23,88,Alto,Alto,Não,7,94,Baixo,Não,3,Baixo,Médio,Privado,Positivo,1,Não,Ensino Médio,Perto,Masculino,71,médio
3515,23,90,Médio,Alto,Não,5,53,Médio,Sim,2,Médio,Alto,Privado,Positivo,2,Não,Ensino Médio,Perto,Feminino,70,médio
3516,15,91,Baixo,Alto,Não,8,75,Médio,Sim,4,Médio,Médio,Público,Neutro,1,Não,Ensino Médio,Perto,Feminino,68,médio
3517,23,79,Alto,Médio,Sim,7,54,Médio,Sim,2,Baixo,Médio,Privado,Neutro,4,Não,Faculdade,Moderado,Feminino,68,médio
3518,28,77,Baixo,Alto,Sim,7,89,Médio,Sim,3,Baixo,Médio,Público,Positivo,3,Sim,Ensino Médio,Longe,Masculino,68,médio
3519,7,60,Médio,Alto,Sim,10,69,Baixo,Sim,0,Baixo,Médio,Privado,Positivo,3,Não,Faculdade,Moderado,Feminino,59,baixo
3520,23,97,Médio,Médio,Sim,9,96,Médio,Sim,2,Médio,Alto,Privado,Neutro,4,Não,Faculdade,Perto,Masculino,74,médio
3521,5,84,Médio,Médio,Sim,7,53,Baixo,Não,1,Baixo,Alto,Público,Positivo,3,Não,Pós-Graduação,Moderado,Masculino,62,médio
3522,14,68,Alto,Baixo,Sim,5,87,Alto,Sim,2,Médio,Médio,Público,Positivo,3,Não,Ensino Médio,Longe,Masculino,64,médio
3523,30,97,Alto,Alto,Não,5,70,Médio,Sim,0,Alto,Médio,Público,Positivo,2,Não,Pós-Graduação,Perto,Masculino,76,médio
3524,17,97,Alto,Médio,Sim,9,63,Médio,Sim,2,Baixo,Médio,Público,Positivo,2,Não,Ensino Médio,Perto,Masculino,70,médio
3525,13,100,Alto,Médio,Não,6,76,Médio,Não,0,Baixo,Baixo,Público,Positivo,5,Não,Pós-Graduação,Perto,Masculino,69,médio
3526,19,95,Médio,Médio,Sim,7,74,Alto,Não,0,Baixo,Alto,Público,Positivo,2,Não,Ensino Médio,Perto,Feminino,69,médio
3527,32,100,Baixo,Alto,Sim,5,67,Médio,Não,4,Médio,Médio,Público,Positivo,3,Não,Ensino Médio,Longe,Masculino,74,médio
3528,9,70,Alto,Médio,Não,8,82,Baixo,Não,2,Alto,Alto,Público,Negativo,2,Não,Ensino Médio,Perto,Feminino,62,médio
3529,14,94,Médio,Médio,Não,9,83,Alto,Sim,2,Baixo,Alto,Público,Positivo,3,Não,Pós-Graduação,Moderado,Masculino,70,médio
3530,29,93,Baixo,Médio,Sim,9,54,Médio,Não,4,Baixo,Alto,Público,Positivo,3,Não,Ensino Médio,Perto,Masculino,71,médio
3531,31,69,Médio,Baixo,Sim,6,80,Baixo,Sim,4,Médio,Médio,Público,Negativo,2,Não,Faculdade,Perto,Masculino,68,médio
3532,19,64,Alto,Baixo,Sim,8,86,Baixo,Sim,3,Alto,Médio,Privado,Neutro,3,Não,Pós-Graduação,Perto,Feminino,66,médio
3533,13,99,Baixo,Médio,Não,7,54,Alto,Sim,3,Alto,Médio,Público,Negativo,3,Não,Ensino Médio,Longe,Masculino,67,médio
3534,33,72,Alto,Médio,Não,8,83,Baixo,Sim,3,Baixo,Alto,Privado,Neutro,4,Não,Ensino Médio,Perto,Masculino,71,médio
3535,30,95,Médio,Médio,Sim,7,90,Médio,Sim,3,Médio,Médio,Público,Neutro,1,Não,Ensino Médio,Moderado,Masculino,74,médio
3536,24,60,Baixo,Médio,Sim,6,92,Baixo,Sim,3,Médio,Médio,Público,Positivo,2,Não,Faculdade,Perto,Masculino,65,médio
3537,15,61,Alto,Baixo,Sim,9,52,Médio,Sim,1,Médio,Médio,Privado,Neutro,3,Não,Ensino Médio,Moderado,Feminino,60,baixo
3538,20,79,Alto,Alto,Sim,7,85,Baixo,Sim,2,Médio,Médio,Público,Neutro,2,Não,Faculdade,Moderado,Masculino,69,médio
3539,19,70,Médio,Médio,Sim,6,90,Baixo,Sim,2,Baixo,Médio,Privado,Positivo,3,Não,Ensino Médio,Moderado,Masculino,65,médio
3540,22,88,Médio,Baixo,Sim,7,70,Médio,Sim,3,Baixo,Médio,Público,Positivo,2,Não,Ensino Médio,Perto,Feminino,69,médio
3541,29,83,Médio,Baixo,Sim,6,77,Alto,Sim,1,Médio,Médio,Público,Neutro,4,Não,Ensino Médio,Perto,Masculino,70,médio
3542,25,63,Alto,Baixo,Sim,8,63,Médio,Sim,0,Médio,Alto,Privado,Positivo,1,Sim,Pós-Graduação,Perto,Feminino,65,médio
3543,14,67,Baixo,Baixo,Sim,7,66,Baixo,Sim,0,Baixo,Médio,Público,Neutro,4,Não,Ensino Médio,Longe,Feminino,57,baixo
3544,28,76,Médio,Médio,Sim,6,75,Baixo,Sim,0,Médio,Alto,Público,Positivo,2,Não,Ensino Médio,Perto,Feminino,68,médio
3545,22,67,Alto,Alto,Não,10,58,Médio,Sim,2,Alto,Baixo,Público,Neutro,3,Não,Pós-Graduação,Perto,Masculino,67,médio
3546,24,92,Médio,Médio,Não,5,69,Médio,Sim,2,Médio,Médio,Privado,Negativo,4,Não,Ensino Médio,Perto,Feminino,70,médio
3547,29,77,Médio,Médio,Sim,8,65,Médio,Sim,1,Médio,Médio,Público,Neutro,3,Não,Ensino Médio,Perto,Masculino,68,médio
3548,13,64,Alto,Alto,Sim,7,62,Médio,Sim,1,Baixo,Médio,Público,Neutro,1,Não,Faculdade,Moderado,Feminino,62,médio
3549,20,79,Alto,Médio,Sim,5,74,Médio,Sim,1,Baixo,Médio,Público,Neutro,5,Não,Ensino Médio,Longe,Masculino,67,médio
3550,17,64,Alto,Alto,Sim,6,92,Médio,Sim,0,Médio,Médio,Privado,Positivo,1,Não,Pós-Graduação,Perto,Masculino,66,médio
3551,11,65,Médio,Baixo,Sim,5,62,Médio,Sim,2,Médio,Alto,Público,Neutro,2,Não,Faculdade,Longe,Feminino,60,baixo
3552,22,70,Alto,Baixo,Não,10,83,Baixo,Sim,0,Médio,Médio,Público,Positivo,2,Não,Faculdade,Moderado,Masculino,65,médio
3553,35,94,Alto,Médio,Sim,7,63,Médio,Sim,1,Baixo,Alto,Público,Positivo,2,Não,Faculdade,Perto,Feminino,75,médio
3554,9,97,Baixo,Médio,Sim,7,57,Médio,Sim,4,Médio,Alto,Público,Neutro,5,Não,Ensino Médio,Longe,Feminino,67,médio
3555,20,93,Médio,Alto,Não,10,97,Médio,Sim,1,Baixo,Médio,Público,Neutro,2,Não,Pós-Graduação,Moderado,Masculino,71,médio
3556,24,73,Baixo,Baixo,Sim,6,82,Médio,Sim,0,Médio,Médio,Público,Negativo,2,Sim,Ensino Médio,Perto,Masculino,63,médio
3557,21,71,Alto,Médio,Sim,9,55,Baixo,Sim,2,Alto,Alto,Público,Positivo,1,Não,Pós-Graduação,Moderado,Masculino,67,médio
3558,19,82,Alto,Médio,Não,8,82,Baixo,Sim,2,Baixo,Médio,Privado,Negativo,4,Não,Pós-Graduação,Perto,Feminino,68,médio
3559,12,89,Alto,Baixo,Sim,4,59,Baixo,Sim,2,Baixo,Alto,Público,Negativo,4,Não,Ensino Médio,Perto,Masculino,65,médio
3560,21,100,Baixo,Alto,Não,6,94,Médio,Não,1,Alto,Médio,Público,Positivo,3,Não,Faculdade,Moderado,Feminino,72,médio
3561,15,65,Médio,Médio,Não,8,62,Médio,Sim,1,Médio,Médio,Público,Neutro,4,Não,Ensino Médio,Moderado,Feminino,61,médio
3562,7,62,Baixo,Alto,Não,7,90,Médio,Sim,1,Médio,Baixo,Público,Neutro,5,Não,Faculdade,Moderado,Feminino,60,baixo
3563,27,88,Alto,Alto,Sim,7,60,Médio,Sim,2,Baixo,Médio,Público,Positivo,2,Não,Ensino Médio,Perto,Feminino,72,médio
3564,26,93,Médio,Médio,Sim,6,78,Médio,Sim,2,Médio,Médio,Público,Neutro,3,Não,Pós-Graduação,Longe,Feminino,72,médio
3565,20,94,Baixo,Médio,Sim,6,96,Médio,Sim,2,Médio,Médio,Privado,Negativo,3,Não,Faculdade,Perto,Masculino,70,médio
3566,21,87,Baixo,Médio,Não,7,65,Alto,Sim,2,Médio,Médio,Público,Negativo,3,Sim,Faculdade,Perto,Masculino,67,médio
3567,26,98,Médio,Médio,Não,10,54,Médio,Sim,0,Baixo,Alto,Privado,Neutro,1,Não,Pós-Graduação,Perto,Masculino,71,médio
3568,21,80,Médio,Baixo,Sim,6,78,Médio,Sim,0,Médio,Médio,Privado,Negativo,2,Não,Pós-Graduação,Perto,Feminino,66,médio
3569,25,97,Alto,Alto,Não,6,59,Baixo,Sim,0,Baixo,Alto,Público,Positivo,2,Não,Ensino Médio,Perto,Feminino,72,médio
3570,18,99,Médio,Médio,Sim,7,86,Médio,Não,1,Alto,Médio,Público,Neutro,4,Não,Ensino Médio,Moderado,Feminino,70,médio
3571,28,94,Médio,Baixo,Sim,5,80,Médio,Sim,2,Alto,Médio,Público,Negativo,2,Não,Ensino Médio,Moderado,Feminino,71,médio
3572,22,72,Baixo,Baixo,Sim,8,67,Alto,Sim,2,Médio,Médio,Público,Negativo,4,Não,Faculdade,Longe,Masculino,64,médio
3573,21,68,Médio,Médio,Sim,5,85,Médio,Não,3,Alto,Médio,Público,Positivo,2,Não,Faculdade,Moderado,Masculino,66,médio
3574,12,82,Alto,Baixo,Não,5,62,Baixo,Sim,2,Médio,Médio,Público,Positivo,4,Não,Ensino Médio,Perto,Masculino,64,médio
3575,22,78,Médio,Médio,Sim,5,96,Médio,Sim,0,Baixo,Médio,Público,Neutro,3,Não,Ensino Médio,Moderado,Masculino,67,médio
3576,15,95,Baixo,Baixo,Não,5,67,Alto,Sim,3,Médio,Médio,Público,Positivo,3,Não,Ensino Médio,Moderado,Feminino,67,médio
3577,16,64,Alto,Baixo,Não,9,88,Médio,Sim,1,Médio,Alto,Público,Positivo,3,Não,Ensino Médio,Perto,Masculino,64,médio
3578,15,70,Baixo,Médio,Não,8,63,Baixo,Sim,0,Médio,Médio,Privado,Positivo,4,Não,Ensino Médio,Moderado,Feminino,61,médio
3579,14,90,Alto,Alto,Sim,8,86,Médio,Sim,4,Médio,Médio,Privado,Negativo,2,Não,Ensino Médio,Perto,Feminino,99,alto
3580,33,64,Médio,Médio,Não,8,52,Baixo,Não,3,Alto,Médio,Público,Positivo,4,Não,Ensino Médio,Perto,Masculino,67,médio
3581,28,73,Médio,Alto,Sim,7,65,Alto,Sim,3,Alto,Alto,Público,Positivo,3,Não,Pós-Graduação,Perto,Masculino,72,médio
3582,32,75,Baixo,Baixo,Não,7,55,Médio,Sim,1,Médio,Médio,Público,Neutro,4,Não,Ensino Médio,Moderado,Masculino,66,médio
3583,13,85,Baixo,Alto,Sim,9,73,Alto,Sim,3,Médio,Alto,Público,Positivo,2,Não,Pós-Graduação,Moderado,Masculino,68,médio
3584,20,66,Alto,Baixo,Não,9,72,Baixo,Sim,1,Médio,Alto,Público,Positivo,1,Não,Faculdade,Perto,Feminino,64,médio
3585,12,94,Alto,Alto,Não,5,68,Alto,Sim,1,Alto,Médio,Público,Neutro,2,Não,Ensino Médio,Perto,Masculino,69,médio
3586,16,78,Médio,Alto,Não,10,99,Baixo,Sim,0,Baixo,Médio,Público,Positivo,4,Não,Ensino Médio,Longe,Feminino,65,médio
3587,14,97,Baixo,Alto,Não,5,62,Médio,Não,1,Médio,Médio,Público,Neutro,4,Sim,Pós-Graduação,Longe,Feminino,66,médio
3588,27,79,Alto,Alto,Sim,6,90,Baixo,Sim,3,Médio,Alto,Público,Positivo,4,Não,Ensino Médio,Perto,Masculino,73,médio
3589,18,71,Médio,Médio,Sim,7,72,Baixo,Sim,0,Baixo,Médio,Público,Neutro,4,Não,Ensino Médio,Perto,Feminino,63,médio
3590,26,66,Médio,Médio,Sim,7,67,Alto,Sim,3,Médio,Médio,Público,Negativo,4,Não,Ensino Médio,Moderado,Feminino,66,médio
3591,24,60,Médio,Médio,Sim,10,60,Baixo,Sim,3,Baixo,Alto,Privado,Neutro,2,Não,Pós-Graduação,Perto,Feminino,65,médio
3592,34,81,Médio,Médio,Sim,9,82,Baixo,Sim,1,Médio,Alto,Público,Negativo,2,Não,Ensino Médio,Perto,Masculino,71,médio
3593,11,64,Médio,Baixo,Sim,8,67,Alto,Não,1,Médio,Médio,Público,Neutro,2,Sim,Faculdade,Perto,Masculino,58,baixo
3594,28,76,Médio,Médio,Não,9,91,Médio,Sim,0,Baixo,Alto,Privado,Neutro,3,Não,Ensino Médio,Moderado,Masculino,68,médio
3595,27,84,Médio,Médio,Não,8,98,Médio,Sim,0,Baixo,Médio,Público,Neutro,4,Não,Ensino Médio,Moderado,Masculino,69,médio
3596,14,71,Alto,Baixo,Sim,6,61,Baixo,Sim,0,Baixo,Médio,Público,Positivo,3,Não,Pós-Graduação,Perto,Feminino,63,médio
3597,26,67,Médio,Médio,Sim,8,56,Médio,Sim,1,Médio,Médio,Público,Negativo,5,Não,Faculdade,Perto,Feminino,66,médio
3598,22,91,Médio,Médio,Sim,7,66,Médio,Não,0,Alto,Alto,Público,Negativo,3,Não,Faculdade,Perto,Feminino,69,médio
3599,19,98,Médio,Baixo,Sim,6,73,Médio,Sim,3,Baixo,Médio,Privado,Negativo,3,Não,Faculdade,Perto,Masculino,69,médio
3600,15,64,Alto,Médio,Não,9,65,Médio,Sim,2,Médio,Médio,Público,Neutro,2,Não,Ensino Médio,Perto,Masculino,63,médio
3601,16,66,Baixo,Alto,Sim,7,99,Médio,Sim,1,Baixo,Médio,Público,Positivo,3,Não,Faculdade,Perto,Feminino,65,médio
3602,32,98,Baixo,Alto,Não,5,89,Médio,Sim,2,Alto,Baixo,Privado,Positivo,3,Não,Faculdade,Perto,Masculino,76,médio
3603,20,62,Alto,Médio,Sim,6,98,Alto,Sim,0,Alto,Alto,Público,Neutro,3,Não,Pós-Graduação,Perto,Masculino,67,médio
3604,25,99,Baixo,Médio,Não,8,69,Médio,Não,1,Baixo,Alto,Público,Positivo,3,Não,Pós-Graduação,Moderado,Masculino,70,médio
3605,15,60,Médio,Baixo,Não,9,65,Médio,Sim,1,Médio,Alto,Público,Negativo,5,Não,Faculdade,Moderado,Masculino,60,baixo
3606,15,95,Alto,Baixo,Não,8,70,Médio,Sim,2,Alto,Alto,Público,Neutro,3,Sim,Ensino Médio,Perto,Feminino,68,médio
3607,26,72,Médio,Médio,Sim,8,76,Médio,Sim,1,Médio,Médio,Público,Negativo,3,Não,Pós-Graduação,Perto,Masculino,68,médio
3608,12,98,Baixo,Alto,Sim,6,87,Médio,Sim,2,Baixo,Médio,Privado,Neutro,3,Não,Pós-Graduação,Perto,Feminino,70,médio
3609,18,73,Médio,Alto,Sim,7,94,Alto,Sim,1,Alto,Médio,Privado,Neutro,3,Não,Pós-Graduação,Moderado,Feminino,68,médio
3610,20,86,Alto,Alto,Não,7,73,Médio,Sim,3,Baixo,Baixo,Público,Neutro,3,Sim,Ensino Médio,Perto,Masculino,69,médio
3611,21,63,Médio,Médio,Sim,7,64,Médio,Sim,0,Baixo,Médio,Público,Negativo,3,Não,Ensino Médio,Perto,Feminino,62,médio
3612,19,70,Alto,Baixo,Não,7,66,Médio,Sim,1,Alto,Baixo,Privado,Neutro,4,Não,Faculdade,Moderado,Masculino,64,médio
3613,22,91,Alto,Médio,Não,6,85,Baixo,Sim,2,Médio,Médio,Privado,Positivo,2,Não,Ensino Médio,Moderado,Feminino,71,médio
3614,24,81,Médio,Médio,Sim,8,78,Médio,Sim,1,Baixo,Médio,Público,Positivo,2,Não,Ensino Médio,Perto,Masculino,68,médio
3615,24,97,Alto,Médio,Não,5,74,Alto,Sim,0,Médio,Baixo,Público,Neutro,5,Não,Ensino Médio,Perto,Feminino,72,médio
3616,14,77,Médio,Médio,Sim,5,60,Baixo,Sim,1,Alto,Alto,Privado,Negativo,3,Não,Pós-Graduação,Longe,Masculino,64,médio
3617,18,95,Médio,Alto,Sim,6,94,Médio,Sim,6,Baixo,Alto,Público,Neutro,3,Não,Ensino Médio,Longe,Feminino,73,médio
3618,27,78,Médio,Alto,Não,8,89,Baixo,Sim,0,Baixo,Médio,Público,Neutro,3,Não,Pós-Graduação,Perto,Feminino,69,médio
3619,25,99,Baixo,Médio,Não,8,57,Médio,Sim,1,Médio,Baixo,Privado,Positivo,3,Não,Pós-Graduação,Moderado,Masculino,70,médio
3620,12,98,Médio,Alto,Não,4,68,Médio,Sim,3,Baixo,Alto,Público,Neutro,2,Não,Ensino Médio,Perto,Feminino,69,médio
3621,22,73,Médio,Baixo,Não,8,77,Médio,Sim,1,Alto,Médio,Público,Neutro,3,Não,Ensino Médio,Longe,Masculino,64,médio
3622,8,95,Médio,Médio,Não,7,73,Baixo,Sim,2,Médio,Médio,Privado,Neutro,2,Não,Faculdade,Perto,Masculino,66,médio
3623,20,94,Médio,Médio,Sim,6,70,Alto,Sim,1,Médio,Médio,Público,Neutro,2,Não,Ensino Médio,Moderado,Feminino,69,médio
3624,31,68,Alto,Médio,Não,7,86,Baixo,Sim,1,Baixo,Médio,Privado,Positivo,3,Não,Ensino Médio,Moderado,Feminino,68,médio
3625,14,85,Médio,Baixo,Sim,5,53,Médio,Sim,4,Médio,Médio,Público,Neutro,3,Não,Ensino Médio,Perto,Masculino,65,médio
3626,15,63,Alto,Baixo,Sim,7,74,Médio,Sim,4,Baixo,Médio,Público,Negativo,2,Não,Ensino Médio,Moderado,Masculino,62,médio
3627,25,93,Alto,Alto,Sim,5,63,Médio,Sim,2,Alto,Médio,Público,Positivo,2,Não,Pós-Graduação,Perto,Feminino,75,médio
3628,11,67,Médio,Médio,Sim,6,54,Baixo,Sim,0,Baixo,Médio,Público,Positivo,3,Não,Ensino Médio,Perto,Feminino,60,baixo
3629,16,63,Médio,Alto,Sim,6,73,Médio,Sim,0,Médio,Médio,Público,Neutro,4,Não,Faculdade,Perto,Masculino,63,médio
3630,24,76,Médio,Baixo,Sim,8,59,Médio,Sim,2,Médio,Médio,Público,Positivo,4,Não,Faculdade,Longe,Masculino,66,médio
3631,16,83,Alto,Médio,Sim,7,63,Médio,Sim,0,Médio,Médio,Público,Neutro,3,Não,Pós-Graduação,Perto,Feminino,67,médio
3632,19,94,Baixo,Médio,Sim,8,75,Médio,Sim,1,Médio,Médio,Público,Negativo,3,Não,Faculdade,Moderado,Feminino,68,médio
3633,24,99,Médio,Médio,Sim,5,99,Médio,Sim,0,Baixo,Médio,Público,Positivo,3,Não,Ensino Médio,Moderado,Feminino,72,médio
3634,23,78,Baixo,Médio,Não,7,84,Alto,Sim,0,Baixo,Médio,Privado,Neutro,3,Não,Faculdade,Perto,Masculino,66,médio
3635,22,62,Médio,Médio,Sim,8,64,Médio,Sim,0,Baixo,Médio,Público,Neutro,3,Não,Pós-Graduação,Perto,Feminino,63,médio
3636,18,90,Médio,Alto,Sim,9,69,Médio,Sim,1,Alto,Alto,Privado,Positivo,3,Não,Faculdade,Moderado,Feminino,71,médio
3637,22,83,Baixo,Médio,Sim,5,70,Alto,Sim,2,Baixo,Médio,Público,Positivo,3,Não,Faculdade,Longe,Masculino,67,médio
3638,19,78,Médio,Médio,Sim,6,58,Médio,Sim,1,Baixo,Médio,Público,Neutro,3,Não,Pós-Graduação,Perto,Masculino,66,médio
3639,23,72,Alto,Médio,Não,8,58,Médio,Não,2,Baixo,Alto,Privado,Positivo,2,Não,Faculdade,Perto,Feminino,66,médio
3640,17,80,Alto,Alto,Não,9,57,Médio,Sim,4,Baixo,Médio,Público,Positivo,2,Não,Faculdade,Perto,Masculino,68,médio
3641,19,74,Médio,Médio,Não,7,76,Alto,Sim,1,Alto,Médio,Público,Neutro,3,Não,Faculdade,Perto,Feminino,66,médio
3642,14,90,Alto,Médio,Sim,5,84,Médio,Sim,0,Baixo,Médio,Público,Negativo,3,Não,Pós-Graduação,Perto,Feminino,68,médio
3643,20,82,Alto,Médio,Sim,5,80,Médio,Sim,3,Baixo,Médio,Público,Neutro,1,Sim,Faculdade,Perto,Feminino,68,médio
3644,15,95,Baixo,Médio,Sim,7,99,Baixo,Sim,0,Alto,Alto,Público,Neutro,2,Não,Ensino Médio,Perto,Feminino,68,médio
3645,13,82,Médio,Alto,Não,8,56,Baixo,Sim,2,Baixo,Alto,Privado,Neutro,3,Não,Pós-Graduação,Perto,Masculino,66,médio
3646,22,70,Alto,Baixo,Não,7,99,Médio,Sim,1,Baixo,Alto,Privado,Positivo,2,Não,Ensino Médio,Moderado,Masculino,66,médio
3647,21,94,Médio,Alto,Não,5,73,Baixo,Sim,0,Médio,Alto,Público,Neutro,3,Não,Pós-Graduação,Longe,Feminino,70,médio
3648,25,82,Alto,Médio,Sim,9,61,Baixo,Sim,1,Alto,Médio,Público,Negativo,2,Não,Ensino Médio,Perto,Masculino,68,médio
3649,17,68,Médio,Médio,Sim,6,97,Alto,Sim,2,Alto,Baixo,Público,Negativo,3,Não,Ensino Médio,Moderado,Masculino,65,médio
3650,22,85,Baixo,Alto,Sim,8,73,Alto,Sim,1,Médio,Médio,Privado,Positivo,3,Não,Faculdade,Perto,Masculino,70,médio
3651,23,74,Médio,Médio,Não,4,67,Médio,Sim,3,Alto,Médio,Privado,Negativo,5,Não,Ensino Médio,Longe,Masculino,66,médio
3652,23,94,Médio,Alto,Sim,9,61,Médio,Não,0,Médio,Médio,Público,Negativo,1,Sim,Pós-Graduação,Moderado,Feminino,68,médio
3653,15,78,Médio,Médio,Sim,6,63,Alto,Sim,1,Médio,Médio,Privado,Neutro,2,Sim,Faculdade,Moderado,Masculino,64,médio
3654,21,89,Médio,Médio,Não,9,99,Médio,Sim,0,Médio,Médio,Privado,Negativo,3,Não,Ensino Médio,Perto,Masculino,69,médio
3655,22,64,Médio,Médio,Não,8,65,Baixo,Sim,2,Médio,Médio,Privado,Neutro,4,Não,Pós-Graduação,Perto,Feminino,65,médio
3656,20,76,Médio,Alto,Sim,5,99,Baixo,Não,3,Médio,Alto,Público,Negativo,3,Não,Pós-Graduação,Perto,Feminino,69,médio
3657,7,99,Baixo,Alto,Sim,7,67,Baixo,Não,1,Alto,Alto,Privado,Neutro,4,Não,Ensino Médio,Perto,Feminino,66,médio
3658,21,92,Alto,Baixo,Não,9,62,Médio,Sim,1,Médio,Baixo,Público,Positivo,2,Não,Ensino Médio,Perto,Feminino,68,médio
3659,33,66,Médio,Médio,Sim,6,59,Médio,Sim,3,Alto,Médio,Público,Positivo,2,Não,Pós-Graduação,Perto,Feminino,70,médio
3660,18,71,Alto,Médio,Não,9,71,Médio,Sim,1,Médio,Alto,Público,Positivo,3,Não,Ensino Médio,Moderado,Feminino,65,médio
3661,16,73,Alto,Médio,Sim,8,62,Médio,Sim,0,Alto,Alto,Privado,Neutro,2,Não,Ensino Médio,Perto,Feminino,65,médio
3662,22,86,Médio,Baixo,Não,9,85,Médio,Sim,1,Médio,Médio,Público,Negativo,3,Não,Pós-Graduação,Perto,Feminino,68,médio
3663,22,90,Baixo,Médio,Não,7,62,Baixo,Sim,0,Médio,Médio,Público,Positivo,3,Não,Faculdade,Perto,Masculino,67,médio
3664,27,90,Alto,Alto,Não,7,92,Médio,Sim,0,Baixo,Médio,Privado,Neutro,3,Não,Ensino Médio,Perto,Feminino,72,médio
3665,12,80,Alto,Alto,Sim,10,92,Alto,Sim,1,Alto,Alto,Público,Positivo,3,Não,Pós-Graduação,Moderado,Masculino,70,médio
3666,24,92,Baixo,Alto,Sim,8,64,Alto,Sim,1,Alto,Alto,Privado,Neutro,3,Não,Faculdade,Perto,Masculino,72,médio
3667,24,77,Alto,Alto,Sim,7,88,Baixo,Sim,1,Alto,Médio,Público,Negativo,5,Não,Faculdade,Perto,Masculino,71,médio
3668,19,65,Baixo,Médio,Não,8,93,Baixo,Sim,1,Médio,Alto,Privado,Neutro,4,Não,Faculdade,Perto,Masculino,64,médio
3669,22,83,Baixo,Alto,Sim,6,80,Médio,Sim,2,Médio,Médio,Público,Positivo,5,Não,Ensino Médio,Moderado,Feminino,69,médio
3670,26,98,Médio,Médio,Sim,7,68,Médio,Sim,4,Baixo,Médio,Público,Positivo,1,Não,Ensino Médio,Perto,Feminino,73,médio
3671,25,92,Baixo,Alto,Sim,9,72,Médio,Sim,1,Baixo,Médio,Público,Negativo,5,Não,Pós-Graduação,Longe,Feminino,70,médio
3672,13,83,Alto,Médio,Não,7,89,Médio,Sim,1,Baixo,Médio,Público,Neutro,4,Não,Pós-Graduação,Perto,Feminino,68,médio
3673,25,86,Alto,Médio,Não,6,65,Médio,Sim,2,Médio,Alto,Público,Positivo,5,Não,Ensino Médio,Moderado,Masculino,71,médio
3674,20,97,Médio,Alto,Não,6,67,Baixo,Sim,1,Baixo,Alto,Privado,Positivo,3,Não,Pós-Graduação,Perto,Feminino,71,médio
3675,20,77,Baixo,Alto,Sim,7,58,Alto,Sim,0,Alto,Médio,Público,Neutro,3,Não,Ensino Médio,Perto,Masculino,66,médio
3676,20,73,Médio,Alto,Não,6,70,Baixo,Sim,3,Alto,Alto,Público,Neutro,4,Não,Ensino Médio,Perto,Feminino,68,médio
3677,19,99,Médio,Alto,Sim,5,54,Baixo,Sim,0,Médio,Médio,Público,Neutro,2,Não,Pós-Graduação,Perto,Masculino,70,médio
3678,27,95,Médio,Médio,Não,5,66,Baixo,Sim,3,Médio,Médio,Público,Neutro,4,Não,Ensino Médio,Perto,Masculino,72,médio
3679,19,73,Baixo,Alto,Sim,9,69,Alto,Sim,1,Baixo,Baixo,Público,Positivo,4,Não,Pós-Graduação,Perto,Feminino,66,médio
3680,13,79,Médio,Alto,Sim,7,63,Baixo,Não,3,Alto,Médio,Privado,Neutro,2,Não,Ensino Médio,Perto,Feminino,65,médio
3681,18,77,Médio,Alto,Sim,7,55,Alto,Não,3,Alto,Médio,Privado,Neutro,3,Sim,Ensino Médio,Perto,Feminino,66,médio
3682,21,66,Alto,Médio,Sim,6,76,Baixo,Sim,3,Baixo,Médio,Privado,Neutro,1,Não,Ensino Médio,Moderado,Feminino,65,médio
3683,27,98,Alto,Baixo,Sim,6,93,Baixo,Sim,0,Baixo,Médio,Privado,Neutro,4,Não,Ensino Médio,Moderado,Masculino,72,médio
3684,24,76,Médio,Médio,Sim,6,67,Médio,Sim,2,Alto,Médio,Público,Negativo,3,Não,Faculdade,Perto,Feminino,68,médio
3685,15,95,Médio,Médio,Sim,7,62,Alto,Sim,0,Alto,Médio,Público,Negativo,3,Não,Faculdade,Perto,Feminino,68,médio
3686,35,68,Baixo,Alto,Sim,5,64,Médio,Sim,0,Alto,Baixo,Público,Positivo,4,Sim,Ensino Médio,Perto,Masculino,67,médio
3687,22,82,Médio,Médio,Sim,9,93,Baixo,Sim,2,Baixo,Médio,Público,Neutro,2,Não,Ensino Médio,Perto,Masculino,68,médio
3688,28,61,Alto,Médio,Não,7,76,Alto,Sim,1,Médio,Alto,Público,Positivo,4,Não,Ensino Médio,Moderado,Masculino,67,médio
3689,19,91,Médio,Alto,Não,7,57,Baixo,Sim,3,Alto,Alto,Público,Negativo,3,Não,Ensino Médio,Moderado,Feminino,69,médio
3690,23,83,Baixo,Baixo,Não,8,85,Médio,Sim,2,Baixo,Médio,Privado,Neutro,2,Sim,Ensino Médio,Perto,Masculino,65,médio
3691,25,85,Médio,Médio,Não,8,58,Médio,Sim,2,Médio,Alto,Público,Neutro,4,Não,Faculdade,Perto,Masculino,70,médio
3692,27,62,Alto,Médio,Não,6,53,Baixo,Sim,1,Médio,Médio,Público,Positivo,2,Não,Ensino Médio,Moderado,Masculino,64,médio
3693,26,68,Médio,Médio,Não,8,63,Médio,Sim,2,Baixo,Alto,Público,Positivo,3,Não,Ensino Médio,Perto,Masculino,66,médio
3694,25,63,Baixo,Médio,Não,8,58,Médio,Sim,1,Alto,Médio,Público,Positivo,1,Não,Faculdade,Perto,Feminino,64,médio
3695,18,72,Alto,Alto,Sim,7,80,Alto,Sim,1,Alto,Alto,Público,Negativo,2,Sim,Ensino Médio,Moderado,Feminino,66,médio
3696,17,85,Médio,Médio,Sim,9,74,Médio,Sim,1,Médio,Médio,Privado,Neutro,2,Não,Ensino Médio,Perto,Masculino,67,médio
3697,22,83,Médio,Baixo,Sim,8,86,Médio,Sim,3,Médio,Baixo,Público,Negativo,4,Não,Ensino Médio,Perto,Masculino,68,médio
3698,26,84,Médio,Médio,Não,8,76,Médio,Sim,5,Médio,Alto,Público,Neutro,2,Não,Ensino Médio,Moderado,Masculino,71,médio
3699,19,82,Alto,Baixo,Não,9,71,Médio,Sim,1,Baixo,Alto,Privado,Neutro,3,Não,Faculdade,Perto,Feminino,67,médio
3700,26,71,Alto,Médio,Sim,7,76,Médio,Sim,3,Baixo,Médio,Público,Positivo,2,Não,Pós-Graduação,Moderado,Masculino,69,médio
3701,29,70,Médio,Baixo,Sim,7,72,Baixo,Sim,1,Médio,Médio,Público,Positivo,4,Não,Faculdade,Perto,Masculino,67,médio
3702,15,65,Baixo,Alto,Sim,8,52,Médio,Sim,4,Baixo,Médio,Privado,Neutro,3,Sim,Ensino Médio,Moderado,Feminino,61,médio
3703,15,94,Médio,Médio,Não,7,84,Médio,Sim,0,Médio,Alto,Público,Positivo,2,Não,Ensino Médio,Moderado,Masculino,68,médio
3704,19,85,Baixo,Baixo,Sim,8,98,Médio,Sim,2,Médio,Baixo,Privado,Neutro,4,Não,Ensino Médio,Perto,Feminino,67,médio
3705,22,67,Baixo,Médio,Sim,6,71,Baixo,Sim,1,Médio,Alto,Público,Neutro,4,Não,Faculdade,Moderado,Masculino,64,médio
3706,17,67,Médio,Médio,Sim,4,71,Médio,Sim,3,Médio,Alto,Público,Negativo,2,Não,Ensino Médio,Moderado,Feminino,63,médio
3707,28,95,Baixo,Médio,Não,8,52,Alto,Sim,3,Alto,Alto,Público,Negativo,4,Não,Faculdade,Perto,Masculino,72,médio
3708,23,90,Alto,Médio,Não,5,95,Baixo,Sim,2,Baixo,Médio,Público,Negativo,2,Não,Ensino Médio,Moderado,Masculino,69,médio
3709,20,86,Baixo,Alto,Não,6,96,Médio,Sim,1,Alto,Baixo,Público,Neutro,2,Sim,Ensino Médio,Longe,Masculino,66,médio
3710,11,76,Médio,Médio,Sim,8,91,Baixo,Sim,1,Alto,Alto,Privado,Neutro,3,Sim,Faculdade,Perto,Feminino,64,médio
3711,12,70,Baixo,Médio,Sim,8,55,Médio,Sim,2,Médio,Alto,Público,Negativo,4,Não,Ensino Médio,Perto,Feminino,61,médio
3712,22,99,Médio,Alto,Sim,9,95,Médio,Sim,2,Baixo,Baixo,Público,Negativo,4,Sim,Ensino Médio,Perto,Masculino,71,médio
3713,7,92,Baixo,Médio,Sim,4,51,Médio,Sim,0,Alto,Médio,Público,Positivo,1,Não,Ensino Médio,Perto,Feminino,63,médio
3714,26,72,Médio,Baixo,Não,7,72,Baixo,Sim,2,Médio,Baixo,Público,Neutro,4,Não,Ensino Médio,Perto,Feminino,65,médio
3715,19,94,Alto,Baixo,Sim,7,75,Médio,Sim,2,Alto,Médio,Público,Negativo,5,Não,Faculdade,Perto,Feminino,71,médio
3716,39,90,Alto,Alto,Não,8,92,Alto,Sim,2,Médio,Alto,Privado,Neutro,1,Não,Ensino Médio,Perto,Feminino,78,médio
3717,34,72,Médio,Alto,Sim,9,88,Baixo,Sim,1,Alto,Médio,Privado,Positivo,3,Não,Pós-Graduação,Perto,Masculino,73,médio
3718,19,77,Baixo,Médio,Não,5,90,Baixo,Sim,1,Baixo,Alto,Privado,Neutro,3,Não,Faculdade,Perto,Feminino,65,médio
3719,19,67,Baixo,Médio,Sim,7,93,Alto,Sim,0,Médio,Médio,Público,Positivo,4,Não,Pós-Graduação,Perto,Masculino,66,médio
3720,26,64,Alto,Baixo,Sim,8,74,Baixo,Sim,3,Médio,Alto,Público,Neutro,2,Não,Ensino Médio,Perto,Masculino,66,médio
3721,30,89,Médio,Médio,Não,6,89,Médio,Sim,3,Alto,Médio,Público,Neutro,3,Não,Pós-Graduação,Moderado,Masculino,74,médio
3722,10,71,Médio,Baixo,Não,10,53,Baixo,Sim,4,Alto,Médio,Privado,Positivo,3,Não,Ensino Médio,Perto,Feminino,62,médio
3723,9,93,Alto,Baixo,Sim,6,72,Baixo,Sim,1,Médio,Médio,Público,Positivo,2,Não,Faculdade,Perto,Feminino,66,médio
3724,16,100,Alto,Alto,Não,7,52,Médio,Sim,4,Baixo,Médio,Público,Negativo,4,Não,Ensino Médio,Perto,Feminino,71,médio
3725,23,63,Alto,Médio,Sim,5,96,Médio,Sim,2,Alto,Médio,Público,Neutro,2,Não,Ensino Médio,Perto,Feminino,67,médio
3726,23,79,Alto,Baixo,Sim,7,98,Baixo,Sim,0,Médio,Alto,Público,Neutro,4,Não,Faculdade,Perto,Feminino,69,médio
3727,26,92,Médio,Alto,Não,4,54,Médio,Sim,2,Alto,Médio,Público,Positivo,4,Não,Ensino Médio,Moderado,Masculino,72,médio
3728,13,92,Alto,Alto,Sim,7,77,Médio,Sim,2,Alto,Médio,Público,Positivo,4,Não,Pós-Graduação,Perto,Masculino,72,médio
3729,6,90,Médio,Médio,Sim,9,66,Médio,Sim,2,Médio,Alto,Público,Positivo,2,Não,Ensino Médio,Longe,Masculino,65,médio
3730,25,74,Alto,Alto,Não,5,67,Alto,Sim,1,Médio,Médio,Público,Positivo,5,Não,Pós-Graduação,Perto,Masculino,71,médio
3731,15,78,Médio,Médio,Não,5,73,Médio,Sim,0,Alto,Alto,Privado,Positivo,1,Sim,Faculdade,Perto,Masculino,64,médio
3732,8,84,Médio,Baixo,Sim,9,56,Baixo,Sim,1,Baixo,Médio,Público,Positivo,2,Não,Ensino Médio,Moderado,Masculino,61,médio
3733,21,99,Médio,Baixo,Sim,9,59,Baixo,Sim,1,Alto,Alto,Público,Negativo,2,Não,Faculdade,Moderado,Feminino,69,médio
3734,25,73,Baixo,Médio,Sim,5,79,Médio,Sim,1,Baixo,Médio,Privado,Neutro,5,Não,Ensino Médio,Moderado,Feminino,65,médio
3735,19,97,Médio,Baixo,Sim,10,51,Alto,Sim,3,Baixo,Alto,Público,Neutro,4,Não,Faculdade,Longe,Feminino,69,médio
3736,17,71,Médio,Médio,Não,8,80,Baixo,Sim,2,Alto,Baixo,Público,Neutro,3,Não,Ensino Médio,Perto,Feminino,64,médio
3737,19,100,Médio,Baixo,Sim,9,66,Alto,Sim,1,Alto,Médio,Público,Negativo,4,Sim,Pós-Graduação,Moderado,Masculino,69,médio
3738,18,87,Médio,Médio,Sim,6,92,Baixo,Sim,1,Baixo,Médio,Privado,Neutro,4,Não,Ensino Médio,Perto,Feminino,68,médio
3739,12,79,Médio,Baixo,Não,9,80,Baixo,Sim,1,Alto,Médio,Público,Positivo,2,Não,Faculdade,Moderado,Masculino,63,médio
3740,16,85,Baixo,Médio,Não,7,85,Alto,Sim,1,Médio,Alto,Público,Neutro,2,Não,Ensino Médio,Perto,Masculino,66,médio
3741,23,71,Médio,Médio,Não,7,56,Baixo,Sim,1,Médio,Médio,Privado,Positivo,4,Não,Ensino Médio,Perto,Feminino,65,médio
3742,22,71,Alto,Médio,Sim,8,63,Médio,Sim,2,Médio,Alto,Público,Negativo,2,Não,Ensino Médio,Moderado,Masculino,66,médio
3743,21,65,Médio,Médio,Não,6,100,Médio,Sim,3,Médio,Médio,Público,Neutro,4,Não,Pós-Graduação,Perto,Masculino,67,médio
3744,14,65,Médio,Alto,Sim,5,72,Baixo,Sim,3,Baixo,Alto,Privado,Negativo,2,Não,Ensino Médio,Perto,Masculino,62,médio
3745,19,74,Médio,Alto,Sim,7,68,Médio,Sim,2,Baixo,Alto,Público,Negativo,2,Não,Ensino Médio,Perto,Feminino,66,médio
3746,7,91,Alto,Médio,Não,7,94,Alto,Não,3,Alto,Médio,Público,Neutro,3,Não,Pós-Graduação,Moderado,Feminino,68,médio
3747,21,84,Médio,Médio,Sim,6,52,Médio,Sim,2,Alto,Alto,Público,Negativo,5,Não,Ensino Médio,Moderado,Masculino,68,médio
3748,29,64,Baixo,Médio,Não,9,77,Médio,Sim,0,Baixo,Alto,Público,Negativo,2,Não,Ensino Médio,Moderado,Feminino,63,médio
3749,11,94,Alto,Baixo,Sim,10,61,Médio,Sim,1,Médio,Baixo,Público,Neutro,3,Não,Faculdade,Moderado,Masculino,66,médio
3750,16,84,Alto,Baixo,Não,6,68,Baixo,Não,3,Médio,Médio,Privado,Neutro,3,Não,Ensino Médio,Perto,Masculino,65,médio
3751,22,98,Alto,Médio,Sim,7,60,Médio,Sim,1,Alto,Médio,Público,Positivo,1,Não,Ensino Médio,Perto,Masculino,72,médio
3752,28,87,Médio,Médio,Não,6,52,Médio,Sim,4,Baixo,Baixo,Privado,Neutro,3,Não,Pós-Graduação,Perto,Feminino,70,médio
3753,17,67,Alto,Baixo,Não,10,71,Médio,Sim,1,Médio,Médio,Público,Positivo,3,Não,Ensino Médio,Perto,Masculino,63,médio
3754,16,79,Médio,Médio,Não,8,89,Médio,Sim,0,Baixo,Alto,Privado,Neutro,4,Não,Ensino Médio,Perto,Masculino,65,médio
3755,8,86,Alto,Baixo,Sim,8,98,Baixo,Sim,1,Baixo,Médio,Privado,Neutro,1,Não,Faculdade,Perto,Masculino,65,médio
3756,21,61,Alto,Alto,Não,9,81,Médio,Sim,1,Médio,Médio,Privado,Neutro,3,Não,Pós-Graduação,Perto,Masculino,66,médio
3757,32,61,Alto,Médio,Sim,7,69,Alto,Sim,0,Alto,Médio,Público,Positivo,3,Não,Ensino Médio,Moderado,Feminino,68,médio
3758,22,65,Médio,Baixo,Sim,7,88,Baixo,Não,2,Médio,Médio,Público,Positivo,4,Não,Faculdade,Perto,Masculino,64,médio
3759,20,70,Alto,Médio,Não,9,75,Baixo,Sim,3,Médio,Médio,Público,Neutro,4,Não,Faculdade,Moderado,Masculino,66,médio
3760,22,77,Baixo,Médio,Sim,8,68,Médio,Sim,3,Alto,Alto,Público,Positivo,4,Não,Ensino Médio,Moderado,Masculino,68,médio
3761,20,79,Baixo,Médio,Sim,6,59,Médio,Sim,0,Baixo,Médio,Público,Positivo,2,Não,Ensino Médio,Moderado,Masculino,64,médio
3762,15,66,Médio,Médio,Não,6,90,Baixo,Sim,2,Médio,Médio,Público,Negativo,3,Não,Faculdade,Longe,Feminino,62,médio
3763,25,87,Médio,Médio,Sim,6,75,Médio,Não,0,Baixo,Médio,Privado,Neutro,2,Sim,Ensino Médio,Perto,Masculino,67,médio
3764,21,84,Baixo,Alto,Não,9,98,Médio,Sim,1,Baixo,Médio,Público,Negativo,3,Não,Ensino Médio,Moderado,Masculino,67,médio
3765,20,72,Médio,Médio,Não,9,90,Baixo,Sim,1,Médio,Médio,Privado,Neutro,2,Não,Pós-Graduação,Moderado,Masculino,65,médio
3766,14,61,Baixo,Médio,Sim,10,71,Médio,Não,2,Baixo,Médio,Público,Neutro,4,Não,Ensino Médio,Perto,Masculino,59,baixo
3767,28,63,Médio,Alto,Sim,6,87,Baixo,Sim,0,Baixo,Médio,Público,Positivo,2,Não,Ensino Médio,Moderado,Feminino,66,médio
3768,24,76,Alto,Baixo,Não,7,73,Médio,Sim,4,Médio,Médio,Público,Neutro,2,Não,Ensino Médio,Perto,Feminino,68,médio
3769,17,66,Alto,Médio,Não,6,54,Médio,Sim,2,Alto,Baixo,Público,Positivo,3,Sim,Ensino Médio,Perto,Feminino,63,médio
3770,26,75,Médio,Baixo,Sim,7,76,Médio,Sim,2,Médio,Médio,Público,Neutro,3,Não,Faculdade,Perto,Masculino,68,médio
3771,17,85,Alto,Baixo,Sim,8,93,Baixo,Sim,2,Médio,Alto,Público,Positivo,3,Não,Faculdade,Longe,Feminino,68,médio
3772,15,82,Médio,Médio,Sim,7,93,Médio,Sim,3,Baixo,Alto,Público,Negativo,2,Não,Ensino Médio,Moderado,Feminino,66,médio
3773,15,69,Alto,Baixo,Não,9,79,Baixo,Sim,1,Médio,Médio,Privado,Positivo,2,Não,Ensino Médio,Moderado,Feminino,63,médio
3774,9,74,Médio,Baixo,Não,6,69,Baixo,Sim,3,Baixo,Médio,Privado,Positivo,2,Não,Ensino Médio,Moderado,Feminino,61,médio
3775,23,85,Alto,Médio,Sim,8,51,Baixo,Sim,0,Alto,Baixo,Público,Negativo,4,Não,Faculdade,Perto,Feminino,68,médio
3776,9,94,Alto,Baixo,Não,6,66,Baixo,Sim,0,Baixo,Alto,Público,Positivo,3,Não,Faculdade,Perto,Masculino,66,médio
3777,13,90,Médio,Alto,Não,4,99,Alto,Sim,1,Alto,Médio,Público,Neutro,4,Sim,Faculdade,Moderado,Masculino,69,médio
3778,8,82,Médio,Alto,Sim,5,86,Médio,Não,0,Baixo,Médio,Público,Negativo,3,Não,Pós-Graduação,Perto,Feminino,64,médio
3779,19,74,Médio,Médio,Não,7,86,Alto,Sim,1,Alto,Médio,Privado,Positivo,3,Não,Pós-Graduação,Perto,Masculino,68,médio
3780,19,75,Médio,Alto,Não,10,88,Baixo,Sim,0,Baixo,Alto,Público,Positivo,2,Não,Ensino Médio,Perto,Feminino,66,médio
3781,18,95,Médio,Médio,Não,6,81,Médio,Sim,0,Baixo,Médio,Público,Positivo,3,Sim,Ensino Médio,Perto,Feminino,68,médio
3782,14,62,Médio,Alto,Sim,7,79,Baixo,Sim,2,Médio,Médio,Privado,Positivo,2,Não,Ensino Médio,Moderado,Feminino,62,médio
3783,13,100,Médio,Baixo,Sim,8,73,Baixo,Sim,1,Baixo,Médio,Público,Neutro,3,Não,Pós-Graduação,Perto,Masculino,68,médio
3784,23,87,Médio,Alto,Não,6,72,Médio,Sim,1,Baixo,Alto,Privado,Negativo,3,Não,Faculdade,Moderado,Masculino,69,médio
3785,17,87,Alto,Alto,Sim,6,94,Médio,Sim,2,Baixo,Médio,Privado,Neutro,3,Não,Ensino Médio,Moderado,Masculino,70,médio
3786,22,62,Alto,Médio,Sim,7,70,Baixo,Sim,4,Baixo,Médio,Público,Negativo,2,Não,Faculdade,Perto,Feminino,65,médio
3787,15,84,Baixo,Médio,Sim,6,92,Médio,Sim,3,Médio,Médio,Público,Positivo,3,Não,Faculdade,Perto,Feminino,68,médio
3788,21,79,Médio,Alto,Não,4,92,Baixo,Sim,0,Baixo,Médio,Público,Negativo,2,Não,Pós-Graduação,Perto,Feminino,67,médio
3789,28,64,Baixo,Médio,Sim,6,89,Médio,Sim,0,Baixo,Baixo,Público,Neutro,4,Não,Faculdade,Longe,Masculino,64,médio
3790,24,71,Baixo,Médio,Não,8,52,Médio,Não,2,Médio,Médio,Público,Negativo,3,Não,Faculdade,Perto,Feminino,63,médio
3791,18,96,Médio,Baixo,Sim,8,57,Médio,Sim,1,Médio,Médio,Público,Negativo,2,Não,Ensino Médio,Perto,Feminino,67,médio
3792,22,82,Alto,Baixo,Não,9,66,Médio,Sim,1,Baixo,Alto,Privado,Negativo,3,Não,Ensino Médio,Moderado,Masculino,66,médio
3793,19,77,Alto,Baixo,Sim,9,92,Médio,Sim,2,Baixo,Médio,Público,Positivo,4,Não,Ensino Médio,Perto,Feminino,67,médio
3794,20,63,Médio,Médio,Sim,6,94,Médio,Não,2,Médio,Médio,Público,Neutro,3,Não,Ensino Médio,Longe,Feminino,63,médio
3795,18,89,Médio,Médio,Sim,6,52,Médio,Sim,3,Alto,Alto,Público,Positivo,3,Não,Ensino Médio,Moderado,Feminino,69,médio
3796,19,88,Alto,Alto,Não,6,66,Médio,Sim,3,Médio,Médio,Público,Positivo,2,Não,Ensino Médio,Perto,Feminino,70,médio
3797,21,85,Alto,Médio,Sim,7,93,Médio,Sim,0,Alto,Médio,Público,Neutro,4,Não,Ensino Médio,Moderado,Masculino,70,médio
3798,14,80,Alto,Médio,Não,6,62,Médio,Sim,0,Alto,Médio,Privado,Negativo,2,Não,Pós-Graduação,Perto,Masculino,65,médio
3799,14,77,Baixo,Baixo,Não,7,99,Baixo,Sim,2,Médio,Médio,Público,Positivo,2,Não,Pós-Graduação,Moderado,Feminino,64,médio
3800,12,84,Médio,Alto,Sim,6,74,Alto,Sim,1,Médio,Alto,Público,Negativo,3,Não,Faculdade,Moderado,Feminino,67,médio
3801,10,69,Baixo,Médio,Não,8,97,Médio,Sim,1,Médio,Médio,Privado,Negativo,3,Não,Ensino Médio,Perto,Feminino,61,médio
3802,13,98,Médio,Alto,Sim,6,71,Médio,Sim,1,Baixo,Alto,Privado,Positivo,1,Não,Faculdade,Perto,Feminino,70,médio
3803,21,84,Alto,Baixo,Não,6,66,Alto,Sim,2,Alto,Médio,Privado,Positivo,4,Sim,Faculdade,Longe,Masculino,68,médio
3804,15,72,Médio,Médio,Sim,8,68,Alto,Sim,0,Médio,Médio,Público,Positivo,2,Não,Ensino Médio,Perto,Feminino,64,médio
3805,23,78,Alto,Médio,Não,8,94,Médio,Sim,1,Alto,Médio,Privado,Neutro,2,Sim,Ensino Médio,Moderado,Masculino,68,médio
3806,20,92,Médio,Baixo,Não,7,67,Baixo,Sim,1,Médio,Médio,Público,Positivo,5,Não,Ensino Médio,Perto,Masculino,68,médio
3807,8,66,Alto,Alto,Sim,8,83,Médio,Sim,0,Baixo,Médio,Privado,Positivo,4,Não,Faculdade,Perto,Masculino,63,médio
3808,24,72,Baixo,Médio,Sim,8,73,Baixo,Sim,1,Baixo,Médio,Público,Positivo,2,Não,Faculdade,Moderado,Feminino,65,médio
3809,25,87,Baixo,Médio,Sim,10,97,Médio,Sim,4,Baixo,Baixo,Privado,Neutro,3,Sim,Ensino Médio,Perto,Feminino,69,médio
3810,14,73,Médio,Alto,Não,8,58,Médio,Sim,2,Baixo,Alto,Público,Negativo,2,Não,Faculdade,Moderado,Masculino,63,médio
3811,23,92,Baixo,Médio,Sim,10,71,Médio,Sim,1,Baixo,Médio,Público,Neutro,3,Não,Faculdade,Perto,Masculino,69,médio
3812,15,65,Alto,Baixo,Sim,7,56,Médio,Não,3,Alto,Médio,Privado,Positivo,3,Sim,Ensino Médio,Perto,Feminino,61,médio
3813,21,91,Baixo,Alto,Sim,9,79,Médio,Sim,2,Baixo,Médio,Privado,Neutro,3,Não,Faculdade,Longe,Feminino,69,médio
3814,12,63,Alto,Médio,Não,9,70,Baixo,Sim,1,Alto,Baixo,Público,Positivo,3,Não,Faculdade,Perto,Feminino,62,médio
3815,9,61,Baixo,Alto,Sim,7,53,Médio,Sim,0,Médio,Médio,Público,Positivo,2,Sim,Pós-Graduação,Longe,Masculino,58,baixo
3816,18,96,Médio,Alto,Sim,6,92,Médio,Sim,2,Médio,Médio,Público,Positivo,3,Não,Ensino Médio,Longe,Masculino,71,médio
3817,19,83,Alto,Baixo,Não,6,69,Médio,Sim,5,Médio,Médio,Privado,Positivo,2,Não,Pós-Graduação,Longe,Masculino,69,médio
3818,18,74,Alto,Médio,Não,8,75,Alto,Sim,1,Alto,Alto,Público,Positivo,3,Não,Pós-Graduação,Moderado,Masculino,68,médio
3819,13,69,Médio,Baixo,Não,5,70,Médio,Sim,0,Médio,Alto,Privado,Negativo,2,Não,Faculdade,Perto,Masculino,61,médio
3820,18,85,Alto,Médio,Sim,6,74,Médio,Sim,3,Baixo,Médio,Privado,Negativo,2,Não,Faculdade,Longe,Masculino,67,médio
3821,22,80,Médio,Alto,Sim,9,51,Médio,Sim,2,Médio,Médio,Público,Negativo,3,Não,Pós-Graduação,Perto,Masculino,68,médio
3822,20,100,Médio,Médio,Sim,8,91,Médio,Sim,3,Baixo,Médio,Público,Positivo,3,Não,Ensino Médio,Perto,Masculino,72,médio
3823,21,99,Alto,Baixo,Sim,4,67,Médio,Sim,1,Médio,Médio,Privado,Negativo,4,Não,Faculdade,Perto,Feminino,71,médio
3824,16,85,Médio,Médio,Sim,5,86,Baixo,Não,3,Médio,Médio,Público,Positivo,2,Não,Ensino Médio,Perto,Masculino,67,médio
3825,27,78,Médio,Médio,Não,10,53,Médio,Sim,3,Médio,Médio,Privado,Neutro,4,Sim,Pós-Graduação,Moderado,Masculino,68,médio
3826,13,80,Médio,Médio,Não,9,76,Médio,Sim,0,Alto,Médio,Público,Neutro,2,Não,Ensino Médio,Perto,Feminino,64,médio
3827,23,87,Médio,Alto,Não,6,95,Alto,Sim,3,Alto,Médio,Privado,Positivo,0,Não,Ensino Médio,Perto,Feminino,73,médio
3828,27,64,Baixo,Médio,Sim,5,70,Médio,Sim,0,Baixo,Alto,Público,Positivo,4,Não,Ensino Médio,Perto,Feminino,65,médio
3829,23,73,Baixo,Alto,Não,5,60,Alto,Sim,1,Médio,Médio,Privado,Positivo,2,Não,Pós-Graduação,Perto,Feminino,67,médio
3830,19,63,Alto,Médio,Sim,8,55,Baixo,Sim,0,Médio,Médio,Privado,Positivo,4,Não,Faculdade,Moderado,Feminino,63,médio
3831,17,63,Médio,Médio,Sim,10,93,Médio,Sim,0,Baixo,Médio,Público,Positivo,2,Sim,Pós-Graduação,Perto,Feminino,63,médio
3832,26,68,Médio,Médio,Sim,10,62,Alto,Sim,4,Médio,Médio,Público,Neutro,2,Não,Pós-Graduação,Perto,Feminino,69,médio
3833,11,79,Alto,Alto,Sim,5,99,Médio,Sim,1,Alto,Baixo,Público,Positivo,3,Não,Ensino Médio,Perto,Feminino,68,médio
3834,14,91,Médio,Médio,Sim,7,62,Médio,Sim,2,Baixo,Alto,Público,Neutro,2,Não,Faculdade,Perto,Masculino,68,médio
3835,18,79,Alto,Alto,Sim,6,74,Médio,Sim,3,Baixo,Médio,Público,Positivo,4,Não,Ensino Médio,Perto,Masculino,69,médio
3836,27,73,Alto,Alto,Sim,7,73,Alto,Sim,5,Alto,Alto,Público,Negativo,3,Não,Ensino Médio,Perto,Feminino,73,médio
3837,22,63,Alto,Alto,Sim,5,53,Alto,Sim,3,Baixo,Alto,Público,Negativo,2,Não,Ensino Médio,Perto,Masculino,66,médio
3838,14,82,Médio,Médio,Sim,6,77,Médio,Sim,3,Médio,Médio,Público,Positivo,3,Não,Faculdade,Perto,Feminino,68,médio
3839,18,71,Médio,Médio,Não,6,84,Médio,Sim,2,Médio,Baixo,Público,Neutro,2,Não,Pós-Graduação,Perto,Masculino,65,médio
3840,16,85,Médio,Médio,Não,8,87,Alto,Sim,4,Baixo,Médio,Privado,Negativo,3,Não,Ensino Médio,Longe,Masculino,67,médio
3841,16,99,Médio,Médio,Não,6,76,Baixo,Sim,2,Médio,Médio,Privado,Positivo,4,Não,Faculdade,Perto,Feminino,70,médio
3842,26,64,Médio,Alto,Não,6,91,Médio,Sim,1,Baixo,Médio,Privado,Neutro,4,Não,Ensino Médio,Moderado,Masculino,66,médio
3843,12,68,Médio,Alto,Não,8,88,Alto,Sim,3,Baixo,Médio,Público,Negativo,3,Não,Pós-Graduação,Moderado,Feminino,64,médio
3844,30,79,Médio,Alto,Não,9,60,Médio,Sim,1,Baixo,Médio,Público,Neutro,3,Não,Ensino Médio,Perto,Feminino,69,médio
3845,25,99,Baixo,Médio,Não,10,70,Médio,Sim,1,Médio,Médio,Público,Positivo,5,Não,Faculdade,Longe,Feminino,71,médio
3846,27,91,Médio,Baixo,Não,8,57,Médio,Sim,0,Baixo,Baixo,Privado,Neutro,4,Não,Pós-Graduação,Moderado,Masculino,68,médio
3847,17,96,Alto,Médio,Não,7,57,Baixo,Sim,2,Médio,Médio,Privado,Negativo,3,Não,Faculdade,Moderado,Feminino,68,médio
3848,19,73,Baixo,Médio,Sim,9,86,Alto,Sim,0,Médio,Alto,Público,Positivo,3,Não,Faculdade,Perto,Feminino,66,médio
3849,11,100,Baixo,Alto,Não,9,77,Médio,Sim,2,Médio,Alto,Público,Positivo,3,Não,Pós-Graduação,Perto,Feminino,70,médio
3850,17,64,Médio,Alto,Não,8,80,Médio,Sim,0,Alto,Alto,Público,Positivo,2,Não,Pós-Graduação,Perto,Feminino,65,médio
3851,23,62,Médio,Baixo,Sim,5,87,Médio,Sim,1,Médio,Médio,Público,Negativo,4,Não,Ensino Médio,Perto,Feminino,63,médio
3852,28,94,Baixo,Médio,Sim,9,64,Médio,Sim,0,Médio,Médio,Público,Neutro,3,Não,Ensino Médio,Moderado,Feminino,70,médio
3853,13,97,Baixo,Médio,Sim,8,70,Médio,Sim,0,Alto,Médio,Privado,Neutro,2,Não,Pós-Graduação,Moderado,Feminino,67,médio
3854,18,64,Médio,Médio,Não,6,80,Médio,Sim,1,Médio,Médio,Público,Positivo,5,Sim,Ensino Médio,Perto,Masculino,63,médio
3855,19,65,Alto,Médio,Não,6,55,Médio,Sim,1,Baixo,Alto,Público,Positivo,3,Não,Pós-Graduação,Moderado,Masculino,64,médio
3856,12,61,Baixo,Médio,Sim,8,92,Médio,Sim,2,Alto,Médio,Público,Neutro,4,Sim,Ensino Médio,Moderado,Masculino,60,baixo
3857,24,64,Médio,Médio,Sim,4,67,Baixo,Sim,0,Baixo,Médio,Público,Neutro,1,Não,Ensino Médio,Perto,Masculino,62,médio
3858,16,68,Médio,Alto,Não,7,83,Alto,Sim,2,Baixo,Alto,Público,Positivo,2,Não,Ensino Médio,Perto,Feminino,65,médio
3859,19,99,Baixo,Baixo,Não,6,100,Médio,Sim,0,Alto,Baixo,Privado,Negativo,3,Não,Pós-Graduação,Perto,Masculino,69,médio
3860,17,87,Médio,Alto,Sim,6,74,Baixo,Sim,1,Baixo,Alto,Privado,Neutro,3,Não,Faculdade,Moderado,Feminino,68,médio
3861,15,91,Médio,Médio,Não,6,61,Médio,Não,1,Médio,Alto,Público,Positivo,2,Não,Ensino Médio,Moderado,Masculino,66,médio
3862,20,91,Alto,Alto,Sim,5,61,Baixo,Sim,4,Baixo,Médio,Público,Positivo,2,Não,Pós-Graduação,Perto,Masculino,72,médio
3863,19,81,Médio,Alto,Sim,9,53,Médio,Sim,2,Alto,Médio,Público,Positivo,3,Não,Ensino Médio,Perto,Masculino,68,médio
3864,18,92,Médio,Médio,Não,4,88,Médio,Sim,3,Alto,Médio,Público,Neutro,2,Não,Ensino Médio,Moderado,Masculino,69,médio
3865,16,84,Médio,Médio,Não,7,65,Baixo,Sim,1,Alto,Alto,Público,Negativo,3,Não,Ensino Médio,Moderado,Masculino,65,médio
3866,22,73,Alto,Médio,Sim,6,59,Baixo,Sim,0,Baixo,Médio,Público,Positivo,1,Não,Ensino Médio,Perto,Masculino,65,médio
3867,30,82,Baixo,Médio,Sim,10,86,Baixo,Sim,2,Baixo,Alto,Público,Neutro,4,Não,Ensino Médio,Perto,Feminino,70,médio
3868,21,81,Médio,Baixo,Sim,7,65,Alto,Sim,1,Médio,Médio,Público,Positivo,2,Não,Faculdade,Moderado,Masculino,67,médio
3869,26,93,Alto,Médio,Não,4,80,Médio,Sim,4,Baixo,Médio,Privado,Positivo,3,Sim,Faculdade,Perto,Masculino,73,médio
3870,12,99,Alto,Alto,Não,8,71,Médio,Sim,2,Médio,Baixo,Público,Neutro,2,Não,Faculdade,Perto,Feminino,70,médio
3871,21,76,Médio,Médio,Sim,5,67,Médio,Sim,1,Alto,Baixo,Privado,Positivo,3,Não,Ensino Médio,Moderado,Masculino,66,médio
3872,13,91,Médio,Médio,Sim,8,74,Médio,Sim,1,Baixo,Médio,Privado,Positivo,1,Não,Pós-Graduação,Perto,Masculino,68,médio
3873,11,64,Médio,Médio,Sim,8,66,Médio,Sim,2,Baixo,Médio,Público,Positivo,2,Não,Faculdade,Moderado,Masculino,61,médio
3874,16,91,Médio,Alto,Não,9,94,Baixo,Sim,0,Alto,Médio,Público,Positivo,3,Não,Pós-Graduação,Perto,Masculino,70,médio
3875,27,75,Médio,Baixo,Sim,7,54,Baixo,Sim,2,Médio,Médio,Público,Negativo,3,Não,Pós-Graduação,Perto,Feminino,66,médio
3876,26,62,Alto,Médio,Sim,8,52,Médio,Sim,4,Baixo,Médio,Público,Neutro,5,Não,Faculdade,Perto,Masculino,67,médio
3877,21,75,Alto,Alto,Não,7,70,Alto,Sim,1,Médio,Alto,Privado,Neutro,3,Não,Pós-Graduação,Perto,Feminino,69,médio
3878,11,84,Médio,Baixo,Sim,6,59,Baixo,Sim,2,Médio,Médio,Público,Positivo,3,Não,Ensino Médio,Perto,Feminino,64,médio
3879,19,65,Alto,Médio,Sim,9,87,Baixo,Sim,0,Alto,Alto,Público,Positivo,2,Não,Faculdade,Moderado,Masculino,65,médio
3880,22,97,Alto,Médio,Sim,5,68,Baixo,Sim,7,Médio,Alto,Privado,Negativo,5,Não,Faculdade,Perto,Feminino,75,médio
3881,21,63,Alto,Médio,Não,7,63,Médio,Sim,2,Médio,Médio,Público,Neutro,2,Não,Ensino Médio,Longe,Masculino,63,médio
3882,9,97,Alto,Médio,Não,6,68,Baixo,Sim,5,Médio,Médio,Privado,Neutro,3,Não,Faculdade,Perto,Masculino,69,médio
3883,15,88,Médio,Alto,Sim,8,61,Baixo,Sim,2,Médio,Alto,Público,Positivo,4,Sim,Ensino Médio,Perto,Masculino,68,médio
3884,20,73,Médio,Baixo,Sim,6,65,Médio,Sim,2,Alto,Alto,Privado,Positivo,2,Não,Faculdade,Perto,Masculino,66,médio
3885,23,76,Baixo,Médio,Sim,6,78,Baixo,Sim,2,Alto,Médio,Público,Positivo,2,Não,Ensino Médio,Moderado,Feminino,66,médio
3886,7,90,Baixo,Médio,Sim,7,93,Baixo,Sim,4,Médio,Médio,Público,Neutro,3,Não,Faculdade,Perto,Masculino,66,médio
3887,19,84,Médio,Médio,Sim,9,69,Médio,Sim,2,Médio,Baixo,Público,Neutro,4,Não,Faculdade,Perto,Feminino,68,médio
3888,21,87,Baixo,Médio,Sim,6,66,Médio,Sim,1,Baixo,Baixo,Público,Negativo,2,Não,Ensino Médio,Moderado,Feminino,65,médio
3889,25,76,Médio,Alto,Não,6,89,Alto,Sim,3,Baixo,Médio,Público,Neutro,3,Não,Faculdade,Perto,Masculino,70,médio
3890,24,80,Médio,Alto,Não,5,51,Médio,Sim,3,Alto,Baixo,Público,Positivo,2,Não,Ensino Médio,Perto,Feminino,68,médio
3891,23,100,Médio,Médio,Não,6,65,Baixo,Sim,1,Médio,Alto,Público,Neutro,2,Sim,Ensino Médio,Perto,Feminino,70,médio
3892,15,69,Baixo,Médio,Não,8,73,Médio,Sim,2,Médio,Médio,Público,Neutro,2,Não,Ensino Médio,Moderado,Masculino,61,médio
3893,9,77,Baixo,Baixo,Não,7,80,Médio,Sim,3,Médio,Médio,Público,Positivo,3,Sim,Ensino Médio,Perto,Masculino,61,médio
3894,18,72,Baixo,Alto,Não,7,58,Baixo,Sim,6,Baixo,Médio,Público,Positivo,0,Não,Ensino Médio,Moderado,Masculino,64,médio
3895,26,91,Baixo,Médio,Não,10,72,Baixo,Sim,4,Alto,Médio,Público,Neutro,3,Não,Faculdade,Moderado,Masculino,71,médio
3896,28,91,Alto,Médio,Sim,4,78,Baixo,Sim,1,Médio,Baixo,Público,Positivo,3,Não,Ensino Médio,Moderado,Masculino,72,médio
3897,24,72,Médio,Alto,Sim,10,76,Alto,Não,1,Baixo,Médio,Público,Negativo,3,Não,Ensino Médio,Perto,Masculino,66,médio
3898,23,63,Médio,Médio,Sim,9,79,Alto,Sim,0,Baixo,Médio,Privado,Negativo,4,Não,Ensino Médio,Longe,Feminino,63,médio
3899,22,60,Baixo,Baixo,Não,7,83,Médio,Não,3,Médio,Médio,Público,Positivo,1,Não,Faculdade,Perto,Feminino,62,médio
3900,17,77,Médio,Médio,Sim,8,69,Baixo,Sim,3,Alto,Médio,Público,Neutro,3,Sim,Ensino Médio,Perto,Masculino,65,médio
3901,19,76,Médio,Médio,Sim,6,53,Médio,Sim,2,Médio,Médio,Público,Positivo,5,Não,Ensino Médio,Perto,Masculino,66,médio
3902,30,100,Baixo,Alto,Não,7,53,Médio,Sim,2,Baixo,Alto,Privado,Neutro,3,Não,Ensino Médio,Moderado,Masculino,72,médio
3903,14,79,Alto,Médio,Sim,10,93,Médio,Sim,2,Médio,Médio,Público,Neutro,3,Não,Faculdade,Perto,Masculino,68,médio
3904,30,70,Alto,Baixo,Não,6,84,Alto,Sim,2,Médio,Médio,Público,Positivo,3,Não,Pós-Graduação,Perto,Masculino,70,médio
3905,18,96,Médio,Médio,Sim,7,88,Médio,Sim,1,Médio,Alto,Privado,Negativo,3,Não,Ensino Médio,Moderado,Feminino,70,médio
3906,28,80,Médio,Alto,Não,6,96,Alto,Sim,2,Baixo,Médio,Público,Positivo,6,Não,Ensino Médio,Perto,Masculino,73,médio
3907,12,84,Médio,Alto,Não,6,88,Alto,Não,2,Alto,Alto,Público,Positivo,2,Não,Ensino Médio,Perto,Masculino,67,médio
3908,24,64,Médio,Baixo,Não,6,85,Médio,Sim,3,Médio,Médio,Público,Positivo,2,Não,Pós-Graduação,Moderado,Masculino,65,médio
3909,16,75,Alto,Baixo,Sim,5,83,Médio,Sim,1,Médio,Alto,Privado,Negativo,3,Não,Faculdade,Moderado,Feminino,65,médio
3910,12,98,Baixo,Médio,Não,7,63,Médio,Sim,0,Alto,Médio,Privado,Neutro,3,Sim,Ensino Médio,Perto,Feminino,65,médio
3911,21,84,Médio,Médio,Sim,7,98,Médio,Sim,0,Médio,Médio,Público,Neutro,4,Não,Faculdade,Perto,Masculino,70,médio
3912,26,74,Médio,Baixo,Sim,6,77,Médio,Sim,3,Médio,Médio,Privado,Negativo,2,Não,Ensino Médio,Longe,Masculino,66,médio
3913,15,85,Médio,Médio,Sim,4,61,Médio,Sim,0,Médio,Baixo,Público,Neutro,1,Não,Faculdade,Perto,Masculino,65,médio
3914,11,96,Alto,Alto,Não,7,60,Médio,Sim,2,Baixo,Médio,Público,Neutro,1,Não,Ensino Médio,Perto,Masculino,68,médio
3915,19,71,Médio,Médio,Sim,7,91,Médio,Sim,3,Alto,Médio,Público,Negativo,1,Não,Ensino Médio,Moderado,Feminino,66,médio
3916,19,80,Baixo,Médio,Sim,10,63,Alto,Não,1,Médio,Médio,Público,Neutro,2,Não,Faculdade,Perto,Feminino,65,médio
3917,23,98,Médio,Alto,Sim,7,52,Baixo,Sim,2,Baixo,Alto,Privado,Positivo,4,Sim,Ensino Médio,Perto,Feminino,71,médio
3918,26,67,Baixo,Médio,Sim,8,71,Médio,Sim,2,Alto,Médio,Privado,Negativo,3,Não,Ensino Médio,Perto,Masculino,65,médio
3919,20,89,Baixo,Médio,Sim,6,91,Alto,Sim,0,Médio,Médio,Privado,Positivo,4,Não,Faculdade,Perto,Masculino,70,médio
3920,31,85,Médio,Médio,Sim,9,71,Baixo,Sim,0,Médio,Alto,Público,Negativo,2,Sim,Faculdade,Moderado,Feminino,69,médio
3921,21,87,Médio,Médio,Não,6,90,Alto,Sim,3,Alto,Médio,Público,Negativo,4,Não,Ensino Médio,Perto,Masculino,71,médio
3922,18,74,Médio,Alto,Sim,8,91,Médio,Sim,0,Médio,Alto,Privado,Positivo,2,Não,Ensino Médio,Perto,Feminino,67,médio
3923,10,73,Médio,Médio,Sim,8,93,Alto,Sim,3,Baixo,Médio,Público,Positivo,2,Sim,Ensino Médio,Moderado,Masculino,64,médio
3924,18,87,Baixo,Baixo,Não,8,79,Alto,Sim,1,Baixo,Alto,Público,Negativo,4,Não,Faculdade,Perto,Masculino,82,alto
3925,18,69,Médio,Alto,Sim,10,85,Médio,Sim,2,Alto,Médio,Privado,Positivo,0,Não,Faculdade,Moderado,Feminino,66,médio
3926,26,77,Baixo,Médio,Sim,6,63,Baixo,Sim,1,Baixo,Alto,Público,Negativo,4,Não,Ensino Médio,Perto,Masculino,66,médio
3927,23,68,Alto,Médio,Sim,9,55,Médio,Sim,1,Médio,Médio,Público,Positivo,3,Não,Ensino Médio,Moderado,Masculino,65,médio
3928,13,60,Médio,Médio,Não,9,77,Baixo,Sim,2,Médio,Alto,Privado,Positivo,5,Sim,Ensino Médio,Perto,Masculino,61,médio
3929,21,99,Médio,Alto,Não,7,51,Alto,Sim,2,Médio,Baixo,Privado,Neutro,2,Não,Pós-Graduação,Perto,Feminino,72,médio
3930,24,77,Alto,Médio,Sim,10,73,Médio,Sim,3,Médio,Médio,Público,Positivo,3,Não,Ensino Médio,Perto,Masculino,70,médio
3931,29,99,Médio,Médio,Sim,7,55,Baixo,Sim,0,Médio,Médio,Privado,Positivo,3,Não,Ensino Médio,Moderado,Masculino,71,médio
3932,25,66,Alto,Médio,Sim,7,55,Médio,Sim,4,Médio,Médio,Público,Neutro,2,Sim,Ensino Médio,Moderado,Feminino,84,alto
3933,25,83,Alto,Alto,Sim,7,94,Baixo,Sim,2,Baixo,Alto,Público,Positivo,3,Sim,Faculdade,Moderado,Masculino,72,médio
3934,20,68,Médio,Alto,Sim,5,82,Médio,Não,1,Baixo,Alto,Público,Positivo,3,Não,Pós-Graduação,Perto,Feminino,67,médio
3935,22,92,Alto,Baixo,Não,8,82,Médio,Sim,2,Médio,Médio,Privado,Neutro,5,Não,Pós-Graduação,Perto,Masculino,72,médio
3936,27,91,Baixo,Alto,Sim,8,70,Baixo,Sim,1,Médio,Baixo,Público,Neutro,6,Não,Ensino Médio,Moderado,Feminino,70,médio
3937,12,65,Médio,Alto,Não,7,71,Médio,Sim,1,Baixo,Alto,Público,Neutro,4,Não,Ensino Médio,Moderado,Masculino,62,médio
3938,18,96,Alto,Médio,Sim,10,65,Baixo,Sim,3,Médio,Médio,Público,Positivo,2,Não,Faculdade,Moderado,Feminino,71,médio
3939,15,68,Baixo,Médio,Não,6,72,Baixo,Sim,3,Alto,Baixo,Público,Neutro,3,Não,Ensino Médio,Perto,Feminino,62,médio
3940,22,85,Médio,Médio,Sim,4,79,Baixo,Sim,1,Baixo,Baixo,Público,Positivo,3,Não,Ensino Médio,Perto,Feminino,68,médio
3941,27,99,Alto,Médio,Não,10,59,Alto,Sim,2,Baixo,Médio,Público,Positivo,3,Não,Ensino Médio,Perto,Masculino,74,médio
3942,16,95,Alto,Alto,Não,9,63,Médio,Não,0,Médio,Baixo,Privado,Positivo,3,Não,Ensino Médio,Perto,Masculino,68,médio
3943,6,98,Médio,Baixo,Não,8,75,Médio,Sim,1,Alto,Médio,Público,Neutro,3,Sim,Pós-Graduação,Longe,Feminino,64,médio
3944,18,74,Alto,Médio,Sim,6,69,Médio,Sim,0,Baixo,Médio,Público,Positivo,4,Não,Ensino Médio,Moderado,Masculino,65,médio
3945,25,64,Médio,Baixo,Sim,8,91,Médio,Sim,1,Baixo,Baixo,Público,Positivo,5,Não,Faculdade,Perto,Masculino,66,médio
3946,23,68,Médio,Alto,Não,5,91,Baixo,Sim,5,Baixo,Médio,Público,Neutro,1,Não,Faculdade,Perto,Feminino,68,médio
3947,23,80,Médio,Médio,Não,7,67,Baixo,Sim,2,Baixo,Alto,Público,Neutro,4,Não,Ensino Médio,Perto,Masculino,67,médio
3948,18,92,Médio,Médio,Sim,6,73,Baixo,Sim,1,Médio,Alto,Público,Neutro,5,Sim,Ensino Médio,Moderado,Feminino,67,médio
3949,12,66,Médio,Alto,Sim,7,99,Baixo,Sim,2,Médio,Baixo,Público,Neutro,3,Não,Ensino Médio,Moderado,Masculino,63,médio
3950,23,86,Médio,Alto,Sim,8,91,Médio,Sim,2,Baixo,Médio,Público,Negativo,1,Não,Faculdade,Perto,Feminino,71,médio
3951,15,73,Médio,Alto,Não,5,61,Baixo,Não,1,Baixo,Alto,Privado,Positivo,2,Não,Pós-Graduação,Moderado,Masculino,63,médio
3952,33,74,Médio,Baixo,Não,8,64,Médio,Sim,0,Médio,Médio,Público,Negativo,3,Sim,Ensino Médio,Perto,Masculino,66,médio
3953,23,86,Alto,Médio,Não,7,54,Baixo,Sim,2,Médio,Médio,Público,Negativo,2,Sim,Ensino Médio,Perto,Feminino,67,médio
3954,17,79,Médio,Alto,Sim,8,84,Médio,Sim,0,Médio,Médio,Público,Neutro,2,Não,Ensino Médio,Moderado,Masculino,66,médio
3955,16,92,Médio,Médio,Sim,7,66,Alto,Sim,2,Médio,Médio,Público,Positivo,4,Não,Pós-Graduação,Moderado,Feminino,70,médio
3956,19,66,Alto,Médio,Não,8,77,Baixo,Não,3,Médio,Médio,Público,Negativo,4,Não,Faculdade,Moderado,Feminino,64,médio
3957,19,92,Médio,Médio,Sim,6,88,Baixo,Sim,1,Alto,Médio,Público,Positivo,2,Não,Pós-Graduação,Perto,Masculino,71,médio
3958,27,63,Alto,Alto,Sim,4,92,Médio,Sim,0,Baixo,Médio,Público,Neutro,3,Não,Faculdade,Perto,Feminino,68,médio
3959,21,68,Baixo,Médio,Sim,5,66,Baixo,Sim,2,Alto,Médio,Privado,Neutro,3,Não,Ensino Médio,Perto,Masculino,64,médio
3960,16,86,Médio,Médio,Sim,6,62,Baixo,Sim,1,Baixo,Alto,Público,Positivo,4,Não,Ensino Médio,Perto,Feminino,66,médio
3961,31,94,Baixo,Médio,Não,5,92,Baixo,Sim,1,Alto,Baixo,Privado,Neutro,4,Não,Ensino Médio,Perto,Masculino,72,médio
3962,20,70,Baixo,Médio,Sim,9,69,Alto,Sim,2,Médio,Alto,Público,Neutro,3,Não,Pós-Graduação,Perto,Feminino,66,médio
3963,25,73,Médio,Alto,Sim,7,91,Médio,Sim,0,Médio,Alto,Público,Neutro,4,Não,Ensino Médio,Perto,Feminino,70,médio
3964,16,81,Médio,Médio,Sim,8,57,Alto,Sim,1,Médio,Médio,Privado,Positivo,2,Não,Ensino Médio,Perto,Masculino,66,médio
3965,22,68,Alto,Médio,Não,8,96,Médio,Sim,1,Médio,Médio,Público,Positivo,3,Não,Pós-Graduação,Moderado,Feminino,68,médio
3966,22,92,Médio,Baixo,Sim,7,74,Alto,Sim,2,Médio,Baixo,Público,Positivo,4,Não,Faculdade,Moderado,Masculino,70,médio
3967,9,91,Médio,Médio,Não,10,59,Alto,Sim,0,Baixo,Médio,Privado,Positivo,2,Não,Faculdade,Moderado,Masculino,64,médio
3968,32,66,Alto,Alto,Sim,10,77,Alto,Sim,3,Médio,Médio,Público,Neutro,1,Não,Faculdade,Perto,Masculino,71,médio
3969,28,79,Médio,Alto,Sim,9,94,Baixo,Sim,2,Baixo,Médio,Privado,Positivo,5,Não,Faculdade,Perto,Masculino,72,médio
3970,18,91,Alto,Médio,Sim,6,69,Médio,Sim,5,Baixo,Alto,Público,Positivo,2,Não,Ensino Médio,Perto,Masculino,71,médio
3971,13,73,Médio,Baixo,Não,9,59,Médio,Sim,0,Médio,Alto,Público,Neutro,4,Não,Pós-Graduação,Perto,Masculino,63,médio
3972,22,85,Baixo,Médio,Sim,4,79,Médio,Sim,1,Alto,Baixo,Público,Positivo,2,Não,Faculdade,Perto,Masculino,68,médio
3973,21,62,Médio,Médio,Não,9,92,Médio,Sim,1,Médio,Médio,Privado,Positivo,4,Sim,Ensino Médio,Perto,Masculino,63,médio
3974,22,84,Médio,Médio,Não,4,56,Médio,Sim,0,Alto,Baixo,Privado,Positivo,2,Não,Ensino Médio,Moderado,Masculino,66,médio
3975,21,66,Médio,Médio,Sim,7,52,Alto,Sim,1,Médio,Médio,Público,Neutro,3,Não,Ensino Médio,Longe,Feminino,63,médio
3976,23,93,Alto,Alto,Não,9,53,Alto,Sim,1,Baixo,Médio,Privado,Neutro,4,Não,Faculdade,Perto,Feminino,72,médio
3977,29,74,Médio,Alto,Sim,8,62,Alto,Sim,3,Baixo,Alto,Público,Positivo,3,Sim,Pós-Graduação,Moderado,Masculino,70,médio
3978,23,71,Médio,Médio,Sim,5,50,Médio,Sim,1,Baixo,Alto,Público,Positivo,1,Não,Faculdade,Perto,Feminino,65,médio
3979,14,94,Médio,Alto,Sim,7,71,Médio,Sim,0,Médio,Médio,Privado,Negativo,3,Sim,Faculdade,Moderado,Feminino,67,médio
3980,28,62,Baixo,Alto,Não,8,85,Médio,Sim,2,Baixo,Alto,Público,Positivo,3,Não,Ensino Médio,Moderado,Feminino,66,médio
3981,30,76,Médio,Médio,Sim,7,86,Médio,Sim,1,Médio,Alto,Público,Neutro,2,Sim,Pós-Graduação,Longe,Masculino,69,médio
3982,39,75,Médio,Alto,Sim,6,82,Alto,Sim,1,Alto,Baixo,Público,Negativo,3,Não,Faculdade,Perto,Masculino,73,médio
3983,13,71,Médio,Alto,Sim,8,65,Alto,Sim,2,Médio,Médio,Público,Neutro,4,Não,Pós-Graduação,Perto,Feminino,66,médio
3984,21,96,Médio,Médio,Sim,9,87,Médio,Sim,0,Médio,Médio,Público,Neutro,6,Sim,Ensino Médio,Perto,Feminino,70,médio
3985,8,90,Alto,Alto,Não,7,79,Alto,Sim,2,Baixo,Médio,Público,Negativo,4,Não,Faculdade,Perto,Masculino,68,médio
3986,23,63,Baixo,Médio,Sim,9,93,Médio,Sim,2,Médio,Alto,Privado,Positivo,2,Não,Ensino Médio,Longe,Masculino,65,médio
3987,17,89,Médio,Médio,Não,7,74,Médio,Sim,1,Baixo,Médio,Privado,Positivo,2,Não,Pós-Graduação,Moderado,Feminino,67,médio
3988,32,81,Alto,Médio,Não,6,59,Alto,Sim,2,Alto,Médio,Público,Neutro,2,Não,Ensino Médio,Moderado,Feminino,71,médio
3989,15,96,Alto,Alto,Não,9,82,Médio,Sim,2,Baixo,Baixo,Privado,Neutro,3,Não,Ensino Médio,Perto,Feminino,70,médio
3990,10,73,Médio,Baixo,Sim,9,58,Baixo,Sim,5,Baixo,Médio,Privado,Negativo,3,Não,Ensino Médio,Moderado,Masculino,61,médio
3991,17,83,Alto,Médio,Sim,6,98,Médio,Sim,0,Médio,Médio,Público,Positivo,3,Não,Ensino Médio,Perto,Masculino,69,médio
3992,8,80,Baixo,Médio,Sim,6,85,Médio,Sim,1,Baixo,Alto,Público,Negativo,3,Não,Pós-Graduação,Perto,Masculino,63,médio
3993,25,80,Médio,Médio,Sim,10,88,Baixo,Sim,0,Baixo,Alto,Privado,Negativo,2,Não,Faculdade,Moderado,Masculino,67,médio
3994,8,78,Alto,Médio,Sim,7,84,Médio,Sim,0,Médio,Médio,Público,Positivo,2,Não,Faculdade,Perto,Masculino,65,médio
3995,20,68,Alto,Médio,Sim,7,55,Alto,Sim,0,Baixo,Baixo,Público,Positivo,3,Sim,Ensino Médio,Perto,Feminino,63,médio
3996,8,90,Médio,Médio,Não,7,73,Alto,Sim,3,Alto,Baixo,Privado,Negativo,4,Não,Pós-Graduação,Perto,Masculino,67,médio
3997,18,78,Baixo,Alto,Sim,9,83,Médio,Sim,2,Baixo,Médio,Privado,Negativo,2,Não,Pós-Graduação,Moderado,Feminino,66,médio
3998,30,98,Baixo,Médio,Sim,10,61,Médio,Sim,0,Baixo,Médio,Público,Positivo,3,Não,Pós-Graduação,Moderado,Masculino,72,médio
3999,22,70,Médio,Alto,Não,7,84,Baixo,Sim,3,Baixo,Alto,Público,Positivo,5,Não,Ensino Médio,Perto,Masculino,68,médio
4000,15,87,Alto,Médio,Sim,10,91,Médio,Sim,1,Baixo,Baixo,Público,Neutro,4,Não,Ensino Médio,Moderado,Masculino,67,médio
4001,20,98,Médio,Médio,Sim,6,64,Médio,Sim,1,Alto,Alto,Privado,Positivo,3,Não,Pós-Graduação,Moderado,Masculino,72,médio
4002,20,87,Médio,Alto,Sim,7,60,Médio,Sim,0,Baixo,Médio,Público,Positivo,2,Sim,Ensino Médio,Longe,Feminino,66,médio
4003,23,95,Médio,Médio,Sim,8,94,Médio,Sim,1,Médio,Médio,Público,Positivo,4,Não,Ensino Médio,Perto,Masculino,73,médio
4004,12,93,Alto,Alto,Sim,6,50,Baixo,Sim,4,Alto,Alto,Público,Positivo,3,Não,Pós-Graduação,Moderado,Masculino,71,médio
4005,24,74,Baixo,Baixo,Sim,8,63,Alto,Sim,1,Baixo,Alto,Público,Positivo,3,Não,Ensino Médio,Moderado,Masculino,65,médio
4006,4,84,Médio,Médio,Sim,6,70,Médio,Sim,5,Médio,Alto,Privado,Neutro,4,Não,Ensino Médio,Perto,Masculino,65,médio
4007,16,66,Alto,Médio,Sim,5,84,Médio,Sim,2,Médio,Médio,Privado,Neutro,3,Não,Ensino Médio,Perto,Feminino,65,médio
4008,17,81,Médio,Médio,Sim,4,100,Baixo,Sim,2,Médio,Alto,Privado,Neutro,2,Não,Faculdade,Perto,Masculino,68,médio
4009,24,69,Alto,Médio,Não,7,69,Médio,Não,7,Alto,Médio,Público,Positivo,3,Não,Faculdade,Perto,Feminino,70,médio
4010,20,90,Médio,Baixo,Sim,8,97,Baixo,Sim,1,Médio,Baixo,Privado,Neutro,2,Não,Ensino Médio,Perto,Feminino,68,médio
4011,12,81,Baixo,Médio,Sim,5,68,Alto,Sim,0,Baixo,Alto,Privado,Negativo,2,Não,Ensino Médio,Perto,Masculino,62,médio
4012,14,76,Médio,Médio,Não,7,85,Alto,Sim,3,Baixo,Médio,Privado,Neutro,3,Não,Faculdade,Perto,Masculino,66,médio
4013,21,71,Médio,Médio,Não,7,58,Baixo,Sim,3,Baixo,Médio,Público,Negativo,5,Não,Faculdade,Perto,Feminino,65,médio
4014,20,100,Médio,Médio,Sim,7,73,Médio,Sim,1,Baixo,Médio,Público,Neutro,4,Não,Faculdade,Perto,Feminino,71,médio
4015,17,63,Médio,Médio,Não,6,94,Baixo,Sim,0,Médio,Médio,Público,Negativo,2,Não,Ensino Médio,Moderado,Masculino,61,médio
4016,17,62,Médio,Médio,Não,7,66,Alto,Sim,2,Alto,Médio,Público,Neutro,4,Não,Ensino Médio,Moderado,Masculino,63,médio
4017,24,69,Médio,Alto,Sim,7,55,Baixo,Sim,3,Médio,Alto,Público,Neutro,4,Não,Ensino Médio,Perto,Masculino,67,médio
4018,17,99,Médio,Médio,Não,8,76,Baixo,Não,2,Alto,Médio,Público,Positivo,4,Não,Pós-Graduação,Perto,Masculino,70,médio
4019,19,99,Médio,Médio,Sim,5,72,Baixo,Sim,3,Médio,Alto,Privado,Neutro,4,Não,Pós-Graduação,Perto,Masculino,73,médio
4020,33,86,Médio,Médio,Não,7,61,Médio,Sim,1,Alto,Médio,Público,Positivo,3,Não,Ensino Médio,Perto,Masculino,72,médio
4021,11,95,Médio,Médio,Sim,5,95,Baixo,Sim,1,Baixo,Alto,Público,Positivo,3,Não,Pós-Graduação,Perto,Masculino,69,médio
4022,9,69,Baixo,Médio,Sim,7,80,Médio,Sim,1,Médio,Médio,Privado,Neutro,3,Não,Faculdade,Moderado,Masculino,61,médio
4023,25,99,Médio,Médio,Não,5,67,Médio,Sim,1,Baixo,Alto,Público,Neutro,3,Não,Ensino Médio,Perto,Masculino,71,médio
4024,16,66,Médio,Médio,Sim,6,100,Médio,Sim,1,Médio,Médio,Público,Neutro,3,Não,Ensino Médio,Moderado,Feminino,64,médio
4025,18,64,Baixo,Médio,Sim,7,57,Médio,Sim,1,Alto,Médio,Público,Neutro,3,Não,Ensino Médio,Moderado,Masculino,61,médio
4026,15,64,Médio,Médio,Não,6,92,Baixo,Sim,3,Baixo,Médio,Público,Negativo,4,Não,Faculdade,Perto,Feminino,63,médio
4027,18,83,Médio,Baixo,Sim,9,62,Alto,Sim,2,Baixo,Médio,Público,Negativo,2,Não,Ensino Médio,Perto,Masculino,65,médio
4028,30,91,Alto,Médio,Não,9,62,Baixo,Sim,3,Baixo,Alto,Público,Negativo,4,Não,Pós-Graduação,Perto,Feminino,73,médio
4029,25,75,Médio,Baixo,Sim,8,75,Alto,Sim,2,Alto,Alto,Privado,Negativo,4,Sim,Pós-Graduação,Perto,Masculino,68,médio
4030,25,99,Médio,Médio,Não,8,83,Médio,Sim,1,Médio,Médio,Público,Neutro,2,Não,Faculdade,Perto,Feminino,72,médio
4031,12,77,Baixo,Baixo,Sim,7,85,Médio,Sim,1,Médio,Médio,Público,Positivo,3,Não,Faculdade,Longe,Masculino,62,médio
4032,13,66,Alto,Médio,Sim,9,51,Baixo,Sim,3,Médio,Médio,Privado,Positivo,2,Não,Pós-Graduação,Moderado,Masculino,63,médio
4033,3,79,Baixo,Médio,Sim,7,64,Baixo,Sim,0,Médio,Médio,Público,Negativo,3,Não,Pós-Graduação,Longe,Feminino,58,baixo
4034,15,87,Médio,Médio,Não,10,83,Médio,Sim,1,Alto,Alto,Privado,Positivo,3,Não,Ensino Médio,Perto,Masculino,68,médio
4035,26,93,Alto,Alto,Sim,6,94,Baixo,Sim,1,Médio,Alto,Público,Negativo,2,Não,Ensino Médio,Perto,Feminino,74,médio
4036,23,78,Médio,Médio,Sim,5,83,Médio,Sim,1,Médio,Médio,Público,Positivo,3,Não,Ensino Médio,Perto,Masculino,68,médio
4037,19,84,Médio,Médio,Sim,5,63,Médio,Sim,1,Alto,Médio,Privado,Positivo,2,Não,Ensino Médio,Perto,Masculino,67,médio
4038,20,71,Médio,Médio,Sim,5,75,Baixo,Sim,0,Médio,Médio,Privado,Positivo,4,Não,Ensino Médio,Perto,Masculino,65,médio
4039,16,86,Baixo,Baixo,Sim,5,82,Baixo,Sim,0,Baixo,Médio,Público,Neutro,4,Não,Ensino Médio,Moderado,Feminino,63,médio
4040,21,99,Médio,Baixo,Não,7,57,Alto,Sim,2,Médio,Médio,Público,Neutro,2,Não,Pós-Graduação,Perto,Masculino,71,médio
4041,25,62,Médio,Baixo,Sim,8,77,Médio,Sim,0,Médio,Baixo,Público,Negativo,4,Não,Faculdade,Longe,Feminino,62,médio
4042,10,95,Alto,Baixo,Sim,7,74,Alto,Sim,2,Baixo,Médio,Público,Negativo,3,Não,Ensino Médio,Longe,Masculino,66,médio
4043,22,82,Baixo,Médio,Não,5,67,Baixo,Sim,1,Baixo,Alto,Privado,Neutro,1,Sim,Pós-Graduação,Perto,Feminino,65,médio
4044,26,70,Alto,Médio,Não,6,81,Baixo,Sim,0,Baixo,Alto,Público,Neutro,3,Não,Ensino Médio,Moderado,Masculino,66,médio
4045,18,98,Alto,Baixo,Não,8,82,Médio,Sim,3,Médio,Alto,Público,Negativo,3,Não,Faculdade,Perto,Masculino,71,médio
4046,24,79,Baixo,Alto,Não,6,99,Alto,Não,2,Baixo,Alto,Público,Negativo,3,Não,Ensino Médio,Perto,Masculino,68,médio
4047,37,73,Médio,Alto,Sim,6,71,Médio,Sim,0,Alto,Alto,Público,Positivo,5,Não,Ensino Médio,Moderado,Masculino,72,médio
4048,19,67,Médio,Alto,Não,5,77,Médio,Sim,1,Médio,Alto,Privado,Negativo,4,Não,Pós-Graduação,Perto,Masculino,66,médio
4049,22,70,Médio,Baixo,Sim,6,58,Baixo,Sim,4,Alto,Médio,Público,Positivo,2,Não,Pós-Graduação,Moderado,Masculino,66,médio
4050,16,93,Baixo,Alto,Não,6,77,Alto,Sim,2,Baixo,Médio,Público,Negativo,1,Não,Ensino Médio,Moderado,Masculino,67,médio
4051,21,85,Baixo,Alto,Sim,7,52,Médio,Sim,5,Alto,Alto,Público,Positivo,3,Não,Pós-Graduação,Moderado,Masculino,71,médio
4052,23,97,Alto,Alto,Sim,8,57,Baixo,Não,2,Alto,Médio,Público,Positivo,1,Não,Pós-Graduação,Longe,Masculino,72,médio
4053,21,69,Baixo,Médio,Não,7,59,Médio,Sim,3,Baixo,Médio,Público,Neutro,3,Não,Pós-Graduação,Perto,Masculino,64,médio
4054,14,65,Baixo,Alto,Não,7,82,Baixo,Sim,1,Baixo,Baixo,Público,Negativo,3,Não,Ensino Médio,Perto,Masculino,60,baixo
4055,21,60,Alto,Baixo,Não,8,78,Médio,Sim,2,Médio,Alto,Público,Positivo,2,Não,Ensino Médio,Perto,Feminino,64,médio
4056,29,80,Médio,Baixo,Sim,5,90,Médio,Sim,2,Médio,Baixo,Público,Positivo,1,Não,Faculdade,Perto,Feminino,70,médio
4057,23,100,Médio,Baixo,Sim,10,73,Médio,Sim,3,Médio,Médio,Privado,Neutro,2,Não,Faculdade,Perto,Masculino,72,médio
4058,26,88,Médio,Alto,Não,6,74,Médio,Sim,0,Baixo,Médio,Público,Negativo,2,Não,Ensino Médio,Moderado,Feminino,68,médio
4059,19,72,Médio,Baixo,Sim,8,58,Médio,Sim,0,Médio,Baixo,Público,Neutro,3,Não,Ensino Médio,Perto,Feminino,62,médio
4060,24,95,Médio,Baixo,Não,5,87,Médio,Sim,0,Baixo,Médio,Público,Neutro,2,Não,Ensino Médio,Longe,Masculino,68,médio
4061,22,91,Alto,Alto,Sim,7,50,Médio,Sim,2,Baixo,Médio,Público,Positivo,5,Não,Pós-Graduação,Moderado,Masculino,72,médio
4062,14,61,Médio,Baixo,Sim,7,71,Médio,Sim,0,Médio,Baixo,Privado,Neutro,1,Não,Pós-Graduação,Perto,Feminino,60,baixo
4063,22,93,Médio,Alto,Não,9,59,Baixo,Sim,3,Baixo,Alto,Público,Positivo,4,Não,Pós-Graduação,Perto,Feminino,72,médio
4064,14,72,Baixo,Alto,Não,7,89,Médio,Sim,2,Médio,Médio,Público,Positivo,3,Não,Ensino Médio,Perto,Feminino,65,médio
4065,16,66,Médio,Baixo,Não,9,84,Alto,Sim,3,Baixo,Baixo,Público,Positivo,4,Não,Ensino Médio,Perto,Feminino,63,médio
4066,21,69,Médio,Baixo,Sim,7,85,Médio,Sim,2,Médio,Médio,Privado,Positivo,0,Não,Pós-Graduação,Perto,Masculino,66,médio
4067,22,79,Baixo,Médio,Não,10,57,Baixo,Sim,1,Médio,Alto,Público,Positivo,2,Não,Ensino Médio,Perto,Masculino,65,médio
4068,13,77,Médio,Alto,Não,4,83,Médio,Sim,1,Médio,Alto,Público,Negativo,2,Não,Pós-Graduação,Moderado,Masculino,65,médio
4069,26,72,Baixo,Alto,Não,8,85,Médio,Sim,2,Baixo,Médio,Público,Negativo,3,Não,Ensino Médio,Perto,Masculino,67,médio
4070,23,67,Médio,Médio,Não,4,50,Baixo,Sim,4,Baixo,Médio,Privado,Positivo,3,Não,Faculdade,Moderado,Masculino,65,médio
4071,16,90,Alto,Médio,Não,7,66,Médio,Sim,0,Alto,Alto,Público,Negativo,3,Não,Ensino Médio,Moderado,Masculino,67,médio
4072,11,100,Médio,Médio,Sim,9,54,Baixo,Sim,1,Baixo,Médio,Público,Negativo,3,Não,Pós-Graduação,Perto,Masculino,66,médio
4073,19,91,Baixo,Alto,Sim,9,84,Alto,Sim,2,Alto,Alto,Público,Positivo,3,Sim,Ensino Médio,Perto,Masculino,71,médio
4074,17,72,Médio,Médio,Não,8,61,Médio,Sim,1,Médio,Médio,Público,Neutro,4,Não,Pós-Graduação,Moderado,Masculino,64,médio
4075,21,70,Baixo,Baixo,Não,7,63,Médio,Sim,0,Médio,Médio,Público,Positivo,2,Não,Ensino Médio,Longe,Masculino,61,médio
4076,18,69,Alto,Alto,Sim,8,54,Baixo,Sim,1,Alto,Alto,Privado,Neutro,2,Não,Ensino Médio,Perto,Masculino,65,médio
4077,8,65,Médio,Médio,Não,10,74,Médio,Sim,1,Médio,Alto,Privado,Positivo,5,Não,Ensino Médio,Perto,Masculino,61,médio
4078,18,82,Alto,Baixo,Não,7,52,Baixo,Sim,1,Baixo,Médio,Público,Negativo,4,Não,Ensino Médio,Perto,Feminino,64,médio
4079,18,84,Alto,Alto,Sim,8,92,Baixo,Sim,0,Baixo,Alto,Público,Negativo,3,Não,Faculdade,Perto,Feminino,69,médio
4080,24,88,Médio,Médio,Sim,6,51,Alto,Sim,4,Médio,Baixo,Público,Positivo,4,Não,Ensino Médio,Perto,Masculino,71,médio
4081,16,87,Alto,Médio,Não,9,53,Alto,Sim,3,Médio,Alto,Privado,Neutro,5,Não,Faculdade,Perto,Masculino,70,médio
4082,30,72,Alto,Médio,Sim,8,82,Alto,Sim,1,Baixo,Médio,Público,Positivo,1,Não,Faculdade,Moderado,Feminino,70,médio
4083,9,73,Médio,Médio,Sim,6,96,Baixo,Sim,0,Baixo,Alto,Público,Positivo,2,Não,Ensino Médio,Perto,Masculino,62,médio
4084,28,87,Médio,Médio,Não,8,95,Médio,Sim,2,Médio,Baixo,Privado,Positivo,3,Não,Pós-Graduação,Perto,Feminino,73,médio
4085,19,74,Médio,Alto,Não,8,54,Alto,Sim,0,Médio,Médio,Público,Positivo,3,Não,Faculdade,Perto,Masculino,66,médio
4086,25,69,Médio,Médio,Sim,8,64,Médio,Sim,1,Alto,Baixo,Público,Negativo,3,Não,Pós-Graduação,Moderado,Feminino,66,médio
4087,20,75,Baixo,Médio,Não,7,76,Médio,Sim,3,Alto,Alto,Privado,Negativo,3,Não,Faculdade,Perto,Feminino,66,médio
4088,27,71,Médio,Médio,Sim,9,51,Médio,Não,3,Alto,Médio,Público,Neutro,1,Não,Faculdade,Longe,Feminino,66,médio
4089,18,64,Médio,Médio,Sim,6,76,Médio,Sim,2,Médio,Alto,Público,Positivo,4,Não,Ensino Médio,Perto,Masculino,65,médio
4090,13,93,Baixo,Baixo,Não,7,72,Alto,Sim,2,Médio,Médio,Privado,Positivo,2,Não,Pós-Graduação,Perto,Feminino,67,médio
4091,29,94,Alto,Médio,Não,7,79,Médio,Sim,6,Baixo,Alto,Privado,Neutro,4,Não,Faculdade,Perto,Feminino,76,médio
4092,19,69,Médio,Médio,Sim,9,96,Médio,Sim,0,Alto,Alto,Privado,Positivo,3,Não,Ensino Médio,Moderado,Feminino,66,médio
4093,21,63,Médio,Médio,Sim,6,64,Baixo,Sim,1,Alto,Alto,Público,Negativo,3,Não,Ensino Médio,Perto,Masculino,63,médio
4094,27,90,Médio,Médio,Não,7,82,Médio,Sim,0,Médio,Médio,Público,Positivo,3,Não,Faculdade,Moderado,Feminino,71,médio
4095,14,68,Médio,Alto,Não,6,71,Baixo,Sim,1,Médio,Médio,Público,Positivo,3,Não,Faculdade,Moderado,Masculino,63,médio
4096,24,76,Alto,Baixo,Sim,7,72,Baixo,Sim,1,Alto,Médio,Público,Positivo,2,Não,Faculdade,Moderado,Masculino,67,médio
4097,16,63,Médio,Médio,Sim,8,82,Médio,Sim,0,Alto,Médio,Público,Neutro,3,Não,Ensino Médio,Perto,Masculino,63,médio
4098,19,69,Alto,Médio,Sim,5,98,Médio,Sim,0,Alto,Médio,Público,Neutro,4,Não,Ensino Médio,Moderado,Masculino,66,médio
4099,20,92,Médio,Médio,Sim,9,93,Baixo,Sim,3,Alto,Médio,Público,Positivo,2,Não,Faculdade,Perto,Feminino,72,médio
4100,11,92,Alto,Médio,Sim,8,82,Alto,Sim,4,Médio,Médio,Privado,Negativo,2,Não,Pós-Graduação,Perto,Feminino,70,médio
4101,15,68,Alto,Baixo,Sim,6,73,Médio,Não,0,Médio,Médio,Público,Positivo,3,Não,Faculdade,Perto,Masculino,62,médio
4102,28,73,Alto,Médio,Sim,6,71,Médio,Sim,0,Médio,Alto,Privado,Positivo,2,Não,Faculdade,Moderado,Feminino,69,médio
4103,25,65,Baixo,Médio,Sim,9,89,Médio,Sim,2,Médio,Alto,Público,Neutro,3,Não,Ensino Médio,Perto,Feminino,66,médio
4104,20,63,Médio,Médio,Sim,8,61,Médio,Sim,2,Alto,Médio,Público,Neutro,3,Não,Ensino Médio,Perto,Masculino,64,médio
4105,21,100,Baixo,Médio,Sim,6,79,Médio,Sim,2,Baixo,Médio,Público,Neutro,1,Não,Ensino Médio,Perto,Feminino,70,médio
4106,18,86,Médio,Médio,Não,6,75,Alto,Sim,0,Baixo,Alto,Público,Neutro,4,Não,Ensino Médio,Perto,Masculino,67,médio
4107,28,82,Médio,Alto,Sim,8,82,Baixo,Sim,1,Médio,Médio,Privado,Negativo,2,Não,Pós-Graduação,Perto,Masculino,71,médio
4108,19,91,Médio,Médio,Não,8,59,Alto,Sim,1,Alto,Médio,Público,Neutro,2,Não,Pós-Graduação,Perto,Masculino,69,médio
4109,21,94,Alto,Baixo,Não,8,85,Médio,Sim,1,Médio,Médio,Público,Negativo,4,Não,Faculdade,Perto,Masculino,70,médio
4110,27,92,Médio,Médio,Sim,7,81,Médio,Sim,0,Baixo,Médio,Público,Negativo,1,Não,Faculdade,Perto,Masculino,70,médio
4111,15,61,Alto,Baixo,Sim,8,59,Médio,Sim,1,Médio,Médio,Público,Neutro,2,Não,Pós-Graduação,Moderado,Feminino,61,médio
4112,29,67,Baixo,Alto,Não,7,72,Médio,Não,0,Médio,Alto,Público,Neutro,3,Não,Ensino Médio,Perto,Feminino,65,médio
4113,11,86,Médio,Alto,Sim,6,84,Médio,Sim,0,Alto,Alto,Privado,Neutro,3,Não,Ensino Médio,Perto,Masculino,67,médio
4114,30,75,Médio,Baixo,Sim,9,95,Baixo,Sim,1,Alto,Médio,Público,Negativo,5,Não,Pós-Graduação,Perto,Masculino,70,médio
4115,18,99,Médio,Médio,Não,8,56,Médio,Não,2,Baixo,Alto,Privado,Negativo,3,Não,Ensino Médio,Perto,Masculino,67,médio
4116,19,87,Baixo,Alto,Sim,6,50,Médio,Sim,3,Baixo,Médio,Público,Neutro,2,Não,Pós-Graduação,Perto,Masculino,68,médio
4117,9,98,Alto,Alto,Não,7,58,Médio,Sim,2,Médio,Médio,Público,Negativo,4,Não,Faculdade,Perto,Masculino,69,médio
4118,17,68,Médio,Médio,Não,7,99,Médio,Sim,1,Médio,Baixo,Privado,Neutro,1,Não,Pós-Graduação,Perto,Masculino,65,médio
4119,14,95,Alto,Médio,Sim,6,88,Médio,Sim,2,Baixo,Baixo,Público,Neutro,2,Não,Ensino Médio,Longe,Masculino,68,médio
4120,16,73,Alto,Médio,Sim,7,81,Médio,Sim,1,Alto,Alto,Público,Negativo,4,Não,Pós-Graduação,Perto,Masculino,67,médio
4121,19,100,Médio,Alto,Sim,6,57,Médio,Sim,1,Alto,Médio,Privado,Positivo,2,Sim,Ensino Médio,Perto,Masculino,70,médio
4122,26,66,Alto,Alto,Não,8,71,Alto,Sim,2,Médio,Médio,Público,Neutro,3,Não,Ensino Médio,Perto,Feminino,68,médio
4123,21,81,Alto,Médio,Sim,7,86,Médio,Sim,1,Baixo,Médio,Público,Neutro,4,Não,Faculdade,Perto,Masculino,69,médio
4124,22,92,Alto,Baixo,Sim,5,95,Baixo,Sim,0,Baixo,Baixo,Público,Positivo,3,Não,Pós-Graduação,Perto,Masculino,70,médio
4125,13,77,Alto,Alto,Sim,7,69,Médio,Sim,2,Baixo,Alto,Privado,Neutro,5,Não,Faculdade,Moderado,Masculino,67,médio
4126,15,79,Alto,Alto,Sim,6,100,Médio,Sim,4,Baixo,Médio,Público,Neutro,3,Não,Faculdade,Perto,Feminino,70,médio
4127,31,99,Médio,Baixo,Sim,4,57,Alto,Sim,1,Alto,Alto,Público,Neutro,2,Não,Pós-Graduação,Moderado,Feminino,74,médio
4128,16,77,Médio,Baixo,Sim,7,69,Baixo,Sim,1,Baixo,Alto,Público,Neutro,4,Não,Ensino Médio,Perto,Feminino,63,médio
4129,30,84,Alto,Médio,Sim,9,94,Médio,Sim,1,Baixo,Alto,Privado,Positivo,2,Sim,Ensino Médio,Perto,Feminino,72,médio
4130,19,62,Alto,Médio,Não,7,82,Baixo,Sim,0,Baixo,Baixo,Privado,Neutro,5,Sim,Pós-Graduação,Perto,Masculino,62,médio
4131,20,94,Médio,Médio,Não,8,91,Médio,Sim,1,Baixo,Médio,Público,Positivo,2,Não,Pós-Graduação,Perto,Feminino,71,médio
4132,26,86,Médio,Baixo,Não,7,95,Médio,Sim,0,Baixo,Alto,Público,Negativo,5,Não,Ensino Médio,Moderado,Masculino,68,médio
4133,28,76,Médio,Alto,Sim,6,75,Alto,Sim,3,Alto,Médio,Público,Positivo,3,Não,Ensino Médio,Perto,Masculino,72,médio
4134,19,61,Médio,Alto,Sim,6,62,Alto,Sim,1,Alto,Médio,Público,Neutro,2,Não,Pós-Graduação,Moderado,Feminino,64,médio
4135,18,84,Baixo,Baixo,Não,5,85,Médio,Sim,0,Médio,Médio,Público,Neutro,4,Não,Ensino Médio,Moderado,Masculino,64,médio
4136,20,61,Baixo,Alto,Sim,8,78,Médio,Sim,0,Baixo,Médio,Privado,Positivo,5,Não,Ensino Médio,Perto,Feminino,63,médio
4137,22,60,Alto,Médio,Sim,8,89,Médio,Sim,2,Médio,Alto,Privado,Neutro,4,Não,Faculdade,Moderado,Masculino,66,médio
4138,25,85,Médio,Médio,Sim,7,76,Médio,Sim,2,Alto,Médio,Público,Positivo,2,Não,Faculdade,Perto,Feminino,71,médio
4139,20,68,Médio,Alto,Sim,4,91,Alto,Sim,4,Alto,Médio,Privado,Positivo,4,Não,Faculdade,Perto,Masculino,70,médio
4140,24,68,Alto,Médio,Sim,8,95,Baixo,Sim,3,Médio,Médio,Público,Positivo,0,Não,Ensino Médio,Moderado,Masculino,67,médio
4141,30,86,Alto,Alto,Sim,6,87,Médio,Sim,0,Baixo,Baixo,Privado,Positivo,4,Não,Faculdade,Perto,Feminino,73,médio
4142,22,62,Baixo,Médio,Sim,7,87,Médio,Sim,2,Alto,Baixo,Público,Neutro,3,Não,Ensino Médio,Perto,Feminino,64,médio
4143,22,73,Baixo,Médio,Não,5,79,Médio,Sim,4,Médio,Baixo,Público,Negativo,1,Não,Pós-Graduação,Moderado,Feminino,65,médio
4144,11,66,Médio,Médio,Sim,7,74,Médio,Sim,3,Médio,Alto,Privado,Neutro,3,Não,Ensino Médio,Longe,Feminino,62,médio
4145,4,83,Alto,Médio,Não,7,99,Baixo,Sim,1,Baixo,Baixo,Privado,Neutro,3,Não,Faculdade,Perto,Feminino,64,médio
4146,22,86,Baixo,Médio,Não,4,82,Baixo,Sim,1,Baixo,Baixo,Privado,Positivo,5,Não,Faculdade,Moderado,Masculino,67,médio
4147,19,89,Médio,Alto,Não,9,92,Alto,Sim,5,Médio,Médio,Privado,Positivo,3,Não,Pós-Graduação,Perto,Masculino,74,médio
4148,17,70,Alto,Médio,Não,7,75,Médio,Sim,1,Baixo,Médio,Privado,Neutro,4,Sim,Faculdade,Longe,Masculino,63,médio
4149,21,64,Alto,Baixo,Sim,7,78,Baixo,Sim,1,Médio,Médio,Público,Positivo,4,Não,Ensino Médio,Perto,Masculino,64,médio
4150,20,63,Médio,Baixo,Não,8,83,Baixo,Sim,4,Médio,Médio,Público,Neutro,3,Não,Pós-Graduação,Moderado,Feminino,64,médio
4151,27,77,Baixo,Alto,Não,7,86,Alto,Sim,1,Alto,Alto,Público,Negativo,3,Não,Faculdade,Perto,Masculino,70,médio
4152,21,98,Médio,Médio,Sim,8,72,Médio,Sim,3,Baixo,Baixo,Público,Positivo,3,Não,Ensino Médio,Moderado,Feminino,71,médio
4153,16,69,Médio,Médio,Sim,5,68,Médio,Sim,0,Médio,Alto,Público,Neutro,4,Não,Faculdade,Moderado,Masculino,63,médio
4154,26,70,Médio,Alto,Sim,7,62,Médio,Sim,0,Baixo,Médio,Privado,Negativo,1,Não,Faculdade,Perto,Feminino,66,médio
4155,19,64,Médio,Alto,Sim,4,71,Médio,Sim,1,Alto,Médio,Público,Neutro,3,Não,Ensino Médio,Perto,Masculino,65,médio
4156,23,84,Médio,Alto,Não,7,61,Médio,Sim,2,Médio,Alto,Público,Neutro,5,Não,Faculdade,Moderado,Masculino,70,médio
4157,17,87,Baixo,Baixo,Sim,9,71,Médio,Sim,2,Baixo,Médio,Público,Neutro,3,Não,Faculdade,Moderado,Feminino,65,médio
4158,16,86,Alto,Médio,Sim,5,94,Alto,Sim,0,Médio,Médio,Público,Negativo,2,Não,Ensino Médio,Perto,Masculino,68,médio
4159,21,94,Médio,Alto,Não,6,99,Médio,Sim,1,Médio,Alto,Privado,Neutro,2,Não,Ensino Médio,Perto,Masculino,72,médio
4160,20,79,Médio,Alto,Sim,4,79,Baixo,Sim,0,Médio,Alto,Privado,Neutro,4,Não,Ensino Médio,Moderado,Masculino,67,médio
4161,23,65,Alto,Alto,Não,7,57,Baixo,Não,1,Alto,Médio,Público,Neutro,4,Não,Ensino Médio,Perto,Masculino,65,médio
4162,18,72,Médio,Médio,Não,8,71,Baixo,Sim,2,Alto,Médio,Público,Positivo,4,Não,Pós-Graduação,Perto,Masculino,66,médio
4163,9,86,Alto,Alto,Não,8,80,Médio,Sim,1,Baixo,Médio,Público,Positivo,5,Não,Faculdade,Longe,Feminino,67,médio
4164,17,85,Médio,Baixo,Não,6,69,Médio,Sim,1,Médio,Médio,Privado,Neutro,3,Sim,Pós-Graduação,Perto,Masculino,65,médio
4165,25,81,Médio,Médio,Não,4,60,Médio,Sim,2,Médio,Médio,Privado,Neutro,3,Não,Ensino Médio,Perto,Masculino,68,médio
4166,18,87,Médio,Médio,Não,5,61,Alto,Sim,2,Médio,Médio,Público,Positivo,1,Não,Ensino Médio,Perto,Masculino,68,médio
4167,19,85,Médio,Alto,Sim,9,74,Médio,Sim,1,Alto,Médio,Público,Neutro,3,Não,Faculdade,Moderado,Feminino,69,médio
4168,26,95,Médio,Baixo,Sim,8,61,Médio,Sim,2,Médio,Médio,Privado,Neutro,2,Não,Pós-Graduação,Perto,Feminino,71,médio
4169,16,83,Médio,Médio,Sim,7,62,Médio,Sim,0,Baixo,Médio,Privado,Neutro,1,Sim,Pós-Graduação,Moderado,Masculino,64,médio
4170,11,91,Baixo,Alto,Não,7,94,Médio,Sim,1,Médio,Médio,Público,Neutro,3,Sim,Ensino Médio,Moderado,Masculino,65,médio
4171,19,70,Médio,Médio,Não,5,89,Médio,Sim,1,Baixo,Alto,Privado,Neutro,2,Não,Ensino Médio,Perto,Masculino,64,médio
4172,17,87,Médio,Médio,Sim,9,53,Baixo,Sim,3,Baixo,Médio,Público,Positivo,3,Não,Pós-Graduação,Moderado,Feminino,67,médio
4173,14,96,Médio,Alto,Não,6,66,Médio,Sim,3,Médio,Médio,Público,Positivo,2,Não,Faculdade,Perto,Feminino,70,médio
4174,19,75,Médio,Alto,Não,8,77,Médio,Sim,1,Baixo,Baixo,Público,Positivo,4,Não,Ensino Médio,Moderado,Feminino,66,médio
4175,23,91,Alto,Médio,Não,5,53,Baixo,Sim,3,Médio,Alto,Privado,Negativo,3,Não,Ensino Médio,Perto,Masculino,70,médio
4176,20,89,Médio,Alto,Sim,7,84,Baixo,Sim,1,Alto,Alto,Público,Neutro,4,Não,Ensino Médio,Moderado,Masculino,70,médio
4177,22,62,Alto,Médio,Sim,9,69,Baixo,Sim,1,Alto,Baixo,Privado,Negativo,3,Não,Faculdade,Perto,Masculino,64,médio
4178,31,83,Baixo,Alto,Sim,6,70,Médio,Sim,3,Baixo,Médio,Privado,Negativo,3,Não,Faculdade,Perto,Masculino,71,médio
4179,18,65,Médio,Alto,Sim,8,63,Médio,Sim,1,Médio,Médio,Público,Positivo,3,Não,Ensino Médio,Longe,Masculino,63,médio
4180,22,99,Médio,Médio,Sim,5,67,Alto,Sim,1,Médio,Alto,Privado,Negativo,3,Não,Faculdade,Perto,Masculino,72,médio
4181,17,92,Alto,Alto,Não,6,93,Médio,Sim,4,Médio,Baixo,Privado,Neutro,4,Não,Faculdade,Moderado,Feminino,72,médio
4182,15,64,Alto,Baixo,Sim,7,89,Baixo,Sim,0,Baixo,Médio,Público,Negativo,2,Não,Ensino Médio,Perto,Masculino,61,médio
4183,16,65,Alto,Baixo,Sim,8,97,Alto,Sim,2,Baixo,Médio,Público,Negativo,4,Sim,Ensino Médio,Perto,Feminino,63,médio
4184,17,84,Baixo,Alto,Não,7,85,Alto,Sim,0,Médio,Médio,Privado,Positivo,2,Não,Faculdade,Moderado,Masculino,67,médio
4185,22,74,Alto,Baixo,Sim,8,79,Baixo,Sim,3,Médio,Médio,Público,Neutro,1,Não,Ensino Médio,Perto,Feminino,67,médio
4186,34,61,Médio,Baixo,Não,9,63,Baixo,Sim,2,Médio,Médio,Público,Neutro,5,Não,Ensino Médio,Moderado,Feminino,65,médio
4187,16,82,Baixo,Médio,Não,6,83,Médio,Sim,0,Médio,Médio,Público,Negativo,2,Não,Ensino Médio,Perto,Feminino,64,médio
4188,18,76,Médio,Baixo,Não,5,95,Alto,Sim,2,Alto,Alto,Público,Positivo,6,Não,Pós-Graduação,Perto,Feminino,69,médio
4189,20,64,Médio,Alto,Não,6,53,Alto,Não,4,Alto,Médio,Privado,Neutro,4,Não,Faculdade,Moderado,Feminino,65,médio
4190,22,92,Alto,Alto,Não,9,72,Baixo,Sim,1,Baixo,Alto,Público,Neutro,4,Sim,Pós-Graduação,Perto,Masculino,71,médio
4191,22,97,Médio,Médio,Sim,6,57,Médio,Sim,0,Médio,Alto,Privado,Positivo,2,Não,Ensino Médio,Perto,Masculino,70,médio
4192,28,90,Baixo,Médio,Sim,9,91,Médio,Sim,0,Médio,Médio,Público,Positivo,2,Não,Faculdade,Moderado,Feminino,98,alto
4193,5,93,Médio,Médio,Sim,7,81,Médio,Não,1,Baixo,Alto,Público,Neutro,2,Não,Faculdade,Perto,Feminino,65,médio
4194,6,69,Alto,Médio,Sim,10,94,Médio,Não,1,Médio,Médio,Privado,Neutro,4,Não,Pós-Graduação,Perto,Feminino,63,médio
4195,17,71,Médio,Médio,Sim,10,53,Baixo,Sim,0,Baixo,Baixo,Público,Positivo,3,Não,Ensino Médio,Moderado,Masculino,61,médio
4196,27,68,Médio,Baixo,Sim,9,95,Médio,Sim,1,Baixo,Médio,Público,Positivo,3,Não,Faculdade,Moderado,Masculino,67,médio
4197,11,91,Médio,Médio,Não,5,53,Médio,Sim,0,Baixo,Médio,Privado,Neutro,2,Não,Pós-Graduação,Perto,Feminino,64,médio
4198,2,98,Alto,Médio,Não,4,64,Médio,Sim,1,Baixo,Alto,Privado,Neutro,2,Não,Ensino Médio,Perto,Feminino,65,médio
4199,23,89,Alto,Alto,Sim,7,58,Médio,Sim,2,Médio,Alto,Privado,Positivo,3,Não,Pós-Graduação,Moderado,Masculino,73,médio
4200,21,95,Médio,Alto,Sim,8,57,Baixo,Não,1,Baixo,Médio,Público,Positivo,3,Não,Ensino Médio,Perto,Masculino,69,médio
4201,13,86,Médio,Alto,Não,8,59,Médio,Sim,3,Médio,Médio,Público,Neutro,3,Não,Ensino Médio,Perto,Masculino,67,médio
4202,14,76,Alto,Médio,Não,6,74,Baixo,Sim,0,Alto,Médio,Privado,Positivo,2,Sim,Faculdade,Longe,Masculino,63,médio
4203,14,77,Alto,Alto,Sim,5,89,Baixo,Sim,0,Médio,Médio,Privado,Positivo,2,Não,Faculdade,Perto,Masculino,67,médio
4204,21,63,Baixo,Alto,Sim,8,95,Médio,Sim,2,Alto,Médio,Público,Neutro,5,Não,Ensino Médio,Perto,Masculino,66,médio
4205,16,61,Médio,Alto,Sim,10,78,Médio,Sim,2,Baixo,Alto,Público,Positivo,2,Não,Faculdade,Moderado,Feminino,64,médio
4206,23,88,Alto,Baixo,Sim,6,58,Médio,Sim,2,Baixo,Médio,Público,Neutro,2,Não,Ensino Médio,Moderado,Masculino,68,médio
4207,3,78,Médio,Médio,Não,8,54,Alto,Sim,2,Alto,Médio,Público,Positivo,4,Não,Ensino Médio,Moderado,Masculino,61,médio
4208,15,82,Médio,Médio,Sim,10,75,Médio,Sim,1,Alto,Médio,Público,Negativo,1,Não,Faculdade,Perto,Feminino,66,médio
4209,13,82,Médio,Médio,Sim,7,88,Médio,Sim,0,Baixo,Médio,Público,Neutro,2,Não,Ensino Médio,Perto,Feminino,65,médio
4210,18,71,Médio,Alto,Sim,7,81,Médio,Sim,0,Médio,Médio,Público,Negativo,4,Não,Faculdade,Moderado,Feminino,65,médio
4211,17,79,Médio,Médio,Não,8,79,Médio,Sim,3,Médio,Alto,Privado,Neutro,5,Sim,Pós-Graduação,Perto,Masculino,67,médio
4212,25,79,Alto,Médio,Sim,7,52,Médio,Sim,1,Médio,Médio,Público,Negativo,2,Não,Pós-Graduação,Moderado,Feminino,68,médio
4213,9,76,Médio,Médio,Sim,9,71,Médio,Sim,1,Médio,Alto,Público,Neutro,3,Não,Faculdade,Perto,Masculino,63,médio
4214,20,93,Alto,Médio,Não,6,78,Baixo,Sim,1,Baixo,Médio,Público,Positivo,3,Não,Faculdade,Moderado,Feminino,70,médio
4215,23,78,Alto,Alto,Não,7,80,Médio,Sim,0,Baixo,Médio,Privado,Neutro,2,Não,Ensino Médio,Perto,Feminino,68,médio
4216,31,84,Médio,Médio,Não,5,50,Médio,Não,2,Baixo,Alto,Privado,Positivo,3,Não,Ensino Médio,Perto,Masculino,69,médio
4217,17,96,Alto,Médio,Sim,7,60,Baixo,Sim,0,Baixo,Médio,Privado,Neutro,2,Sim,Faculdade,Perto,Masculino,67,médio
4218,22,95,Médio,Médio,Não,5,97,Médio,Sim,0,Baixo,Baixo,Público,Neutro,3,Não,Ensino Médio,Moderado,Masculino,69,médio
4219,9,96,Médio,Baixo,Sim,8,75,Baixo,Sim,1,Baixo,Alto,Privado,Positivo,4,Sim,Ensino Médio,Perto,Feminino,65,médio
4220,6,71,Médio,Alto,Sim,5,85,Médio,Sim,1,Baixo,Médio,Público,Positivo,2,Não,Ensino Médio,Moderado,Masculino,61,médio
4221,25,61,Médio,Alto,Sim,8,65,Baixo,Sim,3,Baixo,Baixo,Público,Neutro,3,Não,Faculdade,Perto,Feminino,65,médio
4222,20,70,Baixo,Médio,Sim,6,79,Baixo,Sim,4,Médio,Médio,Público,Positivo,4,Não,Pós-Graduação,Perto,Masculino,67,médio
4223,27,71,Médio,Alto,Sim,10,68,Médio,Sim,1,Baixo,Médio,Público,Negativo,2,Não,Ensino Médio,Moderado,Masculino,66,médio
4224,12,96,Médio,Médio,Não,9,65,Médio,Sim,2,Alto,Alto,Privado,Neutro,4,Sim,Pós-Graduação,Perto,Feminino,69,médio
4225,23,86,Médio,Médio,Sim,8,71,Alto,Sim,3,Médio,Médio,Público,Neutro,4,Não,Faculdade,Perto,Feminino,71,médio
4226,31,63,Alto,Alto,Não,5,73,Médio,Sim,1,Alto,Baixo,Público,Positivo,2,Não,Ensino Médio,Perto,Feminino,68,médio
4227,23,65,Alto,Médio,Não,6,67,Alto,Não,3,Médio,Médio,Privado,Negativo,5,Não,Ensino Médio,Moderado,Masculino,65,médio
4228,22,66,Médio,Médio,Não,6,63,Alto,Sim,1,Baixo,Médio,Privado,Neutro,5,Não,Pós-Graduação,Longe,Masculino,64,médio
4229,20,85,Médio,Baixo,Não,6,81,Baixo,Sim,1,Alto,Alto,Privado,Positivo,3,Não,Faculdade,Perto,Masculino,68,médio
4230,11,89,Baixo,Alto,Não,9,69,Baixo,Sim,1,Baixo,Baixo,Público,Neutro,3,Não,Ensino Médio,Perto,Masculino,64,médio
4231,28,94,Médio,Alto,Não,7,60,Baixo,Sim,1,Baixo,Médio,Público,Positivo,3,Não,Ensino Médio,Perto,Masculino,71,médio
4232,16,98,Alto,Médio,Não,6,88,Médio,Sim,1,Baixo,Médio,Público,Neutro,3,Não,Pós-Graduação,Moderado,Feminino,70,médio
4233,23,68,Alto,Médio,Sim,6,86,Médio,Sim,0,Médio,Médio,Público,Positivo,2,Não,Pós-Graduação,Perto,Masculino,68,médio
4234,11,72,Médio,Médio,Sim,6,94,Baixo,Sim,2,Médio,Médio,Público,Positivo,3,Não,Ensino Médio,Moderado,Masculino,63,médio
4235,13,70,Médio,Alto,Sim,8,78,Médio,Sim,0,Baixo,Médio,Privado,Negativo,3,Sim,Ensino Médio,Perto,Masculino,61,médio
4236,29,74,Médio,Baixo,Não,5,64,Médio,Sim,2,Médio,Médio,Público,Neutro,1,Não,Faculdade,Moderado,Masculino,66,médio
4237,18,97,Médio,Alto,Sim,7,93,Médio,Sim,5,Alto,Médio,Público,Positivo,4,Não,Faculdade,Perto,Feminino,75,médio
4238,29,83,Alto,Alto,Sim,8,64,Médio,Sim,2,Médio,Alto,Público,Neutro,1,Não,Ensino Médio,Longe,Masculino,71,médio
4239,20,90,Médio,Médio,Sim,4,83,Alto,Sim,1,Baixo,Baixo,Público,Positivo,3,Não,Faculdade,Perto,Masculino,69,médio
4240,9,80,Alto,Baixo,Não,5,60,Médio,Sim,2,Baixo,Médio,Privado,Neutro,3,Não,Ensino Médio,Perto,Masculino,62,médio
4241,25,61,Médio,Médio,Não,7,81,Alto,Sim,0,Médio,Médio,Público,Positivo,4,Não,Ensino Médio,Moderado,Feminino,65,médio
4242,16,63,Médio,Baixo,Não,9,92,Médio,Sim,0,Baixo,Médio,Privado,Positivo,3,Não,Faculdade,Moderado,Feminino,61,médio
4243,24,82,Médio,Médio,Não,9,77,Médio,Sim,3,Médio,Médio,Público,Positivo,2,Não,Ensino Médio,Perto,Feminino,69,médio
4244,20,89,Baixo,Baixo,Sim,6,74,Baixo,Sim,1,Médio,Baixo,Privado,Positivo,3,Não,Pós-Graduação,Longe,Masculino,66,médio
4245,11,69,Alto,Médio,Sim,9,100,Baixo,Sim,1,Baixo,Médio,Público,Neutro,5,Não,Ensino Médio,Perto,Masculino,64,médio
4246,21,89,Alto,Médio,Sim,7,51,Baixo,Sim,1,Médio,Médio,Público,Positivo,4,Não,Ensino Médio,Perto,Feminino,69,médio
4247,33,92,Alto,Alto,Sim,7,67,Baixo,Sim,6,Alto,Médio,Público,Positivo,5,Não,Ensino Médio,Perto,Feminino,78,médio
4248,23,76,Baixo,Alto,Sim,7,96,Baixo,Sim,2,Médio,Médio,Privado,Neutro,4,Não,Ensino Médio,Perto,Feminino,68,médio
4249,20,90,Alto,Alto,Não,8,82,Médio,Sim,2,Alto,Médio,Privado,Negativo,4,Sim,Ensino Médio,Moderado,Feminino,70,médio
4250,26,76,Baixo,Médio,Sim,6,77,Médio,Sim,1,Médio,Médio,Privado,Neutro,5,Não,Ensino Médio,Perto,Masculino,68,médio
4251,21,87,Baixo,Baixo,Sim,6,82,Médio,Sim,0,Médio,Alto,Público,Neutro,5,Não,Pós-Graduação,Perto,Feminino,68,médio
4252,21,91,Médio,Médio,Não,5,66,Baixo,Sim,1,Alto,Médio,Público,Positivo,3,Não,Faculdade,Perto,Feminino,69,médio
4253,13,100,Médio,Baixo,Sim,8,54,Médio,Sim,0,Médio,Alto,Público,Positivo,3,Não,Faculdade,Perto,Feminino,68,médio
4254,21,74,Alto,Baixo,Sim,8,64,Médio,Sim,3,Baixo,Baixo,Público,Neutro,1,Não,Faculdade,Longe,Masculino,80,médio
4255,26,76,Médio,Médio,Sim,8,67,Alto,Sim,1,Baixo,Médio,Público,Negativo,3,Não,Ensino Médio,Moderado,Masculino,67,médio
4256,15,67,Baixo,Médio,Sim,5,74,Médio,Sim,1,Alto,Alto,Público,Positivo,2,Não,Pós-Graduação,Perto,Masculino,64,médio
4257,29,68,Médio,Baixo,Não,6,70,Baixo,Sim,0,Médio,Médio,Público,Negativo,2,Não,Pós-Graduação,Perto,Masculino,64,médio
4258,19,88,Médio,Médio,Sim,9,76,Baixo,Sim,1,Médio,Alto,Público,Positivo,3,Não,Ensino Médio,Longe,Masculino,68,médio
4259,15,97,Baixo,Médio,Não,7,60,Baixo,Sim,4,Médio,Médio,Público,Negativo,3,Não,Ensino Médio,Perto,Feminino,67,médio
4260,26,76,Médio,Médio,Não,7,59,Baixo,Sim,0,Médio,Médio,Público,Neutro,1,Sim,Pós-Graduação,Perto,Masculino,65,médio
4261,18,67,Alto,Alto,Sim,7,68,Médio,Sim,0,Médio,Médio,Público,Positivo,4,Não,Ensino Médio,Perto,Masculino,66,médio
4262,25,71,Médio,Baixo,Sim,8,74,Baixo,Sim,4,Médio,Médio,Público,Positivo,4,Sim,Pós-Graduação,Perto,Masculino,67,médio
4263,18,78,Alto,Médio,Não,7,67,Baixo,Não,0,Alto,Médio,Público,Negativo,3,Não,Faculdade,Moderado,Masculino,64,médio
4264,20,72,Médio,Baixo,Sim,6,79,Médio,Sim,1,Baixo,Médio,Privado,Positivo,4,Não,Pós-Graduação,Perto,Feminino,66,médio
4265,23,69,Médio,Baixo,Sim,8,66,Baixo,Não,1,Médio,Médio,Público,Positivo,3,Não,Faculdade,Longe,Masculino,63,médio
4266,22,89,Médio,Alto,Não,5,59,Alto,Sim,5,Médio,Médio,Privado,Positivo,4,Sim,Ensino Médio,Perto,Masculino,71,médio
4267,8,60,Alto,Médio,Sim,9,93,Alto,Sim,0,Baixo,Alto,Público,Neutro,3,Não,Pós-Graduação,Perto,Feminino,62,médio
4268,13,82,Médio,Alto,Não,6,60,Médio,Sim,1,Baixo,Baixo,Público,Positivo,4,Não,Faculdade,Longe,Feminino,64,médio
4269,26,92,Baixo,Médio,Sim,8,98,Médio,Sim,2,Médio,Médio,Público,Neutro,3,Não,Pós-Graduação,Moderado,Masculino,72,médio
4270,19,71,Alto,Médio,Sim,7,99,Baixo,Sim,0,Baixo,Alto,Público,Negativo,4,Não,Ensino Médio,Moderado,Feminino,65,médio
4271,17,84,Baixo,Alto,Não,6,85,Médio,Sim,1,Médio,Baixo,Público,Positivo,2,Não,Faculdade,Perto,Feminino,67,médio
4272,12,87,Alto,Alto,Sim,9,75,Médio,Não,1,Baixo,Médio,Privado,Neutro,3,Sim,Faculdade,Moderado,Feminino,65,médio
4273,14,86,Baixo,Baixo,Sim,8,90,Baixo,Sim,0,Baixo,Médio,Privado,Neutro,1,Não,Ensino Médio,Perto,Masculino,63,médio
4274,8,78,Alto,Alto,Não,7,94,Baixo,Sim,1,Alto,Alto,Público,Neutro,3,Sim,Ensino Médio,Perto,Feminino,65,médio
4275,19,74,Médio,Médio,Sim,10,85,Médio,Sim,1,Baixo,Médio,Público,Positivo,5,Não,Pós-Graduação,Moderado,Masculino,67,médio
4276,16,93,Médio,Médio,Sim,8,55,Baixo,Sim,0,Alto,Médio,Público,Neutro,4,Não,Ensino Médio,Moderado,Masculino,67,médio
4277,14,90,Baixo,Médio,Sim,6,50,Médio,Sim,0,Médio,Alto,Privado,Positivo,3,Não,Faculdade,Moderado,Masculino,65,médio
4278,20,73,Médio,Alto,Sim,4,60,Médio,Sim,1,Baixo,Médio,Privado,Positivo,3,Sim,Ensino Médio,Moderado,Masculino,64,médio
4279,22,64,Alto,Baixo,Não,7,59,Alto,Sim,0,Médio,Alto,Privado,Positivo,5,Sim,Ensino Médio,Perto,Feminino,64,médio
4280,33,63,Alto,Alto,Sim,9,59,Médio,Sim,1,Médio,Médio,Público,Positivo,4,Não,Ensino Médio,Perto,Masculino,69,médio
4281,11,64,Médio,Médio,Não,8,75,Baixo,Sim,1,Alto,Médio,Privado,Positivo,3,Não,Ensino Médio,Moderado,Masculino,60,baixo
4282,27,83,Médio,Médio,Sim,9,76,Médio,Sim,1,Baixo,Alto,Público,Positivo,4,Não,Ensino Médio,Perto,Masculino,70,médio
4283,26,62,Baixo,Alto,Não,6,86,Médio,Sim,2,Médio,Médio,Público,Positivo,3,Não,Ensino Médio,Perto,Masculino,66,médio
4284,15,73,Médio,Médio,Sim,7,60,Alto,Sim,3,Médio,Médio,Público,Neutro,4,Não,Faculdade,Perto,Feminino,66,médio
4285,21,90,Médio,Baixo,Não,7,55,Médio,Sim,2,Médio,Médio,Público,Neutro,2,Não,Faculdade,Perto,Feminino,68,médio
4286,17,72,Baixo,Médio,Não,7,83,Baixo,Sim,3,Médio,Alto,Público,Negativo,3,Sim,Ensino Médio,Longe,Feminino,62,médio
4287,21,91,Médio,Alto,Sim,8,74,Baixo,Sim,0,Médio,Médio,Público,Negativo,2,Não,Pós-Graduação,Perto,Feminino,70,médio
4288,29,90,Médio,Médio,Sim,9,83,Médio,Sim,0,Médio,Alto,Privado,Positivo,3,Não,Ensino Médio,Perto,Feminino,72,médio
4289,24,70,Baixo,Baixo,Sim,10,69,Alto,Sim,1,Alto,Médio,Público,Negativo,2,Não,Ensino Médio,Moderado,Feminino,64,médio
4290,23,89,Baixo,Médio,Não,9,88,Alto,Sim,1,Alto,Médio,Público,Neutro,5,Não,Pós-Graduação,Perto,Masculino,71,médio
4291,17,90,Médio,Alto,Não,8,84,Médio,Sim,1,Baixo,Baixo,Público,Negativo,4,Não,Ensino Médio,Longe,Feminino,67,médio
4292,11,76,Baixo,Médio,Não,6,83,Alto,Sim,3,Médio,Médio,Público,Positivo,1,Não,Ensino Médio,Perto,Feminino,64,médio
4293,19,68,Alto,Alto,Não,7,51,Médio,Não,1,Alto,Médio,Público,Positivo,1,Não,Ensino Médio,Moderado,Feminino,64,médio
4294,27,81,Médio,Alto,Sim,8,93,Médio,Sim,0,Alto,Alto,Público,Neutro,3,Não,Faculdade,Perto,Feminino,72,médio
4295,11,97,Baixo,Baixo,Sim,7,69,Médio,Sim,3,Baixo,Médio,Público,Positivo,2,Não,Ensino Médio,Perto,Feminino,66,médio
4296,14,86,Alto,Médio,Não,6,57,Médio,Sim,3,Alto,Alto,Privado,Neutro,2,Não,Faculdade,Perto,Feminino,68,médio
4297,21,67,Médio,Médio,Sim,6,88,Médio,Sim,1,Baixo,Médio,Privado,Positivo,5,Não,Pós-Graduação,Perto,Feminino,95,alto
4298,14,87,Médio,Baixo,Sim,8,74,Médio,Sim,0,Médio,Alto,Público,Neutro,3,Sim,Faculdade,Moderado,Masculino,64,médio
4299,15,77,Médio,Médio,Sim,7,52,Médio,Sim,1,Médio,Médio,Público,Neutro,2,Não,Faculdade,Perto,Masculino,64,médio
4300,17,84,Baixo,Alto,Sim,7,89,Médio,Sim,2,Alto,Médio,Público,Positivo,2,Não,Ensino Médio,Moderado,Masculino,68,médio
4301,12,89,Médio,Baixo,Sim,7,72,Médio,Sim,1,Alto,Alto,Público,Neutro,5,Não,Faculdade,Perto,Masculino,67,médio
4302,14,81,Médio,Médio,Não,6,88,Médio,Sim,1,Alto,Médio,Público,Positivo,3,Não,Pós-Graduação,Moderado,Feminino,67,médio
4303,24,93,Alto,Médio,Sim,7,88,Baixo,Sim,1,Médio,Alto,Público,Negativo,3,Não,Ensino Médio,Moderado,Feminino,71,médio
4304,12,89,Médio,Baixo,Sim,6,55,Baixo,Sim,1,Baixo,Alto,Público,Negativo,3,Não,Ensino Médio,Perto,Feminino,63,médio
4305,10,85,Médio,Médio,Sim,6,81,Médio,Sim,3,Baixo,Médio,Público,Neutro,3,Não,Ensino Médio,Perto,Feminino,66,médio
4306,16,66,Alto,Alto,Não,5,68,Alto,Não,2,Baixo,Médio,Público,Positivo,5,Não,Pós-Graduação,Moderado,Masculino,65,médio
4307,24,93,Médio,Baixo,Sim,7,77,Médio,Sim,0,Baixo,Médio,Privado,Negativo,3,Não,Ensino Médio,Perto,Feminino,68,médio
4308,19,97,Médio,Baixo,Sim,8,54,Médio,Sim,0,Alto,Médio,Público,Neutro,2,Não,Ensino Médio,Perto,Masculino,68,médio
4309,17,65,Médio,Alto,Não,9,79,Médio,Sim,0,Médio,Médio,Público,Positivo,2,Sim,Ensino Médio,Moderado,Masculino,62,médio
4310,20,80,Baixo,Médio,Sim,5,89,Médio,Sim,0,Alto,Alto,Público,Neutro,3,Não,Pós-Graduação,Longe,Masculino,67,médio
4311,10,70,Alto,Alto,Sim,9,99,Médio,Sim,1,Médio,Médio,Público,Neutro,4,Não,Ensino Médio,Moderado,Feminino,65,médio
4312,23,90,Alto,Médio,Sim,7,66,Baixo,Sim,2,Alto,Alto,Público,Neutro,3,Não,Ensino Médio,Perto,Feminino,71,médio
4313,22,89,Médio,Alto,Sim,5,58,Médio,Sim,4,Alto,Alto,Público,Neutro,2,Sim,Faculdade,Perto,Feminino,71,médio
4314,18,66,Alto,Médio,Sim,6,68,Baixo,Não,1,Médio,Alto,Público,Positivo,3,Sim,Ensino Médio,Longe,Masculino,61,médio
4315,26,95,Médio,Médio,Não,4,51,Médio,Sim,1,Baixo,Médio,Público,Positivo,2,Não,Ensino Médio,Perto,Masculino,70,médio
4316,13,67,Médio,Baixo,Sim,5,70,Médio,Sim,0,Baixo,Alto,Privado,Negativo,2,Não,Ensino Médio,Perto,Masculino,60,baixo
4317,27,92,Baixo,Médio,Não,10,96,Médio,Sim,0,Baixo,Médio,Público,Neutro,2,Não,Pós-Graduação,Longe,Masculino,70,médio
4318,21,78,Médio,Alto,Não,6,60,Alto,Sim,1,Baixo,Alto,Privado,Neutro,2,Não,Faculdade,Perto,Feminino,67,médio
4319,18,73,Médio,Médio,Sim,8,74,Baixo,Não,3,Médio,Alto,Privado,Neutro,2,Não,Pós-Graduação,Perto,Masculino,66,médio
4320,20,66,Baixo,Baixo,Sim,7,79,Médio,Sim,2,Médio,Médio,Privado,Positivo,2,Não,Ensino Médio,Moderado,Feminino,63,médio
4321,19,67,Médio,Médio,Não,7,59,Baixo,Sim,3,Baixo,Alto,Privado,Positivo,3,Não,Pós-Graduação,Perto,Feminino,65,médio
4322,27,86,Alto,Médio,Sim,8,67,Alto,Sim,5,Alto,Alto,Público,Positivo,2,Sim,Pós-Graduação,Perto,Feminino,75,médio
4323,14,82,Alto,Médio,Não,4,96,Baixo,Sim,2,Alto,Médio,Privado,Negativo,4,Sim,Ensino Médio,Perto,Masculino,66,médio
4324,15,65,Médio,Médio,Não,9,65,Médio,Sim,1,Baixo,Médio,Público,Neutro,2,Não,Faculdade,Perto,Feminino,61,médio
4325,26,65,Médio,Médio,Sim,7,82,Baixo,Sim,1,Baixo,Médio,Público,Positivo,1,Não,Pós-Graduação,Longe,Masculino,65,médio
4326,16,63,Baixo,Médio,Sim,6,57,Médio,Sim,2,Baixo,Baixo,Público,Neutro,3,Não,Pós-Graduação,Perto,Masculino,61,médio
4327,25,90,Alto,Alto,Sim,8,83,Médio,Sim,2,Médio,Médio,Público,Negativo,3,Não,Faculdade,Perto,Masculino,73,médio
4328,30,88,Alto,Médio,Sim,6,64,Médio,Sim,1,Alto,Médio,Público,Neutro,2,Não,Faculdade,Perto,Feminino,73,médio
4329,18,62,Médio,Médio,Sim,7,62,Médio,Sim,1,Médio,Médio,Público,Positivo,5,Não,Faculdade,Moderado,Masculino,63,médio
4330,24,82,Baixo,Médio,Não,7,56,Médio,Sim,1,Médio,Médio,Público,Positivo,3,Não,Pós-Graduação,Moderado,Masculino,67,médio
4331,13,63,Médio,Alto,Sim,8,52,Médio,Sim,2,Baixo,Médio,Público,Positivo,4,Não,Ensino Médio,Perto,Masculino,62,médio
4332,25,96,Baixo,Baixo,Não,7,98,Médio,Sim,1,Médio,Médio,Privado,Neutro,3,Não,Faculdade,Perto,Masculino,71,médio
4333,21,96,Médio,Médio,Sim,5,71,Médio,Sim,2,Baixo,Alto,Público,Negativo,4,Não,Ensino Médio,Moderado,Masculino,70,médio
4334,23,88,Médio,Médio,Não,8,89,Médio,Sim,0,Médio,Alto,Privado,Positivo,5,Não,Ensino Médio,Perto,Feminino,70,médio
4335,16,97,Médio,Médio,Não,7,96,Baixo,Não,4,Baixo,Alto,Privado,Neutro,2,Não,Ensino Médio,Perto,Feminino,69,médio
4336,10,92,Médio,Médio,Não,4,60,Alto,Sim,3,Baixo,Baixo,Público,Positivo,2,Não,Faculdade,Perto,Feminino,66,médio
4337,23,93,Baixo,Alto,Sim,7,93,Alto,Sim,1,Médio,Alto,Público,Negativo,3,Não,Ensino Médio,Perto,Feminino,72,médio
4338,8,83,Alto,Baixo,Sim,6,85,Baixo,Sim,1,Baixo,Alto,Público,Neutro,3,Não,Ensino Médio,Longe,Feminino,63,médio
4339,18,72,Baixo,Médio,Sim,8,79,Médio,Sim,1,Médio,Alto,Público,Positivo,4,Não,Ensino Médio,Moderado,Masculino,65,médio
4340,26,69,Alto,Alto,Sim,6,90,Médio,Sim,3,Médio,Médio,Público,Positivo,3,Não,Faculdade,Moderado,Feminino,71,médio
4341,21,73,Médio,Médio,Não,5,56,Médio,Sim,5,Alto,Médio,Privado,Neutro,3,Não,Ensino Médio,Moderado,Masculino,66,médio
4342,32,85,Médio,Baixo,Sim,9,63,Baixo,Não,2,Alto,Médio,Público,Neutro,3,Não,Ensino Médio,Moderado,Masculino,69,médio
4343,26,67,Baixo,Médio,Não,8,57,Médio,Sim,0,Médio,Médio,Público,Negativo,4,Não,Faculdade,Longe,Feminino,62,médio
4344,16,70,Alto,Alto,Não,7,95,Alto,Não,1,Médio,Médio,Público,Neutro,3,Não,Ensino Médio,Perto,Feminino,66,médio
4345,20,79,Médio,Baixo,Sim,8,55,Baixo,Sim,3,Baixo,Médio,Privado,Positivo,4,Não,Ensino Médio,Perto,Feminino,66,médio
4346,20,69,Médio,Baixo,Sim,8,99,Alto,Sim,1,Médio,Alto,Público,Negativo,3,Sim,Ensino Médio,Moderado,Feminino,64,médio
4347,11,84,Baixo,Médio,Sim,7,55,Alto,Sim,0,Médio,Alto,Público,Negativo,3,Não,Ensino Médio,Perto,Masculino,63,médio
4348,14,97,Médio,Médio,Sim,5,83,Médio,Sim,0,Baixo,Médio,Público,Positivo,2,Não,Ensino Médio,Perto,Feminino,68,médio
4349,17,90,Médio,Médio,Não,7,83,Baixo,Sim,5,Médio,Alto,Público,Negativo,3,Sim,Ensino Médio,Perto,Masculino,68,médio
4350,8,87,Alto,Alto,Não,9,97,Baixo,Sim,2,Baixo,Médio,Público,Positivo,3,Não,Ensino Médio,Perto,Masculino,67,médio
4351,20,83,Alto,Baixo,Sim,8,66,Médio,Sim,1,Alto,Médio,Privado,Neutro,3,Sim,Faculdade,Perto,Feminino,67,médio
4352,19,80,Alto,Alto,Sim,7,67,Médio,Sim,2,Baixo,Alto,Público,Neutro,2,Sim,Pós-Graduação,Perto,Feminino,68,médio
4353,10,67,Alto,Médio,Sim,8,92,Médio,Sim,1,Médio,Alto,Público,Negativo,4,Não,Pós-Graduação,Perto,Masculino,65,médio
4354,22,96,Baixo,Alto,Sim,7,99,Alto,Sim,4,Baixo,Médio,Público,Positivo,4,Não,Faculdade,Moderado,Masculino,74,médio
4355,24,70,Médio,Alto,Sim,9,52,Alto,Sim,1,Baixo,Médio,Público,Positivo,2,Não,Pós-Graduação,Moderado,Masculino,85,alto
4356,21,64,Médio,Médio,Não,9,82,Médio,Sim,2,Baixo,Médio,Público,Neutro,3,Não,Faculdade,Moderado,Masculino,64,médio
4357,18,90,Baixo,Médio,Sim,5,62,Alto,Sim,3,Médio,Médio,Privado,Neutro,2,Não,Ensino Médio,Moderado,Feminino,67,médio
4358,24,67,Alto,Alto,Sim,9,86,Médio,Sim,2,Médio,Médio,Público,Negativo,2,Não,Faculdade,Perto,Feminino,68,médio
4359,24,75,Baixo,Médio,Sim,10,89,Baixo,Sim,0,Médio,Alto,Privado,Positivo,3,Não,Faculdade,Perto,Feminino,67,médio
4360,22,61,Alto,Médio,Não,8,88,Baixo,Sim,1,Médio,Alto,Público,Neutro,4,Não,Ensino Médio,Perto,Feminino,65,médio
4361,15,65,Alto,Alto,Sim,8,72,Baixo,Sim,2,Baixo,Médio,Privado,Neutro,2,Sim,Pós-Graduação,Longe,Masculino,63,médio
4362,22,67,Médio,Médio,Sim,6,58,Médio,Sim,1,Baixo,Médio,Público,Neutro,2,Não,Pós-Graduação,Perto,Masculino,64,médio
4363,27,62,Baixo,Baixo,Sim,6,79,Médio,Sim,0,Baixo,Médio,Privado,Negativo,3,Não,Faculdade,Moderado,Masculino,62,médio
4364,16,86,Baixo,Alto,Sim,7,89,Baixo,Sim,1,Médio,Baixo,Público,Positivo,2,Não,Pós-Graduação,Perto,Feminino,68,médio
4365,33,93,Médio,Médio,Sim,6,96,Alto,Sim,0,Baixo,Médio,Privado,Positivo,4,Não,Pós-Graduação,Longe,Feminino,75,médio
4366,17,75,Médio,Baixo,Não,5,73,Alto,Sim,0,Baixo,Médio,Privado,Neutro,4,Não,Ensino Médio,Perto,Feminino,63,médio
4367,20,95,Médio,Baixo,Sim,7,62,Baixo,Sim,2,Baixo,Médio,Público,Neutro,4,Não,Faculdade,Moderado,Masculino,68,médio
4368,16,69,Médio,Médio,Não,8,56,Baixo,Sim,2,Médio,Médio,Privado,Neutro,3,Não,Pós-Graduação,Perto,Masculino,63,médio
4369,21,73,Alto,Alto,Não,5,90,Médio,Sim,0,Médio,Médio,Público,Neutro,2,Não,Faculdade,Perto,Feminino,68,médio
4370,10,66,Médio,Alto,Não,7,77,Médio,Sim,0,Médio,Alto,Público,Positivo,2,Não,Ensino Médio,Perto,Masculino,62,médio
4371,17,85,Baixo,Médio,Sim,7,84,Médio,Sim,3,Médio,Médio,Público,Positivo,2,Não,Faculdade,Longe,Feminino,67,médio
4372,13,77,Alto,Alto,Não,7,58,Médio,Sim,2,Baixo,Médio,Público,Positivo,3,Não,Ensino Médio,Perto,Masculino,66,médio
4373,21,85,Médio,Médio,Não,8,50,Baixo,Sim,1,Médio,Alto,Privado,Neutro,2,Não,Ensino Médio,Longe,Masculino,65,médio
4374,26,90,Médio,Médio,Sim,8,98,Médio,Sim,0,Baixo,Baixo,Privado,Negativo,3,Sim,Pós-Graduação,Moderado,Feminino,69,médio
4375,24,82,Alto,Médio,Não,6,91,Médio,Sim,2,Alto,Médio,Público,Positivo,1,Não,Ensino Médio,Perto,Masculino,70,médio
4376,6,85,Alto,Médio,Sim,9,70,Alto,Sim,0,Baixo,Médio,Público,Positivo,3,Sim,Pós-Graduação,Perto,Feminino,64,médio
4377,32,97,Alto,Médio,Sim,8,73,Médio,Sim,0,Alto,Médio,Público,Negativo,3,Não,Faculdade,Perto,Feminino,75,médio
4378,22,72,Baixo,Baixo,Sim,9,96,Alto,Sim,1,Baixo,Médio,Privado,Positivo,3,Não,Faculdade,Perto,Masculino,66,médio
4379,15,74,Médio,Baixo,Não,7,60,Baixo,Sim,2,Médio,Médio,Público,Positivo,3,Não,Ensino Médio,Longe,Feminino,62,médio
4380,21,89,Baixo,Médio,Não,7,90,Baixo,Sim,4,Alto,Médio,Público,Neutro,5,Não,Pós-Graduação,Longe,Masculino,70,médio
4381,21,84,Alto,Alto,Não,7,51,Médio,Sim,0,Médio,Médio,Público,Positivo,3,Não,Ensino Médio,Moderado,Masculino,68,médio
4382,16,67,Médio,Alto,Sim,9,94,Alto,Sim,1,Médio,Médio,Privado,Neutro,2,Não,Pós-Graduação,Perto,Feminino,66,médio
4383,21,75,Baixo,Alto,Sim,7,79,Médio,Sim,0,Baixo,Médio,Público,Neutro,2,Não,Ensino Médio,Perto,Masculino,65,médio
4384,16,79,Alto,Médio,Sim,7,74,Alto,Sim,3,Médio,Médio,Privado,Positivo,2,Não,Pós-Graduação,Longe,Masculino,68,médio
4385,18,77,Alto,Médio,Não,10,85,Baixo,Sim,2,Médio,Médio,Público,Positivo,3,Não,Pós-Graduação,Perto,Feminino,68,médio
4386,16,67,Médio,Médio,Sim,5,53,Baixo,Sim,2,Médio,Médio,Privado,Positivo,3,Não,Ensino Médio,Moderado,Masculino,62,médio
4387,11,97,Baixo,Médio,Sim,8,60,Baixo,Sim,2,Baixo,Médio,Público,Positivo,3,Não,Faculdade,Perto,Feminino,66,médio
4388,21,90,Médio,Baixo,Não,7,70,Médio,Sim,2,Baixo,Médio,Público,Negativo,2,Não,Pós-Graduação,Perto,Feminino,68,médio
4389,24,79,Alto,Médio,Não,7,81,Alto,Sim,0,Alto,Médio,Público,Positivo,2,Não,Ensino Médio,Moderado,Masculino,69,médio
4390,23,87,Médio,Baixo,Não,6,57,Médio,Sim,2,Alto,Médio,Público,Positivo,3,Sim,Ensino Médio,Perto,Masculino,67,médio
4391,25,96,Baixo,Alto,Sim,6,69,Baixo,Sim,3,Alto,Médio,Público,Positivo,2,Não,Pós-Graduação,Perto,Masculino,74,médio
4392,22,65,Baixo,Médio,Não,6,63,Médio,Não,2,Médio,Médio,Público,Neutro,3,Não,Ensino Médio,Longe,Masculino,61,médio
4393,17,70,Alto,Médio,Não,8,82,Baixo,Sim,2,Alto,Alto,Público,Negativo,2,Sim,Ensino Médio,Moderado,Feminino,64,médio
4394,25,82,Médio,Médio,Não,8,96,Médio,Sim,1,Baixo,Médio,Privado,Positivo,2,Não,Ensino Médio,Moderado,Feminino,69,médio
4395,12,92,Alto,Médio,Não,4,58,Baixo,Sim,2,Médio,Médio,Público,Positivo,2,Sim,Faculdade,Moderado,Masculino,66,médio
4396,15,61,Médio,Médio,Não,5,59,Alto,Sim,0,Baixo,Alto,Público,Neutro,4,Não,Ensino Médio,Perto,Feminino,61,médio
4397,14,99,Médio,Médio,Sim,8,80,Alto,Sim,3,Médio,Baixo,Privado,Neutro,4,Não,Faculdade,Perto,Feminino,71,médio
4398,26,78,Alto,Alto,Sim,8,73,Médio,Não,2,Baixo,Médio,Privado,Positivo,4,Não,Faculdade,Perto,Feminino,71,médio
4399,26,74,Médio,Médio,Não,5,86,Baixo,Sim,2,Baixo,Alto,Público,Positivo,4,Não,Faculdade,Perto,Feminino,69,médio
4400,23,72,Médio,Médio,Sim,8,64,Baixo,Sim,1,Baixo,Médio,Público,Neutro,4,Não,Pós-Graduação,Perto,Feminino,66,médio
4401,26,67,Baixo,Médio,Sim,7,77,Baixo,Sim,2,Baixo,Alto,Privado,Neutro,3,Sim,Ensino Médio,Moderado,Masculino,64,médio
4402,15,92,Baixo,Médio,Não,8,69,Médio,Sim,1,Alto,Médio,Privado,Neutro,4,Não,Pós-Graduação,Perto,Masculino,68,médio
4403,22,98,Alto,Médio,Sim,6,64,Baixo,Sim,0,Médio,Alto,Público,Positivo,3,Não,Ensino Médio,Moderado,Feminino,71,médio
4404,19,77,Alto,Médio,Sim,5,86,Alto,Sim,0,Médio,Baixo,Público,Negativo,4,Sim,Ensino Médio,Perto,Masculino,66,médio
4405,25,98,Médio,Médio,Sim,7,90,Alto,Sim,1,Alto,Baixo,Público,Neutro,4,Não,Pós-Graduação,Perto,Masculino,94,alto
4406,19,93,Baixo,Alto,Sim,7,66,Baixo,Sim,1,Médio,Médio,Privado,Neutro,3,Não,Ensino Médio,Perto,Feminino,68,médio
4407,18,79,Médio,Médio,Não,7,81,Médio,Não,1,Médio,Alto,Privado,Positivo,4,Não,Faculdade,Moderado,Feminino,66,médio
4408,23,87,Alto,Baixo,Não,6,59,Médio,Sim,4,Médio,Alto,Público,Neutro,2,Não,Ensino Médio,Perto,Masculino,70,médio
4409,25,77,Médio,Médio,Não,10,90,Médio,Sim,1,Baixo,Médio,Público,Neutro,3,Não,Ensino Médio,Perto,Masculino,68,médio
4410,16,82,Alto,Baixo,Não,4,64,Baixo,Sim,1,Médio,Médio,Privado,Neutro,2,Não,Pós-Graduação,Moderado,Masculino,65,médio
4411,20,62,Médio,Médio,Sim,6,59,Baixo,Sim,3,Médio,Médio,Público,Positivo,4,Não,Ensino Médio,Perto,Masculino,64,médio
4412,14,88,Alto,Médio,Sim,6,97,Médio,Sim,0,Baixo,Médio,Público,Positivo,3,Não,Faculdade,Perto,Masculino,69,médio
4413,5,62,Alto,Alto,Não,7,71,Baixo,Sim,1,Baixo,Médio,Privado,Positivo,4,Não,Faculdade,Longe,Masculino,59,baixo
4414,21,93,Baixo,Médio,Não,8,82,Médio,Sim,2,Médio,Alto,Privado,Neutro,4,Não,Faculdade,Perto,Masculino,70,médio
4415,24,93,Alto,Baixo,Sim,8,90,Alto,Sim,0,Alto,Médio,Privado,Negativo,2,Não,Faculdade,Perto,Masculino,72,médio
4416,22,69,Baixo,Médio,Não,9,84,Médio,Sim,0,Médio,Médio,Público,Neutro,3,Não,Faculdade,Moderado,Masculino,64,médio
4417,8,73,Médio,Alto,Não,8,78,Alto,Sim,0,Médio,Alto,Privado,Negativo,3,Não,Ensino Médio,Perto,Masculino,63,médio
4418,18,79,Médio,Médio,Sim,4,69,Médio,Sim,2,Alto,Baixo,Privado,Positivo,3,Não,Faculdade,Perto,Masculino,67,médio
4419,7,84,Médio,Médio,Sim,5,96,Médio,Não,1,Baixo,Baixo,Público,Positivo,3,Sim,Ensino Médio,Perto,Masculino,62,médio
4420,28,71,Médio,Médio,Sim,9,57,Alto,Sim,1,Baixo,Alto,Público,Neutro,4,Não,Pós-Graduação,Perto,Feminino,69,médio
4421,13,84,Médio,Médio,Sim,9,94,Médio,Sim,3,Médio,Médio,Público,Negativo,2,Sim,Ensino Médio,Perto,Masculino,66,médio
4422,28,72,Baixo,Baixo,Não,8,85,Alto,Sim,4,Baixo,Médio,Privado,Negativo,2,Não,Ensino Médio,Perto,Feminino,66,médio
4423,26,62,Baixo,Médio,Não,6,79,Médio,Sim,1,Baixo,Médio,Público,Positivo,3,Sim,Faculdade,Perto,Feminino,63,médio
4424,15,60,Médio,Médio,Não,7,66,Alto,Sim,2,Alto,Médio,Público,Neutro,4,Não,Ensino Médio,Perto,Masculino,62,médio
4425,13,64,Médio,Alto,Não,6,57,Baixo,Sim,1,Baixo,Baixo,Público,Neutro,3,Sim,Ensino Médio,Moderado,Feminino,58,baixo
4426,22,92,Médio,Baixo,Não,5,72,Baixo,Sim,0,Médio,Médio,Privado,Negativo,4,Não,Faculdade,Moderado,Masculino,67,médio
4427,15,98,Médio,Médio,Sim,7,89,Baixo,Não,2,Baixo,Baixo,Público,Neutro,3,Não,Faculdade,Moderado,Masculino,68,médio
4428,21,77,Alto,Médio,Não,10,87,Baixo,Sim,1,Baixo,Médio,Público,Neutro,3,Não,Faculdade,Perto,Masculino,67,médio
4429,17,81,Médio,Médio,Não,6,82,Médio,Sim,3,Baixo,Médio,Privado,Neutro,4,Não,Faculdade,Perto,Masculino,67,médio
4430,9,66,Baixo,Médio,Não,9,100,Baixo,Sim,3,Médio,Médio,Público,Neutro,3,Não,Faculdade,Perto,Masculino,62,médio
4431,7,82,Médio,Alto,Sim,6,99,Médio,Sim,2,Médio,Alto,Público,Negativo,2,Não,Pós-Graduação,Moderado,Masculino,66,médio
4432,21,66,Médio,Médio,Sim,5,70,Médio,Sim,1,Baixo,Alto,Privado,Positivo,5,Não,Ensino Médio,Perto,Feminino,65,médio
4433,17,84,Médio,Alto,Sim,8,60,Médio,Sim,0,Baixo,Baixo,Privado,Positivo,5,Não,Faculdade,Perto,Feminino,67,médio
4434,17,97,Médio,Baixo,Não,7,73,Alto,Não,1,Médio,Alto,Privado,Neutro,4,Não,Faculdade,Perto,Masculino,69,médio
4435,24,68,Médio,Alto,Sim,9,92,Baixo,Sim,1,Baixo,Alto,Público,Positivo,2,Não,Ensino Médio,Perto,Masculino,67,médio
4436,27,91,Baixo,Médio,Sim,9,73,Baixo,Sim,0,Baixo,Médio,Privado,Neutro,3,Não,Faculdade,Perto,Masculino,69,médio
4437,18,61,Médio,Baixo,Não,7,67,Baixo,Sim,2,Alto,Médio,Público,Positivo,4,Não,Ensino Médio,Perto,Masculino,62,médio
4438,18,75,Médio,Médio,Sim,9,87,Baixo,Sim,3,Baixo,Médio,Público,Negativo,3,Não,Pós-Graduação,Perto,Feminino,67,médio
4439,23,64,Médio,Baixo,Sim,6,83,Médio,Sim,0,Médio,Médio,Público,Neutro,3,Não,Ensino Médio,Moderado,Masculino,63,médio
4440,12,74,Médio,Médio,Não,6,98,Alto,Sim,2,Baixo,Médio,Público,Neutro,3,Não,Faculdade,Perto,Masculino,65,médio
4441,21,67,Médio,Médio,Sim,9,77,Médio,Sim,3,Alto,Baixo,Público,Neutro,3,Não,Faculdade,Moderado,Feminino,66,médio
4442,23,75,Médio,Alto,Sim,5,98,Médio,Sim,3,Médio,Alto,Público,Positivo,1,Não,Faculdade,Perto,Feminino,71,médio
4443,24,77,Baixo,Alto,Sim,7,65,Alto,Sim,1,Médio,Alto,Privado,Positivo,4,Não,Pós-Graduação,Perto,Masculino,70,médio
4444,8,72,Alto,Alto,Sim,9,93,Alto,Sim,4,Médio,Médio,Público,Positivo,4,Não,Ensino Médio,Perto,Masculino,68,médio
4445,15,86,Alto,Médio,Sim,9,68,Alto,Sim,0,Médio,Baixo,Público,Neutro,3,Não,Ensino Médio,Perto,Masculino,67,médio
4446,15,97,Médio,Alto,Não,6,90,Alto,Sim,2,Alto,Alto,Privado,Neutro,0,Não,Ensino Médio,Perto,Masculino,71,médio
4447,21,76,Baixo,Médio,Sim,9,96,Médio,Sim,1,Baixo,Baixo,Público,Negativo,5,Não,Ensino Médio,Perto,Masculino,65,médio
4448,23,68,Baixo,Médio,Sim,5,81,Baixo,Sim,1,Baixo,Baixo,Público,Neutro,2,Não,Pós-Graduação,Perto,Masculino,64,médio
4449,29,71,Médio,Médio,Sim,6,86,Médio,Sim,1,Baixo,Médio,Público,Positivo,2,Não,Faculdade,Perto,Feminino,69,médio
4450,17,94,Médio,Baixo,Sim,7,98,Baixo,Sim,1,Médio,Alto,Público,Negativo,2,Não,Ensino Médio,Perto,Masculino,68,médio
4451,17,83,Médio,Baixo,Sim,8,69,Baixo,Sim,4,Baixo,Alto,Público,Neutro,3,Não,Faculdade,Perto,Masculino,67,médio
4452,27,78,Médio,Médio,Sim,5,76,Alto,Sim,1,Médio,Médio,Privado,Positivo,4,Não,Pós-Graduação,Perto,Masculino,71,médio
4453,22,66,Médio,Baixo,Sim,10,95,Médio,Sim,1,Médio,Médio,Privado,Negativo,3,Não,Ensino Médio,Perto,Masculino,64,médio
4454,28,78,Médio,Alto,Sim,4,84,Médio,Sim,2,Baixo,Baixo,Público,Negativo,3,Não,Faculdade,Longe,Feminino,69,médio
4455,22,71,Médio,Alto,Sim,7,94,Médio,Sim,1,Médio,Médio,Público,Neutro,4,Não,Ensino Médio,Perto,Masculino,68,médio
4456,13,98,Alto,Baixo,Sim,7,81,Médio,Sim,1,Médio,Baixo,Privado,Negativo,3,Não,Pós-Graduação,Perto,Masculino,69,médio
4457,12,95,Médio,Médio,Não,4,87,Médio,Sim,0,Baixo,Médio,Público,Positivo,3,Não,Ensino Médio,Moderado,Masculino,67,médio
4458,11,63,Médio,Alto,Sim,9,51,Alto,Sim,0,Baixo,Baixo,Público,Negativo,3,Sim,Faculdade,Moderado,Masculino,58,baixo
4459,24,81,Baixo,Médio,Sim,6,67,Alto,Sim,0,Médio,Alto,Público,Negativo,2,Não,Ensino Médio,Longe,Masculino,66,médio
4460,27,69,Médio,Alto,Sim,7,89,Baixo,Sim,2,Alto,Alto,Privado,Neutro,1,Não,Ensino Médio,Moderado,Masculino,69,médio
4461,31,76,Médio,Alto,Sim,7,70,Baixo,Sim,3,Baixo,Médio,Público,Neutro,3,Não,Faculdade,Moderado,Masculino,70,médio
4462,25,95,Médio,Baixo,Sim,5,68,Médio,Sim,1,Médio,Alto,Público,Positivo,3,Não,Ensino Médio,Longe,Masculino,70,médio
4463,27,81,Médio,Baixo,Sim,5,98,Médio,Sim,0,Alto,Médio,Público,Positivo,3,Não,Ensino Médio,Perto,Masculino,70,médio
4464,17,73,Alto,Alto,Não,9,78,Médio,Sim,0,Baixo,Alto,Público,Negativo,3,Não,Pós-Graduação,Moderado,Feminino,66,médio
4465,13,68,Baixo,Alto,Não,7,60,Médio,Sim,1,Médio,Baixo,Privado,Positivo,3,Não,Faculdade,Moderado,Feminino,61,médio
4466,25,92,Médio,Médio,Sim,4,74,Médio,Sim,3,Baixo,Alto,Público,Positivo,2,Sim,Ensino Médio,Moderado,Feminino,71,médio
4467,23,85,Alto,Baixo,Sim,7,76,Alto,Sim,2,Baixo,Médio,Público,Neutro,3,Não,Faculdade,Perto,Feminino,69,médio
4468,21,79,Médio,Médio,Sim,7,99,Médio,Sim,2,Baixo,Médio,Público,Positivo,2,Não,Pós-Graduação,Perto,Masculino,69,médio
4469,22,69,Alto,Médio,Não,7,86,Baixo,Sim,0,Médio,Médio,Público,Neutro,1,Não,Ensino Médio,Perto,Feminino,65,médio
4470,22,73,Alto,Alto,Sim,4,76,Alto,Sim,3,Médio,Médio,Público,Negativo,4,Não,Faculdade,Longe,Masculino,69,médio
4471,28,98,Médio,Alto,Sim,7,72,Médio,Sim,1,Baixo,Alto,Privado,Positivo,2,Não,Faculdade,Perto,Masculino,74,médio
4472,28,81,Médio,Médio,Sim,6,96,Alto,Sim,2,Baixo,Médio,Privado,Positivo,5,Não,Ensino Médio,Moderado,Masculino,71,médio
4473,23,76,Alto,Médio,Não,7,82,Alto,Sim,0,Médio,Alto,Privado,Neutro,1,Não,Faculdade,Perto,Masculino,68,médio
4474,25,81,Alto,Alto,Sim,8,68,Baixo,Sim,0,Baixo,Alto,Público,Neutro,3,Não,Faculdade,Moderado,Feminino,69,médio
4475,23,91,Baixo,Médio,Sim,8,73,Médio,Não,3,Médio,Médio,Público,Negativo,5,Não,Ensino Médio,Longe,Masculino,68,médio
4476,17,74,Médio,Baixo,Não,9,64,Médio,Sim,2,Médio,Médio,Público,Neutro,3,Não,Ensino Médio,Perto,Masculino,63,médio
4477,25,67,Médio,Médio,Sim,10,98,Alto,Sim,0,Alto,Médio,Público,Positivo,2,Não,Ensino Médio,Perto,Masculino,68,médio
4478,12,83,Alto,Médio,Sim,5,85,Médio,Sim,2,Baixo,Alto,Privado,Negativo,2,Não,Faculdade,Perto,Masculino,67,médio
4479,26,87,Médio,Alto,Não,6,70,Baixo,Sim,3,Médio,Médio,Público,Neutro,3,Não,Faculdade,Moderado,Masculino,71,médio
4480,13,89,Alto,Alto,Não,8,59,Baixo,Sim,0,Baixo,Alto,Público,Neutro,2,Não,Pós-Graduação,Moderado,Masculino,66,médio
4481,22,95,Alto,Médio,Não,7,59,Médio,Sim,2,Baixo,Médio,Público,Negativo,3,Sim,Ensino Médio,Perto,Masculino,69,médio
4482,15,75,Alto,Médio,Sim,4,74,Médio,Sim,3,Médio,Alto,Público,Positivo,4,Não,Faculdade,Perto,Feminino,68,médio
4483,23,63,Médio,Médio,Não,7,73,Baixo,Sim,1,Baixo,Médio,Público,Neutro,3,Não,Faculdade,Moderado,Masculino,63,médio
4484,20,98,Médio,Médio,Não,9,71,Médio,Sim,0,Baixo,Médio,Público,Negativo,4,Não,Faculdade,Moderado,Masculino,69,médio
4485,10,77,Baixo,Alto,Sim,5,93,Médio,Sim,3,Baixo,Médio,Público,Positivo,3,Não,Faculdade,Perto,Feminino,66,médio
4486,23,85,Médio,Médio,Sim,7,99,Alto,Sim,1,Baixo,Alto,Público,Neutro,5,Não,Faculdade,Perto,Feminino,71,médio
4487,17,87,Médio,Alto,Não,4,68,Médio,Sim,2,Baixo,Baixo,Público,Positivo,4,Não,Pós-Graduação,Moderado,Masculino,68,médio
4488,25,82,Médio,Médio,Sim,8,65,Médio,Sim,0,Alto,Médio,Privado,Neutro,4,Não,Ensino Médio,Perto,Masculino,69,médio
4489,20,68,Médio,Médio,Sim,7,89,Médio,Sim,0,Médio,Alto,Privado,Positivo,3,Não,Ensino Médio,Longe,Feminino,65,médio
4490,22,90,Médio,Baixo,Sim,6,72,Médio,Sim,0,Baixo,Médio,Público,Neutro,4,Não,Faculdade,Perto,Masculino,68,médio
4491,14,92,Alto,Médio,Sim,6,61,Alto,Sim,0,Baixo,Médio,Privado,Neutro,2,Não,Faculdade,Moderado,Masculino,67,médio
4492,16,82,Médio,Médio,Não,5,59,Médio,Sim,1,Médio,Médio,Público,Positivo,3,Não,Ensino Médio,Perto,Masculino,65,médio
4493,17,80,Baixo,Médio,Sim,9,64,Médio,Sim,1,Baixo,Médio,Privado,Positivo,4,Não,Pós-Graduação,Longe,Feminino,65,médio
4494,25,65,Médio,Baixo,Sim,6,50,Médio,Sim,2,Baixo,Médio,Público,Positivo,2,Não,Faculdade,Perto,Feminino,64,médio
4495,30,63,Alto,Alto,Não,8,97,Médio,Sim,1,Baixo,Alto,Público,Neutro,3,Não,Ensino Médio,Perto,Feminino,69,médio
4496,15,74,Alto,Baixo,Não,6,72,Baixo,Sim,2,Baixo,Médio,Público,Positivo,3,Não,Ensino Médio,Perto,Masculino,64,médio
4497,26,72,Médio,Médio,Não,10,54,Médio,Não,2,Alto,Alto,Público,Neutro,2,Não,Faculdade,Moderado,Masculino,66,médio
4498,7,98,Médio,Baixo,Sim,9,58,Médio,Sim,2,Médio,Médio,Privado,Neutro,5,Sim,Faculdade,Perto,Masculino,65,médio
4499,13,91,Alto,Médio,Sim,10,66,Médio,Sim,2,Médio,Médio,Público,Positivo,4,Não,Ensino Médio,Perto,Feminino,69,médio
4500,14,86,Baixo,Médio,Sim,10,78,Médio,Sim,3,Médio,Alto,Privado,Negativo,4,Sim,Ensino Médio,Perto,Feminino,66,médio
4501,12,81,Médio,Médio,Sim,6,85,Alto,Sim,0,Baixo,Médio,Privado,Positivo,2,Sim,Ensino Médio,Perto,Masculino,64,médio
4502,10,67,Médio,Médio,Sim,6,65,Médio,Sim,1,Médio,Alto,Público,Negativo,4,Não,Ensino Médio,Perto,Feminino,61,médio
4503,22,99,Médio,Médio,Não,10,98,Baixo,Sim,1,Médio,Médio,Privado,Neutro,1,Não,Faculdade,Perto,Masculino,72,médio
4504,19,75,Médio,Médio,Sim,7,88,Baixo,Sim,1,Médio,Médio,Privado,Positivo,3,Não,Pós-Graduação,Moderado,Masculino,67,médio
4505,22,64,Baixo,Médio,Sim,8,91,Baixo,Sim,0,Baixo,Médio,Público,Neutro,4,Não,Faculdade,Moderado,Feminino,63,médio
4506,24,80,Médio,Alto,Não,6,66,Alto,Sim,1,Médio,Médio,Público,Neutro,3,Não,Faculdade,Moderado,Masculino,69,médio
4507,22,95,Baixo,Alto,Sim,6,69,Alto,Sim,3,Médio,Médio,Público,Neutro,2,Sim,Pós-Graduação,Longe,Masculino,70,médio
4508,24,95,Médio,Alto,Sim,8,77,Baixo,Sim,1,Baixo,Médio,Público,Positivo,3,Sim,Ensino Médio,Perto,Masculino,71,médio
4509,20,60,Médio,Baixo,Sim,4,73,Médio,Sim,0,Baixo,Baixo,Público,Neutro,1,Não,Pós-Graduação,Moderado,Feminino,60,baixo
4510,13,95,Médio,Alto,Sim,8,63,Médio,Sim,3,Médio,Médio,Privado,Neutro,2,Não,Pós-Graduação,Perto,Feminino,70,médio
4511,26,71,Baixo,Alto,Não,8,100,Baixo,Sim,1,Baixo,Alto,Privado,Positivo,4,Não,Faculdade,Perto,Feminino,69,médio
4512,16,62,Médio,Alto,Não,6,92,Médio,Não,0,Médio,Médio,Privado,Positivo,4,Não,Ensino Médio,Perto,Feminino,63,médio
4513,14,94,Médio,Médio,Sim,7,62,Alto,Sim,2,Médio,Alto,Privado,Negativo,1,Não,Pós-Graduação,Perto,Masculino,69,médio
4514,19,95,Médio,Médio,Sim,7,95,Alto,Sim,0,Médio,Alto,Privado,Negativo,2,Não,Faculdade,Perto,Masculino,71,médio
4515,15,84,Médio,Alto,Sim,7,79,Médio,Sim,1,Médio,Alto,Público,Neutro,4,Não,Ensino Médio,Perto,Feminino,68,médio
4516,17,83,Médio,Alto,Não,8,51,Baixo,Sim,0,Baixo,Médio,Público,Negativo,4,Não,Ensino Médio,Moderado,Masculino,64,médio
4517,22,93,Baixo,Médio,Não,6,67,Médio,Sim,0,Médio,Médio,Público,Neutro,3,Não,Faculdade,Perto,Feminino,68,médio
4518,22,91,Baixo,Médio,Sim,10,51,Alto,Sim,2,Alto,Médio,Público,Neutro,3,Não,Ensino Médio,Perto,Feminino,69,médio
4519,15,96,Médio,Baixo,Não,7,54,Baixo,Sim,0,Baixo,Médio,Público,Neutro,3,Não,Faculdade,Perto,Feminino,65,médio
4520,17,82,Médio,Médio,Sim,7,59,Médio,Sim,3,Médio,Médio,Público,Positivo,4,Não,Faculdade,Perto,Masculino,68,médio
4521,26,99,Médio,Alto,Sim,10,74,Médio,Sim,1,Médio,Médio,Privado,Neutro,2,Não,Faculdade,Perto,Masculino,74,médio
4522,23,100,Alto,Baixo,Sim,4,69,Baixo,Sim,0,Baixo,Alto,Público,Positivo,4,Não,Pós-Graduação,Perto,Feminino,72,médio
4523,32,65,Alto,Médio,Não,10,57,Médio,Sim,1,Alto,Médio,Privado,Negativo,2,Não,Ensino Médio,Perto,Feminino,67,médio
4524,27,94,Alto,Alto,Sim,7,70,Baixo,Sim,1,Médio,Alto,Público,Neutro,2,Não,Ensino Médio,Moderado,Feminino,73,médio
4525,27,80,Médio,Médio,Não,6,65,Alto,Não,1,Alto,Médio,Privado,Neutro,4,Não,Faculdade,Moderado,Masculino,68,médio
4526,12,76,Médio,Baixo,Sim,5,71,Baixo,Sim,0,Médio,Médio,Público,Negativo,4,Não,Ensino Médio,Perto,Masculino,61,médio
4527,25,85,Alto,Alto,Não,5,59,Médio,Sim,3,Baixo,Médio,Público,Neutro,4,Não,Ensino Médio,Perto,Feminino,70,médio
4528,20,62,Médio,Baixo,Sim,6,80,Alto,Não,1,Médio,Alto,Público,Neutro,3,Não,Faculdade,Moderado,Feminino,62,médio
4529,17,80,Médio,Médio,Sim,7,52,Alto,Sim,2,Médio,Médio,Privado,Neutro,3,Não,Pós-Graduação,Perto,Feminino,67,médio
4530,21,95,Baixo,Alto,Sim,8,69,Médio,Não,0,Baixo,Alto,Público,Negativo,3,Não,Pós-Graduação,Perto,Masculino,69,médio
4531,26,69,Alto,Alto,Não,7,95,Baixo,Não,0,Médio,Médio,Público,Negativo,3,Não,Pós-Graduação,Perto,Feminino,93,alto
4532,23,77,Médio,Alto,Não,6,71,Baixo,Sim,3,Médio,Baixo,Privado,Positivo,4,Não,Ensino Médio,Moderado,Masculino,68,médio
4533,15,98,Médio,Médio,Sim,9,72,Médio,Sim,1,Baixo,Alto,Público,Neutro,2,Não,Faculdade,Perto,Feminino,69,médio
4534,24,77,Médio,Médio,Sim,10,53,Alto,Sim,2,Alto,Médio,Público,Neutro,4,Não,Faculdade,Moderado,Masculino,68,médio
4535,16,74,Médio,Alto,Não,9,80,Baixo,Sim,0,Médio,Médio,Público,Negativo,5,Não,Ensino Médio,Perto,Masculino,64,médio
4536,21,78,Alto,Médio,Sim,6,97,Médio,Sim,0,Médio,Médio,Público,Positivo,2,Não,Ensino Médio,Perto,Feminino,69,médio
4537,18,81,Médio,Médio,Não,8,65,Baixo,Sim,2,Baixo,Médio,Público,Neutro,4,Não,Pós-Graduação,Perto,Masculino,66,médio
4538,19,85,Médio,Médio,Não,8,70,Baixo,Sim,4,Alto,Médio,Público,Neutro,3,Não,Ensino Médio,Moderado,Masculino,68,médio
4539,25,92,Médio,Médio,Sim,9,79,Médio,Sim,3,Médio,Alto,Público,Negativo,4,Não,Faculdade,Moderado,Masculino,72,médio
4540,14,78,Alto,Médio,Não,6,55,Baixo,Sim,2,Baixo,Médio,Privado,Neutro,2,Não,Ensino Médio,Perto,Feminino,63,médio
4541,32,93,Alto,Médio,Não,6,98,Médio,Sim,0,Médio,Médio,Público,Neutro,4,Sim,Ensino Médio,Perto,Masculino,73,médio
4542,9,81,Alto,Médio,Sim,9,73,Médio,Sim,1,Médio,Médio,Público,Negativo,1,Não,Pós-Graduação,Perto,Masculino,65,médio
4543,16,74,Alto,Alto,Sim,8,56,Baixo,Sim,1,Baixo,Médio,Privado,Positivo,2,Não,Ensino Médio,Perto,Feminino,65,médio
4544,22,86,Baixo,Médio,Sim,5,67,Médio,Sim,0,Alto,Médio,Público,Positivo,2,Não,Faculdade,Perto,Masculino,68,médio
4545,24,89,Alto,Médio,Não,8,69,Baixo,Não,3,Alto,Médio,Público,Neutro,2,Não,Faculdade,Perto,Masculino,70,médio
4546,19,82,Médio,Médio,Não,10,67,Médio,Sim,0,Baixo,Baixo,Público,Positivo,2,Não,Pós-Graduação,Longe,Masculino,65,médio
4547,20,62,Alto,Médio,Sim,6,85,Médio,Sim,2,Médio,Médio,Público,Neutro,3,Não,Faculdade,Perto,Feminino,66,médio
4548,22,67,Médio,Alto,Sim,6,67,Alto,Sim,1,Baixo,Médio,Privado,Neutro,1,Não,Faculdade,Perto,Masculino,66,médio
4549,19,71,Médio,Alto,Sim,7,66,Baixo,Sim,2,Baixo,Médio,Público,Neutro,3,Não,Ensino Médio,Perto,Feminino,65,médio
4550,28,71,Médio,Alto,Não,8,66,Médio,Sim,2,Baixo,Médio,Privado,Positivo,3,Não,Faculdade,Perto,Masculino,69,médio
4551,25,87,Baixo,Alto,Sim,7,89,Médio,Sim,1,Baixo,Médio,Público,Neutro,4,Sim,Ensino Médio,Perto,Feminino,69,médio
4552,25,61,Médio,Alto,Não,9,65,Médio,Sim,2,Médio,Médio,Privado,Neutro,4,Sim,Ensino Médio,Moderado,Feminino,64,médio
4553,14,90,Médio,Médio,Sim,7,51,Médio,Sim,1,Médio,Médio,Público,Positivo,4,Sim,Ensino Médio,Perto,Feminino,66,médio
4554,20,71,Baixo,Médio,Sim,9,68,Médio,Sim,1,Baixo,Médio,Privado,Positivo,3,Não,Ensino Médio,Longe,Masculino,63,médio
4555,18,72,Alto,Médio,Sim,6,64,Médio,Sim,4,Baixo,Médio,Público,Positivo,3,Não,Pós-Graduação,Perto,Feminino,68,médio
4556,14,81,Alto,Médio,Sim,5,95,Baixo,Sim,2,Baixo,Alto,Público,Positivo,3,Não,Ensino Médio,Perto,Masculino,68,médio
4557,22,69,Alto,Médio,Não,6,74,Alto,Sim,1,Médio,Baixo,Público,Negativo,3,Sim,Faculdade,Perto,Feminino,65,médio
4558,17,95,Alto,Médio,Não,5,62,Alto,Sim,1,Médio,Médio,Privado,Positivo,3,Não,Ensino Médio,Moderado,Masculino,69,médio
4559,24,63,Médio,Médio,Não,8,99,Baixo,Sim,2,Baixo,Alto,Público,Neutro,1,Não,Pós-Graduação,Perto,Feminino,66,médio
4560,14,78,Médio,Médio,Não,4,62,Médio,Sim,1,Baixo,Médio,Público,Neutro,4,Não,Faculdade,Perto,Masculino,63,médio
4561,30,94,Baixo,Médio,Sim,6,88,Baixo,Sim,2,Baixo,Médio,Privado,Neutro,3,Sim,Faculdade,Perto,Feminino,72,médio
4562,15,85,Alto,Médio,Não,7,82,Alto,Sim,2,Médio,Médio,Público,Negativo,4,Não,Ensino Médio,Longe,Masculino,67,médio
4563,21,72,Alto,Alto,Não,5,73,Médio,Sim,1,Médio,Médio,Público,Neutro,3,Não,Ensino Médio,Perto,Masculino,67,médio
4564,25,77,Alto,Médio,Sim,7,70,Médio,Sim,0,Médio,Médio,Público,Neutro,5,Não,Ensino Médio,Perto,Masculino,68,médio
4565,17,88,Alto,Alto,Sim,7,94,Médio,Não,2,Médio,Alto,Público,Positivo,3,Não,Ensino Médio,Perto,Masculino,71,médio
4566,25,99,Médio,Alto,Não,9,74,Médio,Sim,1,Médio,Alto,Privado,Negativo,3,Não,Ensino Médio,Perto,Masculino,73,médio
4567,13,96,Médio,Médio,Não,5,69,Médio,Sim,2,Médio,Baixo,Público,Positivo,3,Não,Ensino Médio,Perto,Masculino,68,médio
4568,29,74,Alto,Médio,Não,8,68,Médio,Sim,0,Médio,Alto,Público,Positivo,4,Não,Ensino Médio,Perto,Feminino,69,médio
4569,20,100,Médio,Médio,Sim,8,64,Médio,Sim,0,Baixo,Médio,Público,Neutro,2,Não,Ensino Médio,Moderado,Masculino,69,médio
4570,16,60,Médio,Alto,Não,7,70,Baixo,Sim,3,Alto,Alto,Privado,Negativo,4,Não,Ensino Médio,Perto,Feminino,63,médio
4571,18,61,Médio,Médio,Sim,6,56,Médio,Sim,3,Baixo,Médio,Público,Neutro,3,Não,Ensino Médio,Moderado,Masculino,62,médio
4572,25,93,Médio,Médio,Sim,5,53,Médio,Sim,0,Alto,Médio,Privado,Neutro,5,Não,Faculdade,Moderado,Feminino,70,médio
4573,16,68,Alto,Médio,Não,10,77,Médio,Sim,1,Alto,Médio,Público,Positivo,3,Não,Pós-Graduação,Perto,Masculino,66,médio
4574,16,62,Médio,Médio,Não,7,73,Baixo,Sim,3,Alto,Médio,Público,Negativo,3,Não,Ensino Médio,Perto,Feminino,62,médio
4575,19,69,Médio,Alto,Sim,7,59,Baixo,Sim,2,Baixo,Baixo,Privado,Neutro,2,Não,Pós-Graduação,Moderado,Feminino,64,médio
4576,13,77,Médio,Médio,Sim,10,55,Baixo,Sim,2,Baixo,Médio,Privado,Positivo,3,Não,Faculdade,Moderado,Masculino,63,médio
4577,31,89,Médio,Médio,Sim,7,57,Médio,Sim,1,Alto,Baixo,Público,Positivo,2,Não,Faculdade,Moderado,Feminino,71,médio
4578,17,85,Alto,Médio,Sim,10,66,Médio,Sim,1,Alto,Médio,Público,Neutro,1,Sim,Pós-Graduação,Moderado,Masculino,67,médio
4579,25,70,Baixo,Alto,Sim,5,73,Médio,Sim,2,Médio,Médio,Privado,Neutro,1,Não,Pós-Graduação,Perto,Masculino,67,médio
4580,21,80,Baixo,Alto,Sim,7,60,Médio,Sim,1,Médio,Alto,Público,Positivo,2,Não,Faculdade,Moderado,Masculino,67,médio
4581,14,97,Baixo,Médio,Sim,5,88,Médio,Sim,2,Alto,Médio,Público,Positivo,3,Não,Pós-Graduação,Perto,Masculino,71,médio
4582,20,93,Alto,Médio,Não,7,60,Alto,Sim,0,Baixo,Alto,Público,Neutro,3,Não,Ensino Médio,Perto,Masculino,69,médio
4583,25,73,Médio,Médio,Sim,7,56,Médio,Sim,2,Alto,Médio,Público,Neutro,4,Não,Ensino Médio,Perto,Feminino,93,alto
4584,19,99,Alto,Médio,Sim,6,100,Médio,Sim,1,Baixo,Médio,Privado,Positivo,1,Não,Ensino Médio,Moderado,Masculino,72,médio
4585,27,88,Médio,Alto,Não,7,72,Médio,Sim,1,Baixo,Alto,Público,Positivo,1,Não,Ensino Médio,Perto,Feminino,71,médio
4586,26,62,Médio,Médio,Não,6,59,Médio,Sim,1,Médio,Médio,Público,Neutro,3,Não,Ensino Médio,Moderado,Masculino,63,médio
4587,26,61,Alto,Baixo,Sim,7,95,Baixo,Não,0,Médio,Alto,Público,Neutro,3,Não,Pós-Graduação,Moderado,Masculino,65,médio
4588,17,67,Baixo,Médio,Sim,6,62,Médio,Sim,0,Médio,Médio,Público,Neutro,3,Não,Faculdade,Moderado,Feminino,61,médio
4589,14,89,Médio,Baixo,Não,9,96,Baixo,Sim,2,Baixo,Alto,Privado,Neutro,3,Não,Faculdade,Moderado,Feminino,66,médio
4590,16,67,Médio,Médio,Sim,5,56,Baixo,Sim,1,Baixo,Médio,Público,Negativo,2,Não,Faculdade,Perto,Feminino,61,médio
4591,21,80,Médio,Médio,Não,7,92,Baixo,Sim,1,Médio,Médio,Público,Positivo,3,Não,Ensino Médio,Moderado,Masculino,67,médio
4592,23,64,Médio,Baixo,Sim,5,59,Médio,Sim,3,Baixo,Médio,Público,Positivo,5,Não,Ensino Médio,Moderado,Feminino,64,médio
4593,7,97,Baixo,Alto,Não,6,97,Médio,Sim,3,Médio,Alto,Privado,Positivo,2,Não,Faculdade,Moderado,Feminino,69,médio
4594,20,74,Baixo,Médio,Não,6,79,Médio,Sim,1,Alto,Médio,Público,Neutro,2,Sim,Faculdade,Longe,Masculino,64,médio
4595,21,96,Médio,Médio,Sim,7,59,Baixo,Sim,2,Alto,Médio,Público,Negativo,2,Não,Faculdade,Perto,Masculino,70,médio
4596,18,98,Alto,Médio,Sim,7,92,Médio,Sim,2,Baixo,Alto,Privado,Neutro,4,Não,Ensino Médio,Perto,Masculino,73,médio
4597,28,60,Baixo,Médio,Sim,5,70,Baixo,Sim,0,Baixo,Médio,Privado,Neutro,5,Não,Ensino Médio,Perto,Masculino,63,médio
4598,23,79,Médio,Médio,Sim,6,87,Médio,Não,2,Baixo,Alto,Público,Neutro,4,Não,Faculdade,Moderado,Masculino,68,médio
4599,28,61,Baixo,Baixo,Sim,6,82,Baixo,Sim,0,Médio,Alto,Público,Positivo,3,Não,Faculdade,Perto,Feminino,64,médio
4600,19,96,Médio,Baixo,Sim,5,86,Médio,Não,3,Médio,Médio,Público,Positivo,3,Não,Ensino Médio,Moderado,Masculino,69,médio
4601,26,81,Médio,Médio,Sim,9,67,Médio,Sim,3,Baixo,Médio,Público,Neutro,2,Não,Faculdade,Perto,Feminino,69,médio
4602,30,63,Alto,Baixo,Não,5,97,Alto,Sim,2,Baixo,Alto,Público,Positivo,2,Sim,Faculdade,Moderado,Feminino,67,médio
4603,28,64,Alto,Baixo,Sim,7,78,Médio,Sim,3,Médio,Alto,Privado,Positivo,4,Não,Pós-Graduação,Moderado,Masculino,69,médio
4604,13,75,Médio,Alto,Não,10,54,Médio,Sim,1,Baixo,Médio,Privado,Negativo,3,Sim,Faculdade,Perto,Masculino,62,médio
4605,18,98,Baixo,Médio,Não,9,53,Médio,Sim,0,Alto,Médio,Público,Neutro,1,Não,Ensino Médio,Moderado,Masculino,66,médio
4606,18,88,Baixo,Médio,Não,8,87,Médio,Sim,2,Médio,Alto,Público,Neutro,2,Não,Pós-Graduação,Moderado,Feminino,68,médio
4607,23,95,Alto,Baixo,Não,7,92,Alto,Sim,1,Baixo,Médio,Público,Positivo,1,Não,Ensino Médio,Perto,Feminino,71,médio
4608,24,75,Médio,Baixo,Não,8,85,Médio,Sim,1,Baixo,Médio,Público,Positivo,2,Sim,Pós-Graduação,Perto,Masculino,66,médio
4609,15,62,Baixo,Alto,Não,8,64,Alto,Sim,2,Baixo,Médio,Público,Neutro,4,Não,Faculdade,Perto,Feminino,62,médio
4610,20,99,Baixo,Baixo,Sim,9,61,Baixo,Sim,1,Alto,Médio,Privado,Neutro,4,Não,Ensino Médio,Moderado,Masculino,68,médio
4611,8,61,Médio,Baixo,Sim,7,78,Médio,Sim,0,Médio,Médio,Privado,Positivo,3,Não,Ensino Médio,Perto,Feminino,59,baixo
4612,29,98,Médio,Médio,Sim,9,60,Baixo,Sim,0,Baixo,Médio,Privado,Negativo,4,Não,Ensino Médio,Perto,Feminino,70,médio
4613,17,75,Alto,Baixo,Sim,7,69,Médio,Sim,1,Alto,Médio,Público,Positivo,4,Não,Ensino Médio,Perto,Masculino,66,médio
4614,20,60,Médio,Médio,Sim,10,81,Médio,Sim,3,Baixo,Médio,Público,Positivo,3,Não,Faculdade,Perto,Masculino,65,médio
4615,18,88,Médio,Médio,Não,7,64,Baixo,Sim,0,Médio,Baixo,Público,Positivo,4,Não,Faculdade,Moderado,Masculino,66,médio
4616,27,99,Médio,Médio,Sim,5,69,Médio,Sim,2,Médio,Baixo,Público,Positivo,2,Não,Pós-Graduação,Moderado,Masculino,73,médio
4617,3,99,Médio,Baixo,Sim,7,68,Médio,Sim,2,Alto,Médio,Privado,Neutro,3,Não,Ensino Médio,Perto,Feminino,65,médio
4618,20,66,Médio,Alto,Sim,8,73,Médio,Sim,0,Alto,Baixo,Público,Positivo,3,Não,Ensino Médio,Moderado,Masculino,65,médio
4619,19,67,Alto,Médio,Não,9,84,Baixo,Sim,0,Médio,Médio,Público,Positivo,3,Não,Ensino Médio,Moderado,Feminino,64,médio
4620,17,83,Médio,Médio,Sim,6,89,Alto,Sim,0,Baixo,Médio,Público,Positivo,4,Não,Pós-Graduação,Perto,Masculino,69,médio
4621,30,85,Médio,Médio,Não,4,83,Baixo,Sim,2,Alto,Alto,Público,Positivo,3,Não,Pós-Graduação,Perto,Feminino,74,médio
4622,15,90,Alto,Alto,Sim,8,51,Alto,Sim,2,Alto,Médio,Público,Negativo,2,Não,Ensino Médio,Moderado,Feminino,68,médio
4623,25,67,Baixo,Médio,Não,8,95,Médio,Sim,0,Médio,Médio,Público,Neutro,4,Não,Pós-Graduação,Moderado,Feminino,65,médio
4624,22,98,Médio,Alto,Sim,5,79,Médio,Não,2,Alto,Médio,Público,Neutro,5,Não,Ensino Médio,Moderado,Masculino,72,médio
4625,28,86,Médio,Médio,Sim,7,96,Médio,Sim,2,Médio,Baixo,Público,Neutro,4,Não,Ensino Médio,Perto,Masculino,71,médio
4626,16,94,Alto,Médio,Não,7,98,Médio,Sim,0,Baixo,Médio,Público,Neutro,4,Não,Ensino Médio,Moderado,Feminino,69,médio
4627,16,82,Baixo,Alto,Sim,8,73,Baixo,Sim,3,Baixo,Alto,Público,Positivo,1,Não,Faculdade,Perto,Masculino,67,médio
4628,27,77,Médio,Alto,Sim,6,96,Baixo,Sim,0,Médio,Alto,Público,Positivo,3,Não,Pós-Graduação,Moderado,Masculino,71,médio
4629,23,99,Baixo,Baixo,Sim,6,68,Alto,Sim,1,Médio,Médio,Público,Neutro,3,Sim,Faculdade,Longe,Masculino,68,médio
4630,11,83,Baixo,Médio,Não,7,63,Alto,Sim,3,Alto,Médio,Público,Negativo,2,Não,Ensino Médio,Longe,Feminino,63,médio
4631,17,95,Alto,Médio,Não,5,54,Baixo,Sim,2,Alto,Alto,Público,Neutro,2,Não,Faculdade,Moderado,Feminino,69,médio
4632,22,98,Médio,Baixo,Não,10,73,Médio,Sim,1,Baixo,Baixo,Público,Negativo,4,Sim,Faculdade,Perto,Feminino,68,médio
4633,25,87,Alto,Alto,Sim,8,84,Baixo,Sim,2,Alto,Médio,Público,Positivo,4,Não,Faculdade,Moderado,Masculino,73,médio
4634,16,82,Médio,Médio,Sim,6,99,Médio,Sim,3,Alto,Médio,Público,Positivo,2,Não,Ensino Médio,Perto,Masculino,69,médio
4635,3,60,Médio,Médio,Sim,5,76,Médio,Sim,0,Médio,Alto,Privado,Neutro,4,Não,Ensino Médio,Moderado,Feminino,58,baixo
4636,23,62,Alto,Baixo,Não,5,87,Médio,Sim,1,Alto,Baixo,Privado,Positivo,3,Não,Ensino Médio,Perto,Masculino,65,médio
4637,13,68,Médio,Médio,Sim,8,95,Médio,Sim,2,Baixo,Baixo,Privado,Positivo,4,Não,Ensino Médio,Moderado,Masculino,63,médio
4638,8,67,Baixo,Baixo,Não,5,77,Baixo,Sim,1,Médio,Alto,Público,Positivo,2,Não,Faculdade,Perto,Masculino,59,baixo
4639,3,70,Médio,Médio,Sim,7,58,Médio,Sim,0,Médio,Médio,Privado,Neutro,2,Não,Ensino Médio,Moderado,Masculino,58,baixo
4640,25,72,Médio,Médio,Sim,4,92,Alto,Sim,1,Baixo,Médio,Privado,Negativo,2,Sim,Ensino Médio,Perto,Masculino,66,médio
4641,21,74,Médio,Alto,Sim,8,79,Médio,Sim,0,Baixo,Alto,Privado,Positivo,4,Não,Ensino Médio,Perto,Masculino,67,médio
4642,19,77,Alto,Médio,Sim,8,88,Médio,Não,3,Baixo,Médio,Público,Positivo,3,Não,Faculdade,Moderado,Masculino,67,médio
4643,28,64,Alto,Médio,Não,7,83,Baixo,Sim,2,Alto,Médio,Privado,Neutro,4,Não,Ensino Médio,Moderado,Masculino,67,médio
4644,24,62,Alto,Baixo,Sim,7,53,Médio,Sim,0,Médio,Médio,Público,Positivo,6,Não,Pós-Graduação,Perto,Feminino,65,médio
4645,30,87,Alto,Médio,Sim,8,58,Alto,Sim,1,Baixo,Médio,Público,Negativo,1,Não,Faculdade,Perto,Masculino,71,médio
4646,12,81,Médio,Médio,Sim,7,64,Alto,Sim,2,Alto,Médio,Público,Neutro,3,Não,Ensino Médio,Perto,Masculino,66,médio
4647,20,78,Médio,Alto,Sim,8,64,Médio,Sim,2,Alto,Médio,Privado,Positivo,2,Não,Ensino Médio,Moderado,Feminino,68,médio
4648,10,85,Médio,Alto,Sim,5,92,Médio,Sim,0,Baixo,Alto,Privado,Positivo,4,Sim,Ensino Médio,Longe,Feminino,65,médio
4649,19,93,Alto,Alto,Não,8,80,Médio,Sim,1,Médio,Médio,Privado,Neutro,3,Não,Faculdade,Moderado,Masculino,71,médio
4650,19,77,Médio,Baixo,Sim,7,54,Baixo,Sim,2,Baixo,Médio,Privado,Positivo,4,Não,Ensino Médio,Perto,Feminino,64,médio
4651,24,86,Médio,Alto,Sim,9,69,Alto,Sim,1,Médio,Alto,Público,Neutro,3,Não,Pós-Graduação,Perto,Masculino,72,médio
4652,20,98,Baixo,Baixo,Não,7,78,Baixo,Sim,4,Alto,Alto,Público,Neutro,2,Não,Ensino Médio,Longe,Masculino,69,médio
4653,24,94,Médio,Médio,Não,7,63,Médio,Sim,1,Baixo,Alto,Público,Neutro,3,Não,Ensino Médio,Perto,Masculino,70,médio
4654,24,77,Médio,Médio,Sim,6,52,Médio,Sim,0,Médio,Médio,Privado,Negativo,4,Não,Ensino Médio,Perto,Masculino,66,médio
4655,33,86,Médio,Médio,Não,9,69,Médio,Não,0,Médio,Médio,Público,Neutro,3,Não,Faculdade,Perto,Feminino,70,médio
4656,18,67,Alto,Baixo,Não,4,73,Baixo,Sim,0,Médio,Médio,Privado,Neutro,2,Não,Pós-Graduação,Moderado,Masculino,62,médio
4657,14,82,Baixo,Médio,Sim,8,95,Médio,Sim,1,Baixo,Médio,Privado,Neutro,3,Não,Pós-Graduação,Moderado,Masculino,66,médio
4658,21,99,Alto,Baixo,Não,7,95,Baixo,Sim,2,Baixo,Médio,Público,Negativo,1,Não,Ensino Médio,Perto,Feminino,70,médio
4659,15,81,Baixo,Baixo,Sim,7,75,Baixo,Sim,1,Médio,Alto,Público,Negativo,1,Não,Pós-Graduação,Moderado,Masculino,63,médio
4660,29,97,Alto,Médio,Sim,7,74,Médio,Sim,1,Médio,Baixo,Público,Positivo,4,Sim,Ensino Médio,Perto,Feminino,73,médio
4661,18,76,Médio,Alto,Sim,7,82,Alto,Sim,2,Médio,Alto,Público,Neutro,4,Não,Pós-Graduação,Perto,Feminino,70,médio
4662,17,100,Alto,Alto,Não,8,63,Baixo,Sim,1,Baixo,Médio,Privado,Positivo,5,Não,Ensino Médio,Perto,Masculino,71,médio
4663,17,83,Baixo,Médio,Não,6,64,Médio,Sim,1,Médio,Médio,Privado,Positivo,4,Não,Ensino Médio,Perto,Feminino,65,médio
4664,24,62,Médio,Baixo,Sim,7,50,Médio,Sim,1,Alto,Alto,Privado,Negativo,2,Não,Pós-Graduação,Perto,Masculino,64,médio
4665,19,83,Alto,Baixo,Sim,8,54,Médio,Sim,1,Baixo,Médio,Privado,Positivo,4,Não,Ensino Médio,Moderado,Masculino,66,médio
4666,16,71,Baixo,Baixo,Sim,6,59,Alto,Sim,1,Baixo,Alto,Público,Positivo,3,Não,Pós-Graduação,Perto,Masculino,82,alto
4667,30,61,Baixo,Alto,Sim,8,82,Baixo,Sim,2,Baixo,Alto,Público,Neutro,3,Não,Pós-Graduação,Perto,Feminino,68,médio
4668,15,93,Médio,Médio,Não,8,61,Alto,Sim,1,Médio,Médio,Público,Neutro,4,Não,Ensino Médio,Perto,Feminino,67,médio
4669,20,71,Baixo,Alto,Sim,6,56,Alto,Sim,5,Médio,Médio,Privado,Positivo,5,Não,Faculdade,Perto,Masculino,68,médio
4670,24,92,Baixo,Alto,Sim,5,81,Médio,Sim,2,Baixo,Médio,Privado,Negativo,3,Sim,Ensino Médio,Perto,Masculino,69,médio
4671,10,72,Médio,Médio,Sim,6,83,Médio,Sim,0,Médio,Médio,Público,Positivo,4,Não,Ensino Médio,Perto,Masculino,63,médio
4672,23,68,Médio,Alto,Não,7,53,Alto,Sim,3,Alto,Médio,Público,Neutro,3,Não,Ensino Médio,Moderado,Feminino,66,médio
4673,14,99,Médio,Médio,Não,7,89,Alto,Não,0,Médio,Médio,Privado,Positivo,2,Não,Pós-Graduação,Longe,Feminino,68,médio
4674,25,74,Alto,Médio,Sim,9,80,Médio,Sim,4,Médio,Médio,Público,Positivo,3,Não,Faculdade,Moderado,Feminino,71,médio
4675,14,84,Médio,Alto,Sim,6,70,Alto,Sim,2,Alto,Médio,Público,Positivo,3,Não,Faculdade,Perto,Feminino,69,médio
4676,24,84,Baixo,Médio,Sim,6,99,Médio,Sim,1,Médio,Alto,Público,Positivo,2,Não,Pós-Graduação,Longe,Feminino,70,médio
4677,27,82,Médio,Médio,Não,8,51,Alto,Sim,3,Alto,Médio,Público,Neutro,2,Não,Faculdade,Perto,Masculino,70,médio
4678,25,97,Médio,Médio,Sim,6,77,Baixo,Sim,1,Baixo,Alto,Privado,Positivo,4,Não,Pós-Graduação,Perto,Masculino,73,médio
4679,22,87,Médio,Alto,Sim,6,58,Médio,Sim,0,Baixo,Médio,Privado,Neutro,4,Não,Ensino Médio,Perto,Feminino,68,médio
4680,19,76,Médio,Baixo,Sim,6,66,Médio,Sim,1,Alto,Médio,Público,Positivo,3,Não,Ensino Médio,Perto,Masculino,65,médio
4681,17,94,Alto,Alto,Sim,4,57,Médio,Sim,4,Médio,Alto,Público,Neutro,4,Não,Ensino Médio,Moderado,Masculino,72,médio
4682,29,67,Alto,Baixo,Sim,8,83,Médio,Sim,2,Baixo,Médio,Privado,Positivo,4,Sim,Ensino Médio,Perto,Feminino,67,médio
4683,16,82,Baixo,Médio,Sim,8,70,Alto,Sim,4,Baixo,Alto,Público,Neutro,4,Não,Faculdade,Perto,Feminino,68,médio
4684,14,98,Médio,Médio,Sim,8,99,Baixo,Sim,0,Alto,Médio,Público,Neutro,3,Não,Ensino Médio,Perto,Masculino,69,médio
4685,24,85,Médio,Médio,Sim,10,83,Baixo,Sim,1,Médio,Alto,Público,Positivo,4,Não,Faculdade,Moderado,Feminino,70,médio
4686,15,93,Alto,Médio,Sim,9,96,Médio,Sim,1,Médio,Médio,Público,Negativo,2,Não,Ensino Médio,Moderado,Feminino,69,médio
4687,14,86,Alto,Alto,Sim,6,62,Médio,Sim,1,Médio,Médio,Privado,Positivo,2,Não,Ensino Médio,Perto,Masculino,68,médio
4688,11,94,Médio,Médio,Não,9,66,Médio,Não,2,Baixo,Alto,Privado,Positivo,2,Não,Ensino Médio,Moderado,Masculino,65,médio
4689,17,98,Médio,Alto,Sim,7,68,Médio,Sim,1,Baixo,Médio,Público,Positivo,4,Não,Faculdade,Moderado,Masculino,70,médio
4690,20,71,Médio,Baixo,Sim,6,92,Alto,Sim,1,Baixo,Médio,Privado,Negativo,4,Não,Faculdade,Perto,Masculino,65,médio
4691,21,67,Médio,Baixo,Não,6,61,Médio,Sim,0,Baixo,Médio,Privado,Positivo,3,Não,Ensino Médio,Moderado,Feminino,61,médio
4692,26,79,Médio,Baixo,Não,7,97,Médio,Sim,1,Alto,Médio,Privado,Positivo,2,Não,Ensino Médio,Perto,Masculino,69,médio
4693,23,88,Médio,Baixo,Sim,7,52,Médio,Sim,0,Médio,Baixo,Público,Neutro,4,Não,Ensino Médio,Perto,Masculino,67,médio
4694,19,69,Médio,Médio,Sim,9,94,Médio,Sim,1,Baixo,Alto,Público,Positivo,3,Não,Ensino Médio,Moderado,Masculino,65,médio
4695,19,60,Médio,Médio,Não,8,73,Alto,Sim,3,Médio,Baixo,Privado,Neutro,3,Não,Ensino Médio,Perto,Masculino,63,médio
4696,23,74,Médio,Alto,Sim,6,76,Médio,Sim,0,Médio,Alto,Privado,Negativo,4,Não,Ensino Médio,Perto,Masculino,67,médio
4697,28,99,Alto,Baixo,Não,5,100,Médio,Sim,6,Médio,Médio,Privado,Neutro,5,Não,Ensino Médio,Moderado,Feminino,76,médio
4698,21,88,Médio,Médio,Não,8,94,Médio,Sim,0,Médio,Alto,Público,Neutro,3,Não,Faculdade,Perto,Masculino,70,médio
4699,17,76,Médio,Alto,Sim,8,95,Baixo,Sim,1,Baixo,Médio,Privado,Neutro,4,Não,Pós-Graduação,Perto,Feminino,67,médio
4700,14,68,Alto,Alto,Sim,9,79,Baixo,Sim,2,Baixo,Médio,Privado,Positivo,4,Não,Faculdade,Perto,Feminino,66,médio
4701,11,74,Médio,Alto,Sim,7,98,Baixo,Sim,1,Baixo,Médio,Público,Positivo,2,Não,Ensino Médio,Perto,Masculino,65,médio
4702,24,67,Baixo,Alto,Não,8,84,Alto,Sim,0,Baixo,Médio,Público,Neutro,1,Não,Faculdade,Perto,Feminino,65,médio
4703,23,64,Baixo,Médio,Não,8,91,Médio,Sim,2,Baixo,Médio,Público,Negativo,3,Não,Ensino Médio,Longe,Feminino,63,médio
4704,23,96,Médio,Alto,Sim,5,86,Médio,Sim,3,Médio,Alto,Público,Neutro,3,Sim,Ensino Médio,Perto,Masculino,74,médio
4705,19,100,Baixo,Alto,Sim,7,89,Alto,Sim,2,Alto,Baixo,Privado,Neutro,3,Não,Faculdade,Moderado,Masculino,72,médio
4706,28,67,Alto,Alto,Não,8,82,Baixo,Sim,1,Alto,Baixo,Público,Neutro,4,Não,Ensino Médio,Perto,Feminino,68,médio
4707,17,62,Médio,Baixo,Não,8,86,Alto,Sim,2,Médio,Médio,Público,Neutro,4,Não,Ensino Médio,Moderado,Feminino,62,médio
4708,26,73,Baixo,Alto,Não,7,72,Médio,Sim,1,Baixo,Baixo,Privado,Neutro,3,Não,Faculdade,Longe,Masculino,65,médio
4709,20,78,Alto,Médio,Sim,10,85,Médio,Sim,1,Alto,Alto,Privado,Negativo,3,Não,Ensino Médio,Perto,Masculino,69,médio
4710,16,68,Médio,Baixo,Sim,10,64,Médio,Sim,2,Alto,Baixo,Público,Negativo,2,Não,Ensino Médio,Moderado,Masculino,61,médio
4711,24,72,Médio,Médio,Sim,7,82,Alto,Sim,2,Médio,Médio,Privado,Positivo,4,Não,Ensino Médio,Longe,Masculino,67,médio
4712,22,68,Médio,Alto,Não,7,76,Médio,Sim,1,Médio,Médio,Público,Positivo,4,Não,Ensino Médio,Perto,Masculino,66,médio
4713,22,91,Baixo,Médio,Sim,8,95,Médio,Sim,1,Baixo,Alto,Privado,Neutro,2,Não,Ensino Médio,Perto,Masculino,70,médio
4714,20,89,Médio,Alto,Não,7,84,Baixo,Sim,5,Alto,Médio,Público,Neutro,3,Não,Pós-Graduação,Moderado,Masculino,72,médio
4715,20,85,Alto,Baixo,Sim,9,80,Médio,Sim,3,Baixo,Médio,Privado,Neutro,3,Não,Pós-Graduação,Moderado,Masculino,69,médio
4716,34,75,Baixo,Médio,Sim,5,66,Médio,Sim,0,Baixo,Médio,Privado,Positivo,3,Não,Ensino Médio,Perto,Masculino,68,médio
4717,27,96,Médio,Médio,Não,7,93,Médio,Sim,2,Médio,Médio,Público,Neutro,2,Não,Faculdade,Perto,Masculino,74,médio
4718,24,99,Alto,Médio,Não,8,53,Alto,Sim,1,Baixo,Médio,Privado,Neutro,3,Sim,Ensino Médio,Perto,Masculino,70,médio
4719,21,67,Médio,Médio,Sim,9,95,Alto,Sim,1,Médio,Médio,Privado,Positivo,4,Não,Ensino Médio,Perto,Masculino,67,médio
4720,26,69,Médio,Médio,Sim,5,83,Médio,Sim,4,Médio,Alto,Privado,Neutro,2,Não,Ensino Médio,Moderado,Feminino,68,médio
4721,23,81,Alto,Baixo,Não,6,59,Médio,Sim,2,Alto,Alto,Privado,Neutro,1,Não,Pós-Graduação,Perto,Feminino,69,médio
4722,20,64,Alto,Baixo,Não,4,95,Médio,Sim,4,Médio,Médio,Público,Neutro,4,Não,Ensino Médio,Perto,Masculino,66,médio
4723,18,77,Médio,Baixo,Não,6,66,Alto,Sim,3,Médio,Alto,Público,Positivo,3,Não,Faculdade,Moderado,Masculino,66,médio
4724,20,83,Alto,Alto,Sim,5,58,Médio,Sim,1,Médio,Médio,Público,Neutro,3,Não,Ensino Médio,Perto,Masculino,68,médio
4725,1,81,Médio,Médio,Sim,8,66,Médio,Sim,1,Baixo,Médio,Público,Negativo,2,Não,Faculdade,Perto,Masculino,60,baixo
4726,21,73,Alto,Médio,Não,7,98,Alto,Sim,0,Alto,Alto,Público,Positivo,4,Sim,Pós-Graduação,Perto,Masculino,69,médio
4727,17,82,Alto,Médio,Não,7,88,Médio,Sim,1,Médio,Médio,Público,Negativo,1,Sim,Ensino Médio,Perto,Masculino,66,médio
4728,30,98,Médio,Alto,Sim,7,96,Médio,Sim,1,Médio,Médio,Privado,Neutro,3,Não,Pós-Graduação,Perto,Feminino,77,médio
4729,20,68,Médio,Baixo,Não,9,65,Baixo,Sim,1,Alto,Médio,Público,Negativo,5,Não,Faculdade,Perto,Masculino,63,médio
4730,13,86,Médio,Baixo,Sim,5,54,Médio,Sim,3,Alto,Alto,Público,Neutro,3,Sim,Faculdade,Perto,Masculino,66,médio
4731,20,62,Alto,Médio,Sim,4,78,Médio,Não,1,Alto,Médio,Privado,Positivo,4,Não,Ensino Médio,Moderado,Feminino,64,médio
4732,14,63,Alto,Alto,Não,8,74,Médio,Sim,1,Baixo,Médio,Privado,Neutro,4,Não,Pós-Graduação,Moderado,Feminino,63,médio
4733,23,82,Baixo,Médio,Sim,6,86,Médio,Sim,0,Alto,Médio,Público,Neutro,4,Não,Ensino Médio,Perto,Masculino,68,médio
4734,22,64,Alto,Médio,Não,5,77,Médio,Sim,1,Alto,Médio,Privado,Negativo,2,Não,Faculdade,Perto,Masculino,65,médio
4735,26,61,Alto,Médio,Sim,8,70,Baixo,Sim,1,Médio,Médio,Privado,Neutro,4,Sim,Pós-Graduação,Moderado,Masculino,65,médio
4736,15,67,Alto,Alto,Sim,4,50,Baixo,Sim,0,Médio,Médio,Público,Positivo,1,Não,Faculdade,Perto,Masculino,64,médio
4737,20,83,Alto,Médio,Sim,6,73,Médio,Sim,0,Alto,Médio,Público,Positivo,3,Não,Faculdade,Longe,Masculino,68,médio
4738,12,88,Baixo,Médio,Sim,4,56,Médio,Sim,0,Baixo,Alto,Privado,Neutro,2,Não,Ensino Médio,Longe,Masculino,62,médio
4739,24,68,Médio,Médio,Sim,7,96,Médio,Sim,1,Baixo,Alto,Público,Positivo,3,Não,Ensino Médio,Perto,Masculino,67,médio
4740,23,87,Alto,Alto,Sim,9,96,Alto,Sim,1,Médio,Médio,Privado,Positivo,1,Não,Faculdade,Perto,Feminino,73,médio
4741,23,67,Alto,Alto,Sim,6,90,Médio,Sim,2,Alto,Médio,Privado,Positivo,3,Não,Ensino Médio,Perto,Feminino,69,médio
4742,20,85,Médio,Médio,Não,6,58,Baixo,Sim,0,Baixo,Médio,Privado,Negativo,2,Não,Pós-Graduação,Perto,Masculino,65,médio
4743,22,76,Médio,Médio,Sim,10,57,Médio,Sim,1,Médio,Alto,Privado,Neutro,3,Não,Ensino Médio,Longe,Masculino,66,médio
4744,30,86,Alto,Médio,Não,8,78,Médio,Sim,4,Médio,Baixo,Público,Positivo,2,Não,Faculdade,Longe,Masculino,73,médio
4745,18,100,Alto,Médio,Sim,10,86,Médio,Sim,1,Médio,Médio,Público,Neutro,3,Não,Ensino Médio,Perto,Masculino,72,médio
4746,21,98,Médio,Médio,Sim,7,95,Baixo,Sim,3,Alto,Baixo,Público,Neutro,1,Não,Ensino Médio,Perto,Masculino,72,médio
4747,13,60,Baixo,Alto,Sim,7,95,Médio,Sim,1,Baixo,Médio,Privado,Positivo,1,Não,Ensino Médio,Perto,Feminino,61,médio
4748,15,95,Alto,Médio,Sim,9,58,Baixo,Sim,2,Baixo,Alto,Privado,Neutro,3,Não,Ensino Médio,Perto,Feminino,69,médio
4749,21,63,Alto,Médio,Não,7,100,Médio,Sim,1,Alto,Médio,Privado,Neutro,2,Não,Pós-Graduação,Moderado,Feminino,66,médio
4750,27,98,Alto,Alto,Não,7,58,Médio,Sim,1,Alto,Médio,Público,Positivo,3,Não,Pós-Graduação,Longe,Feminino,74,médio
4751,18,71,Alto,Baixo,Sim,4,92,Médio,Sim,1,Baixo,Médio,Público,Negativo,4,Sim,Faculdade,Perto,Feminino,64,médio
4752,19,75,Médio,Alto,Sim,10,79,Médio,Sim,1,Médio,Médio,Público,Neutro,2,Não,Ensino Médio,Perto,Feminino,66,médio
4753,18,64,Alto,Médio,Sim,8,84,Médio,Não,2,Médio,Médio,Público,Neutro,3,Não,Faculdade,Perto,Feminino,64,médio
4754,17,64,Alto,Alto,Não,7,80,Baixo,Sim,3,Médio,Médio,Privado,Positivo,4,Não,Ensino Médio,Perto,Masculino,66,médio
4755,22,89,Médio,Alto,Não,8,93,Médio,Sim,2,Alto,Baixo,Privado,Neutro,5,Não,Ensino Médio,Perto,Masculino,72,médio
4756,11,98,Alto,Alto,Sim,5,82,Alto,Sim,1,Médio,Médio,Privado,Neutro,2,Não,Pós-Graduação,Perto,Masculino,71,médio
4757,28,84,Alto,Médio,Sim,6,92,Médio,Sim,1,Médio,Médio,Público,Negativo,3,Sim,Ensino Médio,Perto,Feminino,70,médio
4758,16,89,Alto,Médio,Sim,8,58,Baixo,Sim,2,Baixo,Médio,Público,Neutro,3,Não,Faculdade,Moderado,Masculino,67,médio
4759,24,90,Médio,Alto,Não,7,93,Baixo,Sim,1,Baixo,Alto,Público,Neutro,2,Sim,Pós-Graduação,Perto,Masculino,71,médio
4760,12,71,Médio,Baixo,Não,8,100,Médio,Sim,2,Alto,Médio,Público,Neutro,3,Sim,Faculdade,Perto,Masculino,63,médio
4761,24,62,Médio,Alto,Não,7,83,Baixo,Sim,1,Médio,Baixo,Público,Neutro,2,Não,Faculdade,Moderado,Feminino,64,médio
4762,24,60,Médio,Médio,Sim,8,99,Médio,Sim,2,Baixo,Baixo,Público,Neutro,1,Não,Ensino Médio,Moderado,Masculino,64,médio
4763,22,74,Médio,Baixo,Não,5,61,Médio,Sim,1,Baixo,Médio,Público,Positivo,3,Não,Pós-Graduação,Perto,Feminino,65,médio
4764,14,70,Médio,Médio,Sim,9,91,Alto,Sim,2,Médio,Médio,Público,Neutro,4,Não,Ensino Médio,Perto,Feminino,65,médio
4765,21,62,Médio,Baixo,Não,6,58,Médio,Sim,2,Baixo,Alto,Privado,Neutro,3,Não,Faculdade,Moderado,Feminino,62,médio
4766,13,67,Alto,Alto,Sim,7,76,Médio,Sim,2,Baixo,Médio,Privado,Neutro,5,Não,Ensino Médio,Perto,Masculino,65,médio
4767,18,65,Médio,Alto,Não,6,83,Baixo,Sim,1,Médio,Alto,Privado,Neutro,2,Não,Ensino Médio,Perto,Masculino,64,médio
4768,26,97,Médio,Médio,Sim,7,83,Baixo,Sim,2,Baixo,Médio,Público,Positivo,3,Não,Pós-Graduação,Perto,Masculino,74,médio
4769,25,66,Médio,Alto,Sim,7,84,Baixo,Sim,2,Alto,Médio,Público,Positivo,1,Não,Ensino Médio,Perto,Masculino,67,médio
4770,20,82,Baixo,Médio,Não,8,66,Baixo,Sim,0,Alto,Médio,Público,Positivo,2,Não,Pós-Graduação,Perto,Masculino,66,médio
4771,14,84,Alto,Alto,Não,8,99,Médio,Não,3,Médio,Alto,Público,Neutro,4,Não,Pós-Graduação,Perto,Feminino,70,médio
4772,24,82,Médio,Alto,Não,8,50,Médio,Sim,0,Médio,Médio,Público,Positivo,2,Não,Pós-Graduação,Moderado,Masculino,68,médio
4773,20,64,Médio,Médio,Não,6,81,Médio,Sim,0,Alto,Alto,Público,Positivo,1,Não,Ensino Médio,Moderado,Feminino,64,médio
4774,6,73,Médio,Médio,Não,8,93,Baixo,Sim,0,Baixo,Médio,Privado,Neutro,1,Sim,Ensino Médio,Longe,Feminino,58,baixo
4775,25,62,Médio,Médio,Sim,7,95,Baixo,Sim,1,Alto,Médio,Público,Neutro,4,Sim,Faculdade,Perto,Masculino,65,médio
4776,20,76,Médio,Alto,Sim,7,86,Médio,Sim,2,Médio,Médio,Público,Negativo,5,Não,Ensino Médio,Perto,Feminino,68,médio
4777,27,68,Baixo,Médio,Não,8,79,Médio,Sim,2,Baixo,Alto,Privado,Negativo,1,Sim,Pós-Graduação,Moderado,Feminino,64,médio
4778,13,82,Médio,Alto,Não,5,73,Baixo,Sim,4,Baixo,Médio,Público,Negativo,4,Não,Ensino Médio,Perto,Masculino,66,médio
4779,1,88,Médio,Alto,Sim,4,72,Alto,Sim,3,Médio,Médio,Privado,Negativo,2,Não,Faculdade,Perto,Masculino,92,alto
4780,22,81,Alto,Médio,Sim,9,71,Médio,Sim,2,Alto,Baixo,Público,Negativo,4,Não,Ensino Médio,Perto,Masculino,69,médio
4781,22,77,Médio,Alto,Não,7,85,Baixo,Sim,2,Baixo,Médio,Público,Neutro,2,Não,Faculdade,Perto,Masculino,68,médio
4782,10,75,Médio,Médio,Não,8,87,Baixo,Sim,2,Médio,Médio,Público,Positivo,4,Sim,Ensino Médio,Perto,Feminino,63,médio
4783,14,94,Baixo,Médio,Sim,6,76,Médio,Não,0,Baixo,Baixo,Público,Neutro,3,Não,Ensino Médio,Perto,Masculino,64,médio
4784,37,69,Médio,Alto,Sim,9,87,Médio,Não,1,Baixo,Médio,Público,Negativo,2,Não,Faculdade,Longe,Feminino,68,médio
4785,18,89,Médio,Baixo,Não,8,76,Alto,Sim,0,Baixo,Médio,Público,Positivo,2,Não,Ensino Médio,Perto,Masculino,67,médio
4786,24,90,Baixo,Médio,Sim,7,55,Médio,Sim,1,Alto,Médio,Público,Negativo,2,Não,Pós-Graduação,Longe,Masculino,68,médio
4787,16,77,Médio,Médio,Sim,7,93,Médio,Sim,1,Baixo,Médio,Público,Positivo,2,Não,Ensino Médio,Moderado,Masculino,66,médio
4788,7,72,Médio,Médio,Sim,4,94,Médio,Sim,4,Médio,Médio,Privado,Positivo,4,Não,Pós-Graduação,Perto,Masculino,66,médio
4789,19,79,Médio,Alto,Sim,8,63,Médio,Sim,4,Baixo,Alto,Público,Neutro,2,Não,Ensino Médio,Moderado,Masculino,68,médio
4790,18,64,Médio,Alto,Sim,9,89,Baixo,Sim,1,Médio,Alto,Privado,Neutro,3,Não,Ensino Médio,Moderado,Masculino,64,médio
4791,18,62,Alto,Médio,Sim,7,76,Médio,Sim,2,Médio,Médio,Privado,Negativo,3,Sim,Faculdade,Perto,Feminino,63,médio
4792,19,64,Médio,Médio,Sim,7,56,Médio,Sim,0,Baixo,Médio,Privado,Neutro,4,Não,Ensino Médio,Perto,Feminino,62,médio
4793,22,67,Médio,Alto,Não,7,70,Alto,Sim,2,Baixo,Médio,Privado,Positivo,2,Não,Ensino Médio,Perto,Masculino,66,médio
4794,19,80,Alto,Médio,Sim,9,54,Médio,Sim,0,Baixo,Médio,Público,Negativo,2,Não,Pós-Graduação,Moderado,Masculino,65,médio
4795,12,94,Médio,Baixo,Sim,9,89,Médio,Sim,1,Baixo,Baixo,Privado,Negativo,3,Não,Ensino Médio,Perto,Masculino,66,médio
4796,23,69,Médio,Alto,Sim,6,60,Médio,Sim,2,Baixo,Alto,Privado,Negativo,4,Não,Ensino Médio,Perto,Masculino,66,médio
4797,8,97,Médio,Alto,Sim,8,58,Alto,Sim,2,Alto,Médio,Público,Neutro,2,Não,Faculdade,Perto,Feminino,69,médio
4798,8,98,Baixo,Médio,Sim,7,60,Médio,Sim,1,Alto,Alto,Privado,Negativo,3,Não,Pós-Graduação,Perto,Feminino,67,médio
4799,24,98,Médio,Alto,Não,8,61,Médio,Sim,6,Médio,Alto,Privado,Positivo,3,Não,Ensino Médio,Perto,Feminino,75,médio
4800,23,94,Alto,Médio,Sim,6,84,Alto,Sim,0,Baixo,Alto,Público,Neutro,3,Não,Pós-Graduação,Perto,Masculino,73,médio
4801,20,75,Médio,Médio,Sim,9,82,Alto,Sim,0,Baixo,Baixo,Público,Positivo,5,Não,Faculdade,Moderado,Feminino,66,médio
4802,12,63,Médio,Médio,Não,8,56,Baixo,Sim,4,Médio,Médio,Público,Positivo,4,Não,Faculdade,Moderado,Masculino,61,médio
4803,16,83,Médio,Médio,Sim,9,86,Médio,Sim,5,Baixo,Alto,Privado,Negativo,4,Não,Ensino Médio,Moderado,Feminino,68,médio
4804,18,82,Médio,Médio,Sim,5,67,Alto,Não,1,Médio,Alto,Público,Neutro,4,Não,Faculdade,Perto,Masculino,67,médio
4805,10,94,Médio,Alto,Não,5,73,Médio,Sim,1,Médio,Médio,Público,Negativo,3,Não,Ensino Médio,Moderado,Masculino,66,médio
4806,16,100,Médio,Alto,Não,10,56,Médio,Sim,1,Alto,Médio,Público,Neutro,2,Não,Ensino Médio,Perto,Feminino,69,médio
4807,24,80,Médio,Médio,Não,9,85,Baixo,Sim,3,Baixo,Médio,Público,Positivo,4,Não,Ensino Médio,Perto,Masculino,69,médio
4808,29,74,Médio,Alto,Sim,6,69,Médio,Sim,1,Baixo,Alto,Privado,Negativo,1,Não,Faculdade,Longe,Feminino,67,médio
4809,17,67,Alto,Médio,Não,8,82,Médio,Sim,0,Médio,Médio,Público,Positivo,4,Não,Ensino Médio,Perto,Feminino,65,médio
4810,25,60,Médio,Baixo,Não,6,71,Baixo,Sim,2,Alto,Médio,Público,Positivo,2,Não,Ensino Médio,Perto,Masculino,63,médio
4811,9,80,Médio,Baixo,Sim,4,52,Baixo,Sim,1,Alto,Médio,Público,Positivo,2,Não,Pós-Graduação,Perto,Feminino,63,médio
4812,24,82,Médio,Médio,Não,4,85,Baixo,Não,1,Baixo,Médio,Público,Negativo,2,Não,Ensino Médio,Perto,Masculino,66,médio
4813,15,93,Médio,Médio,Sim,7,78,Baixo,Sim,0,Médio,Médio,Público,Negativo,4,Não,Ensino Médio,Moderado,Masculino,66,médio
4814,22,80,Médio,Alto,Sim,9,72,Baixo,Sim,2,Médio,Médio,Público,Neutro,4,Não,Faculdade,Perto,Feminino,69,médio
4815,19,97,Alto,Médio,Sim,9,60,Alto,Sim,3,Médio,Médio,Público,Negativo,4,Não,Pós-Graduação,Moderado,Feminino,72,médio
4816,28,85,Médio,Médio,Sim,9,81,Baixo,Sim,2,Baixo,Médio,Público,Neutro,3,Não,Ensino Médio,Perto,Masculino,70,médio
4817,15,94,Médio,Alto,Sim,8,64,Médio,Sim,2,Baixo,Médio,Público,Negativo,1,Não,Faculdade,Perto,Masculino,68,médio
4818,24,66,Alto,Médio,Sim,7,71,Baixo,Sim,1,Baixo,Alto,Público,Neutro,3,Não,Ensino Médio,Perto,Masculino,66,médio
4819,18,94,Baixo,Médio,Sim,9,53,Médio,Sim,3,Baixo,Médio,Público,Negativo,3,Não,Faculdade,Moderado,Feminino,67,médio
4820,19,87,Alto,Médio,Não,4,89,Médio,Sim,0,Baixo,Baixo,Público,Positivo,5,Sim,Pós-Graduação,Moderado,Feminino,68,médio
4821,19,67,Médio,Baixo,Sim,8,55,Médio,Não,0,Médio,Alto,Privado,Positivo,4,Não,Ensino Médio,Perto,Masculino,62,médio
4822,15,68,Médio,Alto,Não,5,95,Alto,Sim,1,Médio,Médio,Privado,Positivo,2,Sim,Faculdade,Perto,Feminino,64,médio
4823,20,97,Alto,Baixo,Sim,6,93,Baixo,Sim,1,Alto,Alto,Público,Positivo,1,Não,Faculdade,Longe,Masculino,71,médio
4824,20,61,Alto,Médio,Não,8,99,Médio,Sim,0,Médio,Alto,Público,Neutro,4,Não,Faculdade,Perto,Masculino,65,médio
4825,21,79,Médio,Médio,Sim,8,95,Alto,Sim,0,Médio,Médio,Público,Neutro,2,Não,Pós-Graduação,Perto,Feminino,69,médio
4826,21,73,Médio,Médio,Não,6,99,Médio,Não,1,Baixo,Médio,Público,Neutro,5,Não,Ensino Médio,Perto,Masculino,65,médio
4827,25,87,Médio,Médio,Não,8,94,Alto,Sim,0,Médio,Alto,Público,Positivo,4,Não,Ensino Médio,Perto,Masculino,71,médio
4828,26,94,Baixo,Médio,Não,8,56,Baixo,Sim,1,Alto,Médio,Público,Negativo,2,Não,Faculdade,Perto,Feminino,69,médio
4829,14,74,Alto,Médio,Sim,7,72,Alto,Não,2,Médio,Médio,Privado,Negativo,3,Não,Faculdade,Perto,Masculino,65,médio
4830,25,77,Baixo,Médio,Sim,7,54,Médio,Sim,2,Médio,Médio,Público,Neutro,1,Não,Faculdade,Moderado,Masculino,66,médio
4831,13,99,Médio,Médio,Sim,10,77,Baixo,Sim,0,Médio,Alto,Privado,Negativo,3,Não,Faculdade,Moderado,Feminino,68,médio
4832,24,91,Alto,Alto,Sim,7,76,Médio,Sim,0,Médio,Médio,Privado,Positivo,2,Não,Ensino Médio,Moderado,Feminino,72,médio
4833,24,96,Alto,Alto,Sim,7,96,Médio,Sim,1,Médio,Médio,Público,Negativo,3,Não,Ensino Médio,Perto,Feminino,74,médio
4834,9,78,Médio,Médio,Não,7,98,Baixo,Sim,3,Baixo,Médio,Público,Positivo,2,Não,Ensino Médio,Perto,Masculino,64,médio
4835,21,69,Alto,Baixo,Sim,7,63,Médio,Sim,0,Médio,Médio,Público,Positivo,3,Não,Ensino Médio,Moderado,Masculino,64,médio
4836,17,76,Médio,Médio,Sim,8,79,Baixo,Não,1,Baixo,Médio,Público,Neutro,4,Sim,Pós-Graduação,Longe,Feminino,63,médio
4837,15,89,Alto,Baixo,Não,9,73,Alto,Sim,2,Baixo,Baixo,Privado,Neutro,2,Não,Ensino Médio,Perto,Masculino,66,médio
4838,28,64,Médio,Médio,Sim,7,77,Médio,Sim,1,Alto,Médio,Público,Positivo,2,Não,Ensino Médio,Perto,Masculino,67,médio
4839,16,71,Alto,Baixo,Sim,6,77,Baixo,Sim,4,Médio,Médio,Público,Neutro,5,Sim,Faculdade,Moderado,Masculino,64,médio
4840,15,62,Baixo,Alto,Não,10,96,Baixo,Sim,0,Médio,Alto,Privado,Positivo,4,Não,Ensino Médio,Longe,Masculino,62,médio
4841,20,77,Médio,Baixo,Sim,7,95,Alto,Sim,0,Médio,Médio,Público,Positivo,1,Não,Ensino Médio,Longe,Masculino,66,médio
4842,24,93,Médio,Alto,Não,4,56,Baixo,Sim,4,Baixo,Alto,Público,Negativo,2,Não,Pós-Graduação,Moderado,Feminino,71,médio
4843,19,61,Alto,Baixo,Sim,10,67,Baixo,Não,1,Médio,Médio,Público,Positivo,6,Não,Pós-Graduação,Perto,Feminino,63,médio
4844,27,87,Alto,Médio,Sim,9,88,Médio,Sim,1,Baixo,Alto,Público,Positivo,4,Sim,Faculdade,Perto,Masculino,72,médio
4845,23,97,Médio,Alto,Não,9,84,Baixo,Sim,1,Alto,Médio,Público,Positivo,3,Sim,Ensino Médio,Longe,Feminino,71,médio
4846,7,69,Baixo,Médio,Não,9,82,Baixo,Sim,1,Médio,Alto,Privado,Positivo,3,Não,Pós-Graduação,Perto,Feminino,61,médio
4847,17,88,Médio,Alto,Sim,10,100,Médio,Sim,1,Baixo,Alto,Público,Positivo,2,Não,Pós-Graduação,Perto,Feminino,71,médio
4848,17,99,Médio,Médio,Não,5,67,Baixo,Sim,2,Médio,Médio,Privado,Neutro,4,Não,Pós-Graduação,Longe,Masculino,69,médio
4849,23,98,Médio,Alto,Sim,6,76,Baixo,Sim,3,Baixo,Alto,Público,Positivo,3,Não,Ensino Médio,Perto,Masculino,74,médio
4850,4,69,Médio,Alto,Sim,6,99,Médio,Sim,0,Médio,Alto,Público,Neutro,2,Não,Ensino Médio,Moderado,Masculino,61,médio
4851,35,64,Médio,Baixo,Não,6,85,Alto,Sim,2,Médio,Alto,Privado,Neutro,2,Não,Ensino Médio,Moderado,Masculino,68,médio
4852,23,66,Médio,Alto,Sim,7,82,Alto,Sim,1,Médio,Médio,Público,Positivo,2,Não,Ensino Médio,Perto,Masculino,67,médio
4853,21,88,Alto,Baixo,Não,6,58,Médio,Sim,3,Alto,Médio,Privado,Neutro,4,Não,Faculdade,Perto,Masculino,70,médio
4854,27,89,Médio,Médio,Não,5,62,Médio,Sim,0,Baixo,Médio,Público,Neutro,3,Não,Ensino Médio,Perto,Masculino,69,médio
4855,34,87,Médio,Baixo,Não,6,69,Alto,Sim,3,Baixo,Médio,Privado,Neutro,2,Não,Faculdade,Moderado,Masculino,72,médio
4856,25,73,Médio,Baixo,Sim,7,73,Médio,Sim,1,Médio,Médio,Público,Positivo,2,Não,Ensino Médio,Perto,Masculino,66,médio
4857,26,67,Médio,Médio,Não,9,75,Médio,Sim,2,Médio,Médio,Público,Positivo,3,Não,Ensino Médio,Perto,Masculino,67,médio
4858,21,83,Médio,Médio,Não,6,95,Alto,Sim,4,Alto,Alto,Público,Neutro,2,Não,Ensino Médio,Longe,Feminino,70,médio
4859,19,79,Médio,Alto,Sim,8,55,Médio,Sim,3,Médio,Médio,Privado,Neutro,4,Sim,Pós-Graduação,Perto,Masculino,68,médio
4860,17,89,Baixo,Médio,Sim,5,62,Alto,Sim,2,Médio,Médio,Privado,Positivo,2,Não,Faculdade,Perto,Feminino,68,médio
4861,15,78,Médio,Alto,Não,4,57,Alto,Sim,2,Médio,Alto,Público,Negativo,2,Não,Ensino Médio,Perto,Feminino,65,médio
4862,16,74,Médio,Baixo,Sim,7,87,Médio,Sim,0,Baixo,Baixo,Público,Positivo,3,Não,Faculdade,Perto,Feminino,63,médio
4863,12,72,Baixo,Baixo,Sim,6,99,Alto,Sim,0,Baixo,Médio,Público,Positivo,4,Não,Faculdade,Longe,Feminino,62,médio
4864,20,68,Médio,Alto,Sim,6,95,Médio,Sim,0,Baixo,Médio,Público,Positivo,4,Não,Ensino Médio,Perto,Feminino,66,médio
4865,10,71,Médio,Alto,Sim,6,86,Médio,Sim,1,Médio,Baixo,Público,Negativo,2,Sim,Pós-Graduação,Perto,Masculino,62,médio
4866,21,64,Baixo,Alto,Sim,6,51,Baixo,Sim,0,Alto,Baixo,Público,Negativo,3,Não,Faculdade,Moderado,Feminino,61,médio
4867,20,74,Baixo,Médio,Sim,6,67,Alto,Sim,0,Médio,Médio,Privado,Negativo,4,Sim,Faculdade,Moderado,Feminino,63,médio
4868,21,61,Médio,Médio,Sim,6,93,Baixo,Sim,3,Médio,Alto,Privado,Neutro,3,Não,Ensino Médio,Perto,Feminino,65,médio
4869,17,67,Alto,Baixo,Não,5,83,Alto,Sim,3,Baixo,Médio,Público,Positivo,3,Não,Ensino Médio,Moderado,Masculino,64,médio
4870,38,90,Alto,Médio,Sim,4,60,Baixo,Sim,2,Baixo,Médio,Público,Neutro,4,Não,Faculdade,Moderado,Masculino,74,médio
4871,28,73,Baixo,Médio,Sim,4,73,Médio,Sim,2,Alto,Alto,Público,Positivo,2,Não,Pós-Graduação,Perto,Feminino,70,médio
4872,13,87,Baixo,Médio,Não,10,54,Baixo,Sim,2,Baixo,Médio,Público,Positivo,2,Não,Ensino Médio,Moderado,Feminino,63,médio
4873,21,89,Baixo,Médio,Não,7,76,Médio,Sim,3,Alto,Médio,Público,Positivo,2,Não,Ensino Médio,Longe,Feminino,68,médio
4874,16,83,Médio,Alto,Sim,9,95,Médio,Sim,2,Baixo,Alto,Público,Neutro,2,Não,Faculdade,Perto,Masculino,69,médio
4875,14,98,Médio,Alto,Sim,7,52,Alto,Sim,1,Médio,Alto,Privado,Negativo,4,Não,Ensino Médio,Moderado,Masculino,70,médio
4876,12,61,Médio,Médio,Sim,7,81,Médio,Sim,2,Alto,Médio,Público,Neutro,3,Não,Faculdade,Longe,Masculino,62,médio
4877,23,90,Alto,Médio,Sim,7,62,Médio,Sim,3,Médio,Baixo,Privado,Positivo,2,Não,Pós-Graduação,Moderado,Masculino,71,médio
4878,16,98,Médio,Baixo,Não,8,100,Baixo,Sim,2,Baixo,Médio,Público,Neutro,1,Não,Ensino Médio,Perto,Masculino,69,médio
4879,26,94,Alto,Baixo,Sim,5,53,Baixo,Sim,0,Baixo,Alto,Público,Neutro,2,Não,Ensino Médio,Perto,Masculino,69,médio
4880,26,67,Baixo,Alto,Sim,6,81,Alto,Sim,4,Baixo,Alto,Público,Neutro,3,Sim,Faculdade,Perto,Masculino,68,médio
4881,28,73,Baixo,Médio,Sim,7,63,Baixo,Sim,0,Baixo,Médio,Público,Positivo,2,Não,Ensino Médio,Perto,Masculino,65,médio
4882,15,67,Médio,Alto,Sim,4,94,Alto,Sim,1,Médio,Médio,Privado,Positivo,5,Não,Ensino Médio,Longe,Masculino,65,médio
4883,23,84,Baixo,Baixo,Sim,9,56,Baixo,Não,1,Médio,Alto,Público,Positivo,4,Não,Ensino Médio,Perto,Feminino,65,médio
4884,24,88,Alto,Alto,Não,9,71,Médio,Sim,2,Alto,Alto,Público,Negativo,3,Não,Ensino Médio,Perto,Feminino,72,médio
4885,17,73,Médio,Baixo,Não,4,59,Alto,Sim,2,Baixo,Alto,Privado,Negativo,4,Não,Ensino Médio,Moderado,Feminino,63,médio
4886,15,82,Médio,Alto,Sim,6,90,Alto,Não,2,Alto,Médio,Público,Positivo,2,Não,Ensino Médio,Perto,Masculino,68,médio
4887,30,88,Médio,Médio,Sim,7,68,Baixo,Sim,1,Médio,Alto,Público,Positivo,3,Não,Faculdade,Perto,Feminino,72,médio
4888,21,77,Médio,Baixo,Sim,8,59,Médio,Sim,3,Baixo,Médio,Privado,Positivo,2,Não,Ensino Médio,Perto,Masculino,66,médio
4889,24,94,Baixo,Médio,Não,9,86,Alto,Sim,2,Baixo,Médio,Público,Neutro,3,Não,Faculdade,Perto,Feminino,71,médio
4890,15,91,Médio,Baixo,Sim,6,91,Baixo,Sim,0,Médio,Médio,Público,Positivo,3,Não,Faculdade,Moderado,Feminino,67,médio
4891,13,63,Médio,Médio,Não,10,73,Baixo,Sim,2,Baixo,Alto,Público,Negativo,3,Não,Pós-Graduação,Moderado,Masculino,61,médio
4892,17,85,Alto,Alto,Sim,7,69,Médio,Sim,4,Baixo,Alto,Privado,Neutro,2,Não,Ensino Médio,Perto,Feminino,70,médio
4893,19,69,Médio,Médio,Sim,7,82,Baixo,Não,2,Baixo,Médio,Público,Neutro,3,Não,Faculdade,Perto,Masculino,64,médio
4894,14,82,Médio,Médio,Sim,8,83,Médio,Sim,0,Médio,Médio,Público,Negativo,2,Não,Ensino Médio,Moderado,Masculino,64,médio
4895,20,98,Baixo,Alto,Sim,7,83,Médio,Não,0,Baixo,Médio,Público,Neutro,3,Não,Ensino Médio,Longe,Feminino,68,médio
4896,10,95,Alto,Médio,Não,7,64,Alto,Sim,4,Baixo,Médio,Privado,Positivo,3,Não,Pós-Graduação,Perto,Masculino,70,médio
4897,13,76,Baixo,Médio,Sim,10,97,Alto,Sim,4,Baixo,Baixo,Público,Neutro,3,Não,Faculdade,Moderado,Masculino,65,médio
4898,24,72,Alto,Alto,Não,7,61,Médio,Sim,3,Baixo,Médio,Privado,Neutro,2,Não,Ensino Médio,Perto,Feminino,67,médio
4899,24,69,Médio,Baixo,Sim,6,69,Médio,Sim,0,Baixo,Alto,Privado,Neutro,4,Não,Faculdade,Perto,Masculino,65,médio
4900,18,81,Baixo,Médio,Sim,6,64,Médio,Sim,1,Médio,Médio,Público,Positivo,4,Não,Ensino Médio,Moderado,Feminino,65,médio
4901,14,65,Médio,Alto,Sim,9,97,Baixo,Sim,3,Baixo,Alto,Público,Positivo,4,Não,Ensino Médio,Perto,Feminino,65,médio
4902,14,82,Alto,Baixo,Sim,8,91,Alto,Sim,1,Baixo,Médio,Público,Negativo,2,Não,Ensino Médio,Perto,Masculino,66,médio
4903,18,60,Médio,Alto,Não,5,91,Baixo,Sim,2,Baixo,Médio,Público,Negativo,4,Sim,Ensino Médio,Perto,Masculino,62,médio
4904,24,73,Médio,Médio,Sim,5,50,Baixo,Sim,1,Baixo,Médio,Público,Negativo,2,Não,Ensino Médio,Perto,Masculino,63,médio
4905,26,69,Baixo,Baixo,Sim,7,84,Médio,Sim,0,Médio,Médio,Privado,Neutro,3,Sim,Ensino Médio,Moderado,Masculino,63,médio
4906,17,99,Médio,Médio,Sim,8,62,Médio,Sim,3,Médio,Médio,Privado,Neutro,3,Não,Ensino Médio,Perto,Masculino,70,médio
4907,13,89,Baixo,Alto,Sim,6,98,Médio,Sim,0,Médio,Médio,Privado,Negativo,4,Não,Ensino Médio,Perto,Masculino,67,médio
4908,22,74,Alto,Alto,Não,4,77,Baixo,Sim,0,Alto,Médio,Privado,Negativo,3,Sim,Ensino Médio,Perto,Masculino,66,médio
4909,15,64,Alto,Médio,Não,5,78,Médio,Sim,2,Baixo,Médio,Público,Positivo,2,Não,Ensino Médio,Moderado,Masculino,63,médio
4910,17,81,Alto,Baixo,Sim,9,68,Alto,Sim,1,Baixo,Baixo,Privado,Positivo,3,Não,Faculdade,Perto,Feminino,66,médio
4911,28,69,Baixo,Médio,Não,8,77,Médio,Sim,3,Médio,Médio,Público,Neutro,4,Não,Faculdade,Moderado,Feminino,67,médio
4912,25,81,Médio,Médio,Não,9,87,Baixo,Sim,1,Baixo,Alto,Privado,Negativo,1,Não,Pós-Graduação,Moderado,Feminino,68,médio
4913,21,93,Baixo,Alto,Sim,9,78,Baixo,Sim,1,Médio,Baixo,Público,Neutro,2,Sim,Ensino Médio,Longe,Masculino,67,médio
4914,12,85,Médio,Alto,Sim,6,82,Médio,Sim,1,Alto,Médio,Público,Neutro,2,Não,Ensino Médio,Longe,Masculino,66,médio
4915,21,85,Alto,Alto,Sim,6,74,Médio,Sim,2,Médio,Médio,Público,Neutro,4,Não,Ensino Médio,Perto,Feminino,71,médio
4916,26,82,Médio,Médio,Sim,7,86,Médio,Sim,0,Baixo,Alto,Público,Neutro,2,Sim,Pós-Graduação,Perto,Masculino,69,médio
4917,18,97,Alto,Baixo,Sim,8,95,Alto,Sim,1,Médio,Médio,Público,Positivo,2,Não,Pós-Graduação,Moderado,Masculino,72,médio
4918,28,97,Alto,Baixo,Sim,9,53,Baixo,Sim,0,Baixo,Médio,Privado,Negativo,3,Não,Faculdade,Moderado,Feminino,70,médio
4919,28,81,Médio,Médio,Sim,10,55,Médio,Sim,2,Médio,Baixo,Privado,Neutro,3,Não,Ensino Médio,Perto,Masculino,68,médio
4920,30,72,Médio,Médio,Não,8,84,Médio,Sim,1,Baixo,Alto,Privado,Positivo,1,Não,Ensino Médio,Perto,Masculino,68,médio
4921,22,78,Baixo,Alto,Sim,8,69,Alto,Sim,2,Baixo,Médio,Público,Negativo,2,Não,Ensino Médio,Perto,Feminino,67,médio
4922,24,67,Médio,Médio,Não,10,64,Baixo,Sim,1,Baixo,Médio,Público,Positivo,2,Sim,Faculdade,Longe,Feminino,62,médio
4923,28,85,Médio,Baixo,Não,7,59,Baixo,Sim,1,Baixo,Médio,Público,Neutro,3,Não,Pós-Graduação,Longe,Masculino,67,médio
4924,23,80,Alto,Médio,Não,9,79,Médio,Sim,1,Médio,Alto,Público,Negativo,2,Não,Pós-Graduação,Perto,Masculino,69,médio
4925,17,64,Médio,Alto,Sim,8,67,Médio,Sim,3,Baixo,Médio,Público,Negativo,3,Não,Faculdade,Perto,Masculino,64,médio
4926,17,68,Médio,Alto,Sim,8,75,Médio,Sim,2,Baixo,Alto,Privado,Positivo,3,Não,Faculdade,Perto,Feminino,66,médio
4927,21,79,Alto,Baixo,Sim,7,98,Alto,Sim,2,Baixo,Médio,Público,Positivo,1,Não,Ensino Médio,Perto,Masculino,69,médio
4928,12,96,Alto,Alto,Não,5,88,Alto,Sim,0,Médio,Médio,Privado,Positivo,2,Não,Faculdade,Moderado,Feminino,70,médio
4929,19,83,Alto,Médio,Não,8,90,Baixo,Sim,3,Baixo,Médio,Público,Positivo,3,Não,Faculdade,Moderado,Feminino,69,médio
4930,27,87,Médio,Médio,Sim,8,56,Médio,Sim,3,Médio,Alto,Público,Neutro,3,Não,Pós-Graduação,Perto,Masculino,72,médio
4931,7,74,Médio,Médio,Sim,6,66,Baixo,Sim,1,Baixo,Alto,Privado,Positivo,2,Não,Ensino Médio,Perto,Feminino,61,médio
4932,29,83,Médio,Médio,Não,7,55,Alto,Sim,2,Baixo,Baixo,Privado,Negativo,4,Não,Ensino Médio,Perto,Feminino,68,médio
4933,27,78,Médio,Médio,Não,6,98,Baixo,Sim,1,Médio,Médio,Público,Positivo,3,Não,Ensino Médio,Longe,Masculino,68,médio
4934,17,86,Baixo,Médio,Não,6,84,Alto,Sim,0,Médio,Médio,Privado,Neutro,3,Não,Ensino Médio,Perto,Feminino,66,médio
4935,23,62,Médio,Médio,Não,6,51,Médio,Sim,5,Alto,Médio,Público,Negativo,2,Não,Faculdade,Perto,Masculino,65,médio
4936,20,80,Alto,Baixo,Sim,5,74,Médio,Sim,2,Baixo,Baixo,Público,Negativo,4,Não,Faculdade,Moderado,Feminino,66,médio
4937,27,72,Médio,Médio,Não,6,63,Médio,Sim,1,Alto,Médio,Privado,Negativo,5,Não,Faculdade,Moderado,Feminino,67,médio
4938,26,73,Médio,Alto,Não,8,77,Médio,Sim,0,Médio,Alto,Privado,Positivo,2,Não,Faculdade,Longe,Masculino,68,médio
4939,12,98,Baixo,Médio,Não,9,59,Baixo,Sim,1,Alto,Médio,Público,Neutro,2,Não,Pós-Graduação,Perto,Feminino,67,médio
4940,24,67,Baixo,Médio,Sim,10,53,Médio,Sim,0,Médio,Médio,Público,Positivo,3,Sim,Faculdade,Perto,Feminino,63,médio
4941,19,72,Médio,Baixo,Não,6,66,Médio,Sim,0,Médio,Alto,Privado,Neutro,2,Não,Pós-Graduação,Perto,Masculino,64,médio
4942,20,80,Médio,Baixo,Não,9,65,Alto,Sim,1,Médio,Médio,Privado,Positivo,3,Não,Faculdade,Longe,Masculino,66,médio
4943,16,95,Alto,Médio,Sim,8,86,Médio,Sim,0,Baixo,Baixo,Público,Positivo,4,Não,Ensino Médio,Moderado,Masculino,69,médio
4944,30,77,Médio,Baixo,Sim,7,74,Médio,Sim,3,Alto,Médio,Privado,Neutro,3,Não,Pós-Graduação,Moderado,Masculino,70,médio
4945,26,90,Médio,Médio,Não,8,65,Alto,Sim,3,Médio,Alto,Privado,Positivo,2,Não,Ensino Médio,Perto,Feminino,72,médio
4946,16,94,Médio,Alto,Não,9,79,Alto,Sim,2,Alto,Médio,Público,Positivo,5,Não,Ensino Médio,Moderado,Feminino,71,médio
4947,12,72,Médio,Médio,Sim,6,54,Baixo,Sim,3,Baixo,Médio,Público,Positivo,2,Não,Pós-Graduação,Perto,Masculino,63,médio
4948,18,76,Alto,Alto,Não,6,83,Médio,Sim,1,Alto,Médio,Público,Neutro,4,Não,Ensino Médio,Perto,Masculino,68,médio
4949,23,74,Médio,Alto,Sim,6,57,Baixo,Não,1,Alto,Alto,Privado,Neutro,3,Não,Faculdade,Perto,Masculino,67,médio
4950,21,93,Médio,Baixo,Não,6,64,Médio,Sim,2,Baixo,Médio,Público,Positivo,4,Não,Pós-Graduação,Moderado,Masculino,69,médio
4951,28,62,Médio,Médio,Não,9,64,Alto,Sim,1,Baixo,Médio,Privado,Negativo,2,Não,Pós-Graduação,Perto,Masculino,65,médio
4952,25,72,Alto,Baixo,Sim,6,73,Alto,Sim,4,Médio,Alto,Público,Neutro,4,Não,Faculdade,Moderado,Masculino,69,médio
4953,26,87,Médio,Médio,Não,6,98,Alto,Sim,0,Médio,Alto,Público,Negativo,4,Não,Faculdade,Moderado,Masculino,71,médio
4954,22,83,Médio,Baixo,Sim,7,66,Médio,Sim,2,Médio,Médio,Privado,Neutro,3,Não,Ensino Médio,Perto,Feminino,67,médio
4955,12,77,Baixo,Médio,Não,7,64,Baixo,Sim,2,Alto,Alto,Público,Positivo,4,Não,Faculdade,Moderado,Feminino,64,médio
4956,19,82,Alto,Médio,Sim,6,58,Baixo,Sim,2,Médio,Alto,Privado,Positivo,3,Não,Faculdade,Perto,Feminino,68,médio
4957,26,68,Alto,Baixo,Sim,10,70,Médio,Sim,1,Baixo,Médio,Público,Positivo,3,Não,Faculdade,Perto,Masculino,67,médio
4958,20,77,Baixo,Baixo,Não,6,59,Baixo,Sim,1,Alto,Médio,Público,Negativo,2,Não,Ensino Médio,Moderado,Feminino,62,médio
4959,23,80,Alto,Médio,Não,7,57,Baixo,Sim,2,Médio,Alto,Público,Negativo,2,Não,Pós-Graduação,Moderado,Feminino,68,médio
4960,18,96,Médio,Médio,Sim,4,93,Médio,Sim,0,Médio,Alto,Público,Positivo,4,Não,Faculdade,Perto,Feminino,72,médio
4961,14,70,Médio,Alto,Sim,7,53,Baixo,Sim,0,Médio,Médio,Público,Negativo,3,Não,Ensino Médio,Moderado,Masculino,61,médio
4962,19,95,Baixo,Baixo,Sim,5,86,Médio,Sim,0,Alto,Médio,Público,Negativo,4,Não,Ensino Médio,Moderado,Masculino,67,médio
4963,22,86,Alto,Médio,Não,6,60,Alto,Sim,0,Alto,Alto,Público,Neutro,3,Não,Pós-Graduação,Perto,Masculino,70,médio
4964,16,61,Baixo,Médio,Sim,4,51,Baixo,Sim,1,Baixo,Médio,Público,Neutro,3,Não,Ensino Médio,Perto,Masculino,59,baixo
4965,19,89,Alto,Médio,Sim,6,90,Alto,Sim,0,Baixo,Alto,Privado,Negativo,4,Não,Faculdade,Moderado,Feminino,70,médio
4966,14,61,Baixo,Médio,Não,7,85,Alto,Sim,1,Baixo,Médio,Público,Neutro,1,Não,Ensino Médio,Perto,Feminino,60,baixo
4967,27,100,Alto,Médio,Não,7,67,Médio,Sim,1,Alto,Alto,Público,Neutro,3,Não,Faculdade,Moderado,Masculino,74,médio
4968,18,95,Baixo,Alto,Sim,6,54,Alto,Sim,0,Médio,Alto,Privado,Negativo,3,Não,Faculdade,Moderado,Masculino,68,médio
4969,29,72,Médio,Médio,Não,7,68,Baixo,Sim,0,Baixo,Médio,Público,Positivo,3,Não,Faculdade,Perto,Feminino,67,médio
4970,29,70,Médio,Baixo,Não,6,59,Alto,Sim,2,Médio,Médio,Privado,Neutro,4,Não,Pós-Graduação,Longe,Masculino,67,médio
4971,20,75,Baixo,Médio,Sim,7,97,Alto,Sim,0,Médio,Médio,Público,Neutro,2,Não,Faculdade,Perto,Feminino,66,médio
4972,14,74,Médio,Médio,Não,7,76,Alto,Sim,1,Baixo,Alto,Público,Neutro,2,Não,Ensino Médio,Longe,Feminino,63,médio
4973,7,75,Médio,Médio,Não,7,98,Baixo,Não,1,Baixo,Alto,Público,Positivo,3,Não,Faculdade,Perto,Masculino,62,médio
4974,11,73,Alto,Baixo,Sim,7,68,Alto,Sim,3,Baixo,Alto,Privado,Neutro,3,Não,Faculdade,Moderado,Feminino,64,médio
4975,12,85,Médio,Médio,Sim,6,78,Alto,Sim,3,Médio,Médio,Público,Neutro,4,Não,Faculdade,Perto,Masculino,68,médio
4976,28,67,Médio,Médio,Não,8,60,Alto,Sim,0,Médio,Médio,Público,Positivo,3,Não,Ensino Médio,Moderado,Feminino,65,médio
4977,21,94,Médio,Baixo,Sim,8,90,Baixo,Sim,1,Médio,Médio,Público,Positivo,4,Não,Pós-Graduação,Perto,Feminino,71,médio
4978,22,92,Médio,Médio,Sim,7,52,Baixo,Não,1,Médio,Médio,Privado,Negativo,3,Não,Pós-Graduação,Perto,Feminino,68,médio
4979,7,79,Baixo,Alto,Sim,9,85,Médio,Sim,0,Médio,Médio,Público,Negativo,2,Não,Ensino Médio,Perto,Masculino,62,médio
4980,13,94,Alto,Alto,Sim,7,70,Médio,Sim,1,Médio,Médio,Privado,Negativo,3,Não,Ensino Médio,Moderado,Masculino,68,médio
4981,25,70,Médio,Médio,Sim,7,79,Baixo,Sim,3,Alto,Médio,Público,Neutro,3,Não,Ensino Médio,Perto,Masculino,68,médio
4982,22,61,Alto,Médio,Sim,7,80,Alto,Sim,3,Médio,Alto,Público,Neutro,3,Não,Pós-Graduação,Moderado,Masculino,67,médio
4983,19,85,Médio,Médio,Sim,7,86,Médio,Sim,0,Baixo,Médio,Público,Positivo,2,Não,Faculdade,Moderado,Feminino,67,médio
4984,23,78,Alto,Alto,Sim,6,60,Médio,Sim,2,Alto,Alto,Público,Positivo,4,Não,Ensino Médio,Longe,Masculino,70,médio
4985,30,83,Baixo,Médio,Sim,4,77,Médio,Sim,0,Baixo,Médio,Público,Neutro,4,Não,Ensino Médio,Perto,Feminino,69,médio
4986,19,96,Baixo,Médio,Não,7,71,Médio,Sim,2,Baixo,Alto,Privado,Positivo,3,Não,Pós-Graduação,Moderado,Masculino,70,médio
4987,20,99,Médio,Baixo,Não,8,64,Baixo,Sim,1,Alto,Médio,Público,Positivo,2,Não,Ensino Médio,Perto,Masculino,69,médio
4988,21,85,Alto,Médio,Sim,5,75,Baixo,Sim,1,Alto,Alto,Público,Positivo,2,Não,Ensino Médio,Moderado,Feminino,70,médio
4989,34,91,Médio,Baixo,Não,9,98,Médio,Sim,0,Médio,Médio,Público,Neutro,4,Não,Ensino Médio,Moderado,Masculino,72,médio
4990,7,63,Baixo,Médio,Não,5,97,Médio,Sim,1,Baixo,Médio,Público,Neutro,2,Não,Ensino Médio,Perto,Feminino,59,baixo
4991,24,66,Médio,Médio,Não,6,64,Médio,Não,0,Médio,Alto,Público,Neutro,4,Não,Ensino Médio,Perto,Masculino,64,médio
4992,19,89,Alto,Alto,Sim,10,94,Médio,Sim,0,Alto,Médio,Privado,Neutro,1,Não,Faculdade,Perto,Feminino,72,médio
4993,23,77,Baixo,Alto,Sim,8,94,Médio,Sim,0,Alto,Médio,Privado,Positivo,3,Não,Pós-Graduação,Perto,Masculino,70,médio
4994,16,78,Baixo,Alto,Não,7,62,Médio,Sim,0,Alto,Alto,Público,Negativo,1,Não,Ensino Médio,Longe,Feminino,63,médio
4995,20,72,Alto,Médio,Sim,7,80,Médio,Sim,1,Baixo,Alto,Privado,Negativo,3,Não,Faculdade,Perto,Masculino,66,médio
4996,24,84,Alto,Alto,Não,9,93,Médio,Sim,3,Alto,Médio,Público,Neutro,4,Não,Ensino Médio,Longe,Masculino,72,médio
4997,39,67,Alto,Alto,Sim,5,76,Médio,Não,2,Médio,Médio,Privado,Negativo,4,Não,Ensino Médio,Perto,Feminino,71,médio
4998,25,85,Alto,Alto,Não,9,68,Médio,Sim,1,Alto,Médio,Público,Negativo,3,Não,Pós-Graduação,Longe,Feminino,71,médio
4999,15,67,Baixo,Médio,Sim,6,83,Baixo,Sim,3,Médio,Baixo,Público,Positivo,3,Não,Ensino Médio,Moderado,Masculino,62,médio
5000,17,63,Médio,Médio,Sim,8,59,Médio,Sim,1,Baixo,Alto,Público,Positivo,1,Não,Pós-Graduação,Moderado,Masculino,62,médio
5001,17,73,Médio,Baixo,Não,6,58,Médio,Sim,4,Médio,Médio,Público,Positivo,1,Não,Faculdade,Perto,Masculino,64,médio
5002,9,69,Alto,Alto,Sim,10,92,Médio,Sim,2,Baixo,Médio,Privado,Neutro,3,Não,Pós-Graduação,Perto,Masculino,65,médio
5003,18,96,Alto,Baixo,Sim,7,52,Baixo,Sim,1,Baixo,Médio,Privado,Neutro,4,Não,Faculdade,Perto,Feminino,68,médio
5004,24,62,Alto,Médio,Sim,5,90,Baixo,Sim,0,Alto,Médio,Privado,Positivo,3,Não,Faculdade,Perto,Masculino,67,médio
5005,12,67,Médio,Médio,Sim,8,65,Baixo,Sim,1,Alto,Médio,Público,Neutro,3,Não,Ensino Médio,Moderado,Masculino,61,médio
5006,26,82,Baixo,Baixo,Sim,9,74,Alto,Sim,2,Médio,Médio,Público,Negativo,5,Não,Ensino Médio,Moderado,Feminino,68,médio
5007,23,79,Médio,Alto,Não,9,77,Médio,Sim,1,Baixo,Alto,Público,Neutro,3,Não,Ensino Médio,Perto,Masculino,68,médio
5008,16,62,Médio,Médio,Não,7,88,Médio,Sim,1,Baixo,Alto,Público,Neutro,1,Não,Ensino Médio,Perto,Feminino,62,médio
5009,19,60,Médio,Baixo,Não,8,94,Alto,Sim,1,Baixo,Baixo,Privado,Neutro,3,Não,Ensino Médio,Perto,Feminino,62,médio
5010,30,100,Alto,Alto,Sim,6,90,Baixo,Sim,0,Médio,Baixo,Público,Positivo,2,Sim,Ensino Médio,Perto,Masculino,74,médio
5011,24,86,Médio,Médio,Sim,8,79,Médio,Não,0,Baixo,Médio,Público,Neutro,4,Não,Ensino Médio,Perto,Feminino,68,médio
5012,20,75,Baixo,Alto,Não,8,67,Médio,Sim,1,Alto,Baixo,Público,Positivo,4,Não,Faculdade,Moderado,Masculino,66,médio
5013,19,79,Médio,Médio,Não,4,76,Alto,Sim,1,Médio,Médio,Privado,Neutro,3,Não,Ensino Médio,Perto,Masculino,67,médio
5014,20,71,Alto,Médio,Não,5,52,Alto,Sim,1,Médio,Alto,Público,Neutro,3,Não,Ensino Médio,Moderado,Masculino,65,médio
5015,17,74,Médio,Médio,Sim,7,62,Médio,Sim,2,Alto,Médio,Público,Positivo,4,Não,Ensino Médio,Perto,Masculino,66,médio
5016,7,86,Alto,Médio,Não,7,68,Médio,Sim,5,Baixo,Médio,Público,Positivo,4,Não,Pós-Graduação,Moderado,Masculino,67,médio
5017,32,95,Médio,Médio,Sim,7,66,Alto,Sim,5,Alto,Médio,Privado,Negativo,3,Não,Faculdade,Perto,Masculino,76,médio
5018,21,67,Baixo,Alto,Sim,7,55,Alto,Sim,2,Alto,Alto,Privado,Positivo,3,Não,Ensino Médio,Moderado,Feminino,66,médio
5019,22,94,Baixo,Baixo,Não,9,53,Alto,Sim,1,Médio,Alto,Público,Neutro,3,Não,Faculdade,Perto,Feminino,68,médio
5020,20,65,Alto,Médio,Sim,8,71,Baixo,Sim,2,Baixo,Médio,Privado,Neutro,3,Sim,Faculdade,Perto,Feminino,63,médio
5021,16,69,Médio,Alto,Sim,4,54,Médio,Sim,4,Baixo,Baixo,Público,Positivo,4,Não,Faculdade,Perto,Feminino,65,médio
5022,19,61,Alto,Médio,Não,10,64,Médio,Sim,3,Baixo,Médio,Público,Positivo,3,Não,Ensino Médio,Moderado,Masculino,63,médio
5023,10,66,Médio,Médio,Não,4,74,Baixo,Sim,2,Baixo,Médio,Público,Negativo,2,Não,Ensino Médio,Moderado,Masculino,59,baixo
5024,34,97,Médio,Médio,Não,8,60,Médio,Sim,2,Médio,Médio,Privado,Neutro,4,Não,Ensino Médio,Perto,Masculino,74,médio
5025,13,78,Médio,Baixo,Sim,5,54,Baixo,Sim,2,Baixo,Alto,Público,Positivo,3,Sim,Faculdade,Perto,Masculino,62,médio
5026,14,63,Baixo,Baixo,Sim,9,72,Médio,Sim,3,Baixo,Baixo,Público,Positivo,4,Sim,Ensino Médio,Perto,Feminino,59,baixo
5027,17,98,Médio,Alto,Sim,7,72,Alto,Sim,0,Baixo,Médio,Público,Positivo,3,Não,Ensino Médio,Perto,Masculino,71,médio
5028,28,95,Médio,Médio,Não,8,96,Médio,Sim,1,Médio,Médio,Público,Neutro,3,Não,Pós-Graduação,Moderado,Masculino,73,médio
5029,20,90,Alto,Médio,Sim,4,56,Médio,Sim,0,Baixo,Alto,Privado,Positivo,1,Não,Ensino Médio,Moderado,Masculino,68,médio
5030,13,97,Médio,Médio,Sim,8,81,Médio,Sim,3,Baixo,Médio,Público,Neutro,1,Não,Ensino Médio,Longe,Masculino,68,médio
5031,28,69,Médio,Médio,Sim,8,66,Médio,Sim,0,Baixo,Médio,Público,Positivo,6,Não,Faculdade,Longe,Masculino,66,médio
5032,24,93,Baixo,Alto,Sim,8,56,Médio,Sim,1,Baixo,Médio,Público,Neutro,3,Não,Faculdade,Moderado,Masculino,69,médio
5033,23,88,Médio,Médio,Não,8,70,Médio,Sim,2,Médio,Alto,Público,Neutro,4,Não,Ensino Médio,Perto,Feminino,70,médio
5034,24,95,Médio,Alto,Sim,7,71,Alto,Sim,1,Médio,Alto,Público,Positivo,3,Não,Ensino Médio,Perto,Masculino,74,médio
5035,34,92,Alto,Médio,Não,7,68,Baixo,Sim,0,Médio,Alto,Público,Positivo,5,Não,Faculdade,Perto,Feminino,75,médio
5036,33,74,Médio,Médio,Sim,6,88,Médio,Sim,2,Médio,Médio,Privado,Neutro,3,Não,Faculdade,Perto,Masculino,71,médio
5037,16,91,Alto,Alto,Sim,6,92,Baixo,Sim,2,Baixo,Alto,Privado,Positivo,3,Não,Ensino Médio,Moderado,Masculino,71,médio
5038,30,70,Médio,Médio,Não,9,57,Médio,Sim,1,Baixo,Médio,Público,Negativo,4,Não,Faculdade,Longe,Feminino,65,médio
5039,22,73,Baixo,Médio,Não,6,58,Alto,Sim,1,Médio,Médio,Privado,Positivo,3,Não,Pós-Graduação,Moderado,Masculino,65,médio
5040,23,64,Médio,Alto,Não,4,71,Baixo,Sim,2,Médio,Médio,Público,Negativo,1,Não,Pós-Graduação,Perto,Masculino,65,médio
5041,10,97,Médio,Médio,Não,6,66,Médio,Sim,2,Baixo,Médio,Público,Neutro,2,Não,Pós-Graduação,Perto,Feminino,67,médio
5042,19,72,Médio,Médio,Sim,8,91,Alto,Sim,1,Baixo,Médio,Privado,Positivo,4,Não,Ensino Médio,Moderado,Masculino,67,médio
5043,15,81,Médio,Médio,Sim,7,100,Médio,Sim,1,Baixo,Médio,Público,Neutro,3,Não,Pós-Graduação,Moderado,Masculino,67,médio
5044,25,76,Alto,Alto,Sim,8,59,Médio,Sim,4,Médio,Médio,Privado,Neutro,4,Não,Faculdade,Perto,Feminino,71,médio
5045,26,98,Alto,Baixo,Não,4,88,Baixo,Sim,1,Médio,Alto,Público,Neutro,1,Não,Faculdade,Moderado,Feminino,72,médio
5046,8,73,Médio,Alto,Sim,4,80,Baixo,Sim,0,Baixo,Alto,Público,Neutro,4,Não,Faculdade,Moderado,Masculino,62,médio
5047,20,91,Alto,Baixo,Sim,7,82,Médio,Sim,0,Médio,Médio,Público,Neutro,4,Não,Faculdade,Perto,Masculino,70,médio
5048,27,94,Médio,Alto,Não,9,63,Alto,Sim,0,Baixo,Médio,Público,Neutro,4,Não,Faculdade,Perto,Feminino,72,médio
5049,19,77,Baixo,Médio,Sim,4,55,Médio,Sim,0,Médio,Baixo,Público,Positivo,4,Não,Faculdade,Moderado,Masculino,64,médio
5050,24,75,Alto,Baixo,Sim,8,77,Alto,Sim,1,Baixo,Médio,Privado,Negativo,1,Não,Faculdade,Moderado,Masculino,66,médio
5051,22,90,Baixo,Médio,Sim,9,81,Médio,Sim,0,Médio,Médio,Público,Neutro,4,Não,Ensino Médio,Perto,Masculino,69,médio
5052,22,97,Alto,Médio,Não,7,98,Alto,Sim,0,Médio,Médio,Público,Negativo,0,Não,Faculdade,Moderado,Feminino,71,médio
5053,18,90,Médio,Baixo,Não,8,84,Alto,Sim,2,Baixo,Alto,Privado,Positivo,3,Não,Ensino Médio,Moderado,Masculino,68,médio
5054,13,69,Médio,Médio,Sim,7,72,Baixo,Sim,2,Alto,Médio,Público,Positivo,2,Não,Ensino Médio,Moderado,Feminino,63,médio
5055,13,96,Médio,Alto,Sim,7,100,Médio,Não,4,Médio,Alto,Público,Negativo,3,Não,Ensino Médio,Perto,Masculino,71,médio
5056,24,76,Alto,Baixo,Sim,8,69,Baixo,Sim,3,Baixo,Médio,Privado,Negativo,1,Não,Ensino Médio,Perto,Masculino,65,médio
5057,20,83,Baixo,Alto,Sim,10,58,Médio,Sim,0,Baixo,Alto,Público,Neutro,1,Não,Ensino Médio,Perto,Feminino,66,médio
5058,19,93,Baixo,Baixo,Sim,6,81,Médio,Sim,2,Alto,Médio,Privado,Positivo,3,Sim,Faculdade,Moderado,Feminino,68,médio
5059,17,68,Médio,Médio,Sim,7,63,Médio,Não,0,Baixo,Médio,Público,Neutro,3,Não,Ensino Médio,Moderado,Masculino,61,médio
5060,18,91,Baixo,Alto,Não,6,96,Médio,Sim,2,Baixo,Médio,Privado,Positivo,3,Não,Pós-Graduação,Perto,Masculino,71,médio
5061,26,84,Médio,Alto,Sim,7,71,Médio,Sim,0,Médio,Médio,Público,Neutro,2,Não,Ensino Médio,Perto,Feminino,70,médio
5062,18,96,Alto,Baixo,Não,7,57,Baixo,Sim,1,Baixo,Médio,Público,Negativo,3,Não,Ensino Médio,Moderado,Feminino,66,médio
5063,12,67,Alto,Médio,Sim,9,57,Baixo,Sim,0,Baixo,Médio,Privado,Positivo,2,Não,Faculdade,Moderado,Masculino,61,médio
5064,24,77,Alto,Baixo,Sim,9,82,Baixo,Sim,1,Médio,Médio,Privado,Neutro,2,Não,Ensino Médio,Perto,Masculino,67,médio
5065,19,93,Alto,Médio,Sim,8,68,Médio,Sim,1,Alto,Alto,Público,Positivo,3,Não,Pós-Graduação,Perto,Feminino,72,médio
5066,20,61,Alto,Alto,Não,9,68,Médio,Sim,1,Alto,Baixo,Privado,Positivo,3,Não,Ensino Médio,Perto,Feminino,65,médio
5067,30,64,Alto,Médio,Não,6,81,Baixo,Sim,3,Médio,Médio,Público,Negativo,2,Não,Faculdade,Perto,Feminino,68,médio
5068,20,100,Baixo,Médio,Sim,6,61,Alto,Não,3,Médio,Médio,Público,Positivo,4,Não,Faculdade,Longe,Masculino,70,médio
5069,22,71,Médio,Baixo,Sim,8,57,Médio,Sim,1,Baixo,Alto,Público,Negativo,4,Não,Ensino Médio,Moderado,Masculino,63,médio
5070,13,99,Alto,Baixo,Não,7,83,Médio,Sim,1,Médio,Médio,Público,Neutro,4,Não,Pós-Graduação,Longe,Feminino,69,médio
5071,19,67,Médio,Baixo,Não,10,50,Médio,Sim,0,Alto,Médio,Público,Positivo,3,Não,Ensino Médio,Perto,Masculino,62,médio
5072,24,74,Alto,Alto,Não,4,95,Alto,Sim,1,Alto,Médio,Público,Neutro,4,Não,Pós-Graduação,Moderado,Feminino,71,médio
5073,11,90,Baixo,Baixo,Sim,8,59,Baixo,Sim,1,Baixo,Alto,Público,Positivo,4,Não,Ensino Médio,Perto,Masculino,64,médio
5074,21,86,Alto,Médio,Não,8,72,Médio,Sim,0,Alto,Alto,Público,Positivo,3,Não,Ensino Médio,Moderado,Masculino,69,médio
5075,21,83,Médio,Alto,Sim,6,61,Alto,Sim,2,Baixo,Alto,Público,Positivo,3,Não,Pós-Graduação,Perto,Masculino,71,médio
5076,20,81,Baixo,Médio,Sim,6,61,Baixo,Não,0,Baixo,Médio,Público,Positivo,4,Sim,Ensino Médio,Perto,Feminino,63,médio
5077,26,94,Baixo,Alto,Sim,6,92,Baixo,Sim,1,Baixo,Alto,Público,Neutro,3,Não,Ensino Médio,Perto,Feminino,72,médio
5078,22,69,Médio,Médio,Sim,5,79,Médio,Sim,1,Baixo,Baixo,Público,Positivo,3,Não,Faculdade,Perto,Masculino,66,médio
5079,29,78,Alto,Médio,Sim,9,66,Médio,Sim,2,Baixo,Médio,Público,Neutro,4,Não,Ensino Médio,Moderado,Masculino,69,médio
5080,14,66,Médio,Médio,Sim,10,63,Baixo,Sim,0,Baixo,Médio,Público,Positivo,3,Não,Ensino Médio,Moderado,Masculino,60,baixo
5081,21,84,Alto,Alto,Sim,6,61,Baixo,Sim,1,Médio,Alto,Privado,Negativo,4,Não,Ensino Médio,Moderado,Feminino,68,médio
5082,21,70,Médio,Alto,Não,6,78,Médio,Sim,3,Médio,Baixo,Público,Neutro,2,Não,Faculdade,Longe,Masculino,65,médio
5083,14,73,Alto,Médio,Não,5,87,Alto,Sim,2,Médio,Médio,Público,Positivo,4,Não,Faculdade,Perto,Feminino,67,médio
5084,26,79,Médio,Baixo,Sim,5,63,Médio,Sim,0,Baixo,Médio,Público,Positivo,2,Não,Ensino Médio,Perto,Masculino,66,médio
5085,34,61,Médio,Médio,Sim,6,67,Alto,Sim,1,Alto,Médio,Privado,Neutro,2,Não,Pós-Graduação,Moderado,Masculino,68,médio
5086,20,64,Baixo,Médio,Sim,9,86,Médio,Sim,0,Baixo,Alto,Privado,Negativo,4,Não,Ensino Médio,Perto,Feminino,63,médio
5087,23,87,Alto,Alto,Sim,10,87,Médio,Sim,1,Médio,Médio,Privado,Positivo,3,Não,Faculdade,Perto,Masculino,73,médio
5088,21,77,Médio,Médio,Sim,6,60,Médio,Sim,1,Médio,Médio,Privado,Neutro,3,Não,Faculdade,Moderado,Masculino,66,médio
5089,16,95,Baixo,Médio,Sim,6,69,Baixo,Sim,2,Baixo,Alto,Público,Neutro,3,Sim,Faculdade,Perto,Masculino,67,médio
5090,9,88,Baixo,Médio,Sim,5,93,Baixo,Sim,2,Médio,Médio,Público,Neutro,4,Não,Pós-Graduação,Perto,Masculino,66,médio
5091,16,60,Médio,Baixo,Não,8,87,Baixo,Sim,0,Baixo,Baixo,Público,Positivo,5,Não,Ensino Médio,Perto,Masculino,60,baixo
5092,12,85,Alto,Alto,Não,8,58,Baixo,Sim,1,Baixo,Alto,Público,Positivo,3,Não,Pós-Graduação,Perto,Masculino,67,médio
5093,30,64,Médio,Médio,Não,7,69,Médio,Sim,3,Alto,Baixo,Público,Negativo,4,Não,Ensino Médio,Perto,Feminino,67,médio
5094,19,91,Médio,Médio,Sim,6,99,Alto,Sim,0,Médio,Médio,Público,Neutro,2,Não,Ensino Médio,Perto,Feminino,70,médio
5095,18,100,Alto,Baixo,Não,9,76,Baixo,Sim,1,Baixo,Médio,Público,Positivo,2,Não,Ensino Médio,Perto,Feminino,69,médio
5096,25,81,Médio,Baixo,Sim,8,86,Médio,Sim,1,Baixo,Médio,Público,Negativo,3,Não,Pós-Graduação,Perto,Masculino,68,médio
5097,13,87,Alto,Baixo,Sim,8,55,Alto,Sim,1,Alto,Alto,Privado,Positivo,3,Não,Ensino Médio,Perto,Feminino,67,médio
5098,15,69,Médio,Alto,Não,8,92,Baixo,Sim,0,Baixo,Médio,Público,Neutro,1,Não,Faculdade,Moderado,Masculino,63,médio
5099,20,78,Alto,Médio,Não,7,80,Alto,Sim,2,Alto,Médio,Público,Positivo,3,Não,Faculdade,Perto,Masculino,70,médio
5100,26,94,Baixo,Médio,Não,6,59,Alto,Sim,4,Baixo,Médio,Público,Neutro,3,Não,Ensino Médio,Perto,Feminino,71,médio
5101,23,67,Alto,Alto,Sim,8,69,Baixo,Sim,1,Alto,Médio,Público,Neutro,2,Não,Ensino Médio,Perto,Feminino,67,médio
5102,21,71,Médio,Médio,Não,8,54,Alto,Sim,1,Médio,Médio,Privado,Neutro,3,Não,Ensino Médio,Perto,Masculino,64,médio
5103,20,78,Baixo,Médio,Não,8,89,Alto,Não,0,Médio,Médio,Privado,Neutro,4,Não,Faculdade,Perto,Feminino,66,médio
5104,22,88,Médio,Médio,Sim,5,87,Baixo,Sim,1,Baixo,Alto,Público,Neutro,3,Não,Pós-Graduação,Perto,Masculino,70,médio
5105,21,75,Médio,Baixo,Sim,8,75,Alto,Sim,1,Médio,Médio,Privado,Negativo,2,Não,Ensino Médio,Moderado,Masculino,65,médio
5106,14,97,Baixo,Médio,Sim,7,73,Médio,Sim,2,Médio,Baixo,Público,Positivo,3,Não,Faculdade,Moderado,Masculino,68,médio
5107,20,64,Médio,Baixo,Sim,6,73,Alto,Sim,3,Médio,Alto,Público,Negativo,5,Não,Pós-Graduação,Longe,Feminino,65,médio
5108,14,75,Alto,Médio,Não,8,52,Médio,Sim,3,Médio,Médio,Público,Neutro,1,Não,Pós-Graduação,Perto,Masculino,65,médio
5109,20,88,Médio,Médio,Sim,7,68,Médio,Sim,0,Baixo,Alto,Público,Positivo,4,Não,Faculdade,Perto,Feminino,69,médio
5110,17,69,Médio,Médio,Não,10,56,Médio,Sim,1,Médio,Médio,Público,Neutro,4,Não,Ensino Médio,Perto,Feminino,63,médio
5111,35,86,Baixo,Médio,Não,8,59,Médio,Sim,2,Baixo,Baixo,Público,Positivo,2,Não,Faculdade,Moderado,Feminino,70,médio
5112,20,67,Baixo,Baixo,Sim,7,98,Médio,Sim,1,Médio,Médio,Público,Neutro,4,Não,Faculdade,Perto,Masculino,64,médio
5113,12,62,Médio,Alto,Sim,7,63,Alto,Sim,1,Alto,Médio,Público,Neutro,4,Não,Ensino Médio,Perto,Feminino,62,médio
5114,19,65,Alto,Alto,Sim,5,74,Médio,Sim,1,Baixo,Médio,Privado,Positivo,3,Não,Ensino Médio,Perto,Feminino,66,médio
5115,23,97,Alto,Baixo,Sim,9,94,Alto,Sim,2,Baixo,Médio,Público,Positivo,3,Não,Ensino Médio,Moderado,Masculino,73,médio
5116,30,82,Médio,Alto,Sim,7,71,Médio,Sim,3,Baixo,Alto,Público,Neutro,3,Não,Pós-Graduação,Longe,Feminino,72,médio
5117,16,92,Médio,Médio,Sim,7,76,Alto,Não,0,Alto,Médio,Privado,Neutro,2,Não,Pós-Graduação,Longe,Masculino,68,médio
5118,11,73,Médio,Alto,Não,5,58,Médio,Não,0,Médio,Médio,Privado,Positivo,4,Não,Faculdade,Perto,Masculino,62,médio
5119,25,84,Médio,Baixo,Não,8,64,Médio,Sim,2,Baixo,Médio,Privado,Neutro,4,Não,Ensino Médio,Perto,Masculino,67,médio
5120,12,80,Médio,Baixo,Não,6,75,Médio,Sim,1,Baixo,Alto,Público,Negativo,4,Não,Ensino Médio,Moderado,Masculino,62,médio
5121,17,98,Alto,Alto,Não,6,68,Médio,Sim,2,Médio,Médio,Público,Positivo,3,Não,Ensino Médio,Perto,Masculino,72,médio
5122,18,90,Baixo,Alto,Não,7,52,Alto,Sim,2,Médio,Alto,Público,Negativo,2,Não,Ensino Médio,Perto,Masculino,67,médio
5123,20,89,Alto,Médio,Sim,6,70,Baixo,Sim,1,Baixo,Médio,Privado,Positivo,3,Não,Ensino Médio,Moderado,Feminino,68,médio
5124,24,62,Baixo,Alto,Sim,6,91,Médio,Sim,2,Médio,Médio,Público,Neutro,3,Não,Ensino Médio,Moderado,Feminino,65,médio
5125,16,82,Médio,Médio,Não,7,56,Baixo,Sim,0,Alto,Alto,Privado,Negativo,1,Sim,Ensino Médio,Longe,Feminino,79,médio
5126,18,79,Alto,Baixo,Não,9,51,Alto,Sim,2,Médio,Médio,Privado,Positivo,3,Não,Ensino Médio,Perto,Masculino,66,médio
5127,20,97,Médio,Médio,Sim,8,56,Baixo,Sim,1,Baixo,Médio,Privado,Neutro,2,Não,Ensino Médio,Perto,Feminino,68,médio
5128,21,70,Baixo,Baixo,Sim,8,84,Médio,Sim,1,Alto,Alto,Público,Positivo,3,Sim,Pós-Graduação,Perto,Masculino,65,médio
5129,21,71,Médio,Alto,Sim,8,90,Médio,Sim,3,Baixo,Médio,Público,Neutro,4,Não,Ensino Médio,Moderado,Feminino,67,médio
5130,23,76,Médio,Alto,Sim,6,52,Baixo,Sim,3,Médio,Médio,Público,Neutro,4,Não,Faculdade,Moderado,Masculino,67,médio
5131,25,70,Baixo,Médio,Sim,9,94,Médio,Sim,1,Médio,Médio,Público,Neutro,4,Não,Ensino Médio,Moderado,Masculino,67,médio
5132,22,65,Médio,Médio,Sim,4,81,Alto,Sim,5,Médio,Médio,Público,Positivo,4,Não,Faculdade,Longe,Feminino,68,médio
5133,23,94,Médio,Alto,Não,8,76,Baixo,Sim,3,Médio,Médio,Público,Positivo,3,Não,Ensino Médio,Moderado,Masculino,72,médio
5134,11,82,Alto,Médio,Não,8,63,Alto,Sim,1,Médio,Médio,Público,Neutro,5,Não,Ensino Médio,Perto,Masculino,65,médio
5135,20,94,Baixo,Médio,Não,7,69,Baixo,Sim,0,Baixo,Médio,Público,Positivo,3,Sim,Ensino Médio,Moderado,Feminino,65,médio
5136,23,93,Médio,Médio,Sim,6,97,Baixo,Não,1,Médio,Médio,Público,Positivo,2,Não,Faculdade,Moderado,Masculino,70,médio
5137,24,71,Médio,Médio,Sim,7,96,Médio,Sim,2,Baixo,Médio,Público,Negativo,2,Não,Ensino Médio,Perto,Masculino,67,médio
5138,16,82,Médio,Alto,Sim,6,81,Médio,Sim,1,Médio,Médio,Privado,Neutro,4,Não,Faculdade,Perto,Masculino,68,médio
5139,16,63,Médio,Médio,Não,8,79,Médio,Sim,2,Baixo,Alto,Público,Positivo,3,Não,Faculdade,Moderado,Masculino,63,médio
5140,17,97,Médio,Médio,Sim,8,61,Baixo,Sim,2,Baixo,Médio,Público,Neutro,2,Não,Ensino Médio,Perto,Masculino,68,médio
5141,23,76,Médio,Alto,Sim,8,98,Médio,Sim,0,Médio,Baixo,Público,Neutro,2,Não,Pós-Graduação,Moderado,Feminino,69,médio
5142,26,76,Baixo,Baixo,Sim,8,88,Baixo,Sim,2,Baixo,Baixo,Público,Positivo,4,Não,Ensino Médio,Perto,Masculino,66,médio
5143,18,72,Alto,Médio,Sim,8,69,Alto,Não,2,Alto,Médio,Público,Neutro,4,Sim,Ensino Médio,Longe,Feminino,64,médio
5144,25,78,Alto,Baixo,Sim,8,91,Médio,Sim,3,Baixo,Médio,Público,Negativo,4,Não,Ensino Médio,Perto,Masculino,69,médio
5145,21,70,Baixo,Médio,Não,6,61,Médio,Sim,1,Baixo,Médio,Público,Neutro,3,Não,Ensino Médio,Perto,Masculino,62,médio
5146,19,75,Médio,Alto,Sim,5,61,Alto,Sim,0,Médio,Médio,Público,Negativo,3,Não,Ensino Médio,Perto,Feminino,65,médio
5147,19,92,Médio,Médio,Sim,7,90,Médio,Sim,1,Baixo,Alto,Público,Positivo,2,Não,Ensino Médio,Perto,Feminino,70,médio
5148,24,93,Baixo,Alto,Sim,8,78,Médio,Sim,1,Alto,Médio,Público,Neutro,4,Não,Ensino Médio,Perto,Feminino,72,médio
5149,22,72,Médio,Médio,Não,5,78,Alto,Sim,1,Baixo,Alto,Público,Positivo,3,Não,Ensino Médio,Perto,Feminino,66,médio
5150,34,79,Alto,Baixo,Sim,7,79,Baixo,Sim,3,Médio,Alto,Privado,Negativo,2,Sim,Ensino Médio,Moderado,Masculino,70,médio
5151,15,95,Médio,Médio,Não,9,56,Médio,Não,3,Baixo,Alto,Público,Positivo,1,Não,Ensino Médio,Perto,Masculino,67,médio
5152,23,62,Alto,Alto,Sim,7,67,Baixo,Sim,1,Baixo,Médio,Público,Negativo,4,Não,Pós-Graduação,Moderado,Feminino,65,médio
5153,17,96,Médio,Baixo,Sim,9,79,Baixo,Não,3,Médio,Médio,Privado,Neutro,2,Não,Pós-Graduação,Moderado,Masculino,68,médio
5154,15,69,Baixo,Médio,Sim,9,62,Baixo,Sim,2,Médio,Alto,Público,Neutro,3,Não,Ensino Médio,Moderado,Masculino,62,médio
5155,20,87,Baixo,Médio,Sim,7,75,Alto,Sim,1,Baixo,Médio,Público,Negativo,3,Não,Pós-Graduação,Perto,Masculino,68,médio
5156,21,83,Alto,Médio,Não,6,78,Médio,Sim,2,Alto,Alto,Público,Positivo,3,Sim,Ensino Médio,Perto,Feminino,69,médio
5157,38,82,Médio,Baixo,Não,6,97,Baixo,Sim,2,Baixo,Médio,Privado,Negativo,3,Não,Faculdade,Perto,Masculino,72,médio
5158,19,94,Baixo,Médio,Não,7,62,Médio,Sim,0,Médio,Médio,Público,Negativo,3,Sim,Ensino Médio,Moderado,Masculino,65,médio
5159,13,64,Médio,Alto,Sim,5,72,Médio,Sim,2,Médio,Médio,Privado,Neutro,2,Não,Pós-Graduação,Moderado,Masculino,63,médio
5160,22,74,Alto,Alto,Sim,5,99,Médio,Sim,0,Baixo,Médio,Público,Neutro,2,Não,Faculdade,Perto,Feminino,68,médio
5161,8,82,Alto,Baixo,Não,4,59,Médio,Sim,1,Médio,Médio,Público,Neutro,2,Não,Faculdade,Perto,Masculino,62,médio
5162,19,92,Médio,Médio,Sim,7,89,Médio,Não,0,Baixo,Alto,Privado,Neutro,2,Não,Pós-Graduação,Perto,Masculino,69,médio
5163,20,69,Médio,Baixo,Não,10,59,Médio,Sim,2,Alto,Alto,Público,Positivo,4,Não,Ensino Médio,Perto,Feminino,65,médio
5164,25,92,Alto,Médio,Não,4,93,Alto,Sim,3,Alto,Médio,Público,Neutro,2,Não,Ensino Médio,Perto,Feminino,74,médio
5165,26,76,Alto,Baixo,Sim,7,74,Médio,Sim,4,Médio,Alto,Público,Positivo,3,Não,Ensino Médio,Moderado,Feminino,70,médio
5166,17,68,Médio,Baixo,Sim,7,99,Alto,Sim,2,Médio,Médio,Público,Positivo,3,Não,Ensino Médio,Perto,Feminino,65,médio
5167,19,90,Alto,Alto,Não,7,59,Baixo,Sim,3,Alto,Médio,Público,Neutro,3,Não,Faculdade,Moderado,Masculino,70,médio
5168,15,64,Baixo,Baixo,Sim,9,84,Baixo,Sim,0,Médio,Médio,Público,Neutro,3,Não,Faculdade,Longe,Masculino,59,baixo
5169,13,81,Baixo,Médio,Sim,6,85,Baixo,Sim,1,Baixo,Médio,Privado,Neutro,3,Não,Ensino Médio,Moderado,Masculino,63,médio
5170,22,63,Baixo,Alto,Sim,4,86,Baixo,Sim,0,Baixo,Alto,Público,Neutro,4,Não,Faculdade,Perto,Feminino,64,médio
5171,12,74,Baixo,Alto,Sim,6,55,Alto,Sim,0,Médio,Baixo,Público,Positivo,3,Não,Pós-Graduação,Perto,Masculino,63,médio
5172,18,84,Alto,Baixo,Não,6,64,Médio,Sim,2,Baixo,Alto,Público,Positivo,2,Não,Ensino Médio,Perto,Feminino,67,médio
5173,14,82,Médio,Médio,Sim,4,67,Médio,Sim,1,Alto,Médio,Público,Neutro,4,Não,Ensino Médio,Moderado,Feminino,65,médio
5174,23,76,Médio,Médio,Não,7,66,Médio,Sim,2,Médio,Médio,Público,Neutro,3,Não,Faculdade,Perto,Masculino,67,médio
5175,31,77,Alto,Médio,Não,5,84,Médio,Sim,2,Alto,Alto,Público,Positivo,5,Não,Ensino Médio,Perto,Masculino,73,médio
5176,12,69,Alto,Alto,Sim,7,53,Baixo,Sim,2,Baixo,Alto,Público,Neutro,3,Não,Faculdade,Perto,Masculino,64,médio
5177,9,78,Baixo,Alto,Não,6,87,Médio,Sim,0,Médio,Alto,Privado,Positivo,3,Não,Pós-Graduação,Perto,Masculino,65,médio
5178,19,98,Médio,Alto,Sim,5,76,Médio,Sim,2,Médio,Médio,Privado,Positivo,3,Não,Ensino Médio,Moderado,Masculino,72,médio
5179,20,94,Alto,Médio,Não,8,59,Alto,Sim,3,Médio,Médio,Público,Positivo,4,Não,Ensino Médio,Perto,Feminino,72,médio
5180,21,66,Alto,Médio,Não,7,61,Médio,Sim,2,Alto,Alto,Público,Neutro,2,Não,Faculdade,Perto,Masculino,66,médio
5181,17,61,Alto,Médio,Sim,7,55,Alto,Sim,1,Médio,Médio,Privado,Negativo,2,Sim,Faculdade,Perto,Masculino,62,médio
5182,19,97,Baixo,Médio,Não,8,73,Médio,Sim,2,Médio,Médio,Privado,Negativo,1,Não,Faculdade,Perto,Masculino,68,médio
5183,22,81,Médio,Baixo,Sim,7,80,Baixo,Sim,1,Médio,Médio,Público,Positivo,3,Não,Faculdade,Moderado,Feminino,67,médio
5184,26,82,Alto,Baixo,Não,7,79,Médio,Sim,1,Médio,Médio,Público,Positivo,2,Sim,Pós-Graduação,Perto,Feminino,69,médio
5185,8,91,Alto,Baixo,Não,6,98,Médio,Sim,1,Médio,Médio,Privado,Positivo,3,Não,Ensino Médio,Perto,Feminino,67,médio
5186,18,73,Médio,Médio,Não,5,65,Médio,Sim,1,Baixo,Alto,Público,Negativo,3,Não,Faculdade,Moderado,Feminino,63,médio
5187,21,79,Baixo,Médio,Sim,7,88,Baixo,Sim,0,Baixo,Médio,Privado,Negativo,4,Não,Ensino Médio,Moderado,Masculino,65,médio
5188,14,99,Alto,Médio,Não,6,86,Baixo,Sim,2,Alto,Alto,Privado,Negativo,4,Não,Faculdade,Perto,Masculino,71,médio
5189,30,87,Médio,Médio,Não,8,53,Baixo,Sim,1,Baixo,Alto,Privado,Neutro,1,Não,Pós-Graduação,Perto,Masculino,70,médio
5190,16,66,Médio,Médio,Sim,7,97,Médio,Sim,5,Baixo,Alto,Público,Positivo,3,Não,Pós-Graduação,Perto,Masculino,68,médio
5191,20,65,Médio,Médio,Sim,8,97,Alto,Sim,0,Baixo,Médio,Público,Negativo,3,Não,Faculdade,Perto,Feminino,65,médio
5192,23,68,Médio,Alto,Sim,6,70,Médio,Sim,4,Médio,Médio,Público,Positivo,2,Não,Ensino Médio,Perto,Masculino,68,médio
5193,16,91,Médio,Médio,Sim,5,71,Médio,Sim,2,Alto,Médio,Público,Negativo,3,Não,Faculdade,Perto,Masculino,69,médio
5194,9,72,Médio,Alto,Sim,10,91,Médio,Não,1,Alto,Médio,Público,Neutro,2,Não,Ensino Médio,Longe,Feminino,62,médio
5195,17,61,Baixo,Alto,Sim,7,75,Médio,Não,2,Médio,Alto,Público,Negativo,4,Não,Faculdade,Perto,Feminino,62,médio
5196,26,98,Alto,Baixo,Não,8,90,Baixo,Sim,1,Alto,Baixo,Público,Positivo,2,Sim,Pós-Graduação,Moderado,Feminino,72,médio
5197,18,67,Alto,Médio,Não,5,52,Alto,Sim,0,Médio,Médio,Privado,Neutro,4,Não,Pós-Graduação,Moderado,Masculino,64,médio
5198,15,60,Alto,Médio,Não,7,63,Baixo,Sim,0,Baixo,Alto,Público,Positivo,1,Sim,Ensino Médio,Longe,Feminino,58,baixo
5199,26,69,Alto,Médio,Não,9,55,Baixo,Sim,1,Baixo,Médio,Público,Neutro,3,Não,Faculdade,Perto,Masculino,66,médio
5200,18,69,Médio,Baixo,Sim,5,73,Baixo,Sim,1,Baixo,Alto,Público,Positivo,4,Não,Pós-Graduação,Moderado,Masculino,64,médio
5201,17,77,Médio,Alto,Sim,10,93,Baixo,Sim,3,Alto,Alto,Privado,Positivo,1,Não,Faculdade,Longe,Feminino,68,médio
5202,21,97,Baixo,Baixo,Não,7,78,Médio,Sim,0,Alto,Médio,Público,Neutro,3,Não,Pós-Graduação,Perto,Feminino,69,médio
5203,25,95,Baixo,Alto,Não,6,76,Médio,Sim,1,Baixo,Médio,Público,Positivo,5,Não,Ensino Médio,Perto,Masculino,71,médio
5204,34,78,Médio,Alto,Sim,8,68,Médio,Sim,1,Médio,Médio,Público,Negativo,2,Não,Faculdade,Perto,Masculino,71,médio
5205,25,76,Médio,Médio,Sim,9,53,Médio,Sim,0,Alto,Alto,Privado,Positivo,3,Não,Ensino Médio,Moderado,Masculino,67,médio
5206,27,82,Alto,Baixo,Sim,6,88,Médio,Sim,2,Alto,Alto,Privado,Neutro,3,Não,Ensino Médio,Perto,Masculino,71,médio
5207,17,70,Médio,Médio,Sim,6,79,Baixo,Sim,2,Médio,Médio,Público,Positivo,3,Não,Ensino Médio,Perto,Feminino,64,médio
5208,14,62,Médio,Médio,Sim,7,97,Alto,Sim,0,Médio,Médio,Público,Positivo,1,Não,Ensino Médio,Moderado,Masculino,62,médio
5209,20,98,Médio,Médio,Não,8,72,Médio,Sim,1,Alto,Médio,Público,Negativo,4,Não,Ensino Médio,Perto,Feminino,70,médio
5210,21,67,Baixo,Alto,Não,7,70,Baixo,Sim,2,Baixo,Médio,Privado,Negativo,2,Não,Pós-Graduação,Moderado,Feminino,63,médio
5211,14,68,Alto,Médio,Sim,8,99,Alto,Sim,0,Alto,Médio,Público,Positivo,3,Não,Ensino Médio,Perto,Feminino,66,médio
5212,19,79,Médio,Médio,Sim,8,57,Baixo,Sim,2,Baixo,Baixo,Público,Positivo,3,Não,Ensino Médio,Moderado,Masculino,65,médio
5213,22,80,Médio,Alto,Não,7,63,Médio,Sim,1,Alto,Médio,Público,Positivo,3,Não,Faculdade,Perto,Masculino,69,médio
5214,22,61,Alto,Baixo,Sim,6,74,Médio,Sim,1,Baixo,Médio,Público,Negativo,3,Não,Ensino Médio,Perto,Masculino,63,médio
5215,23,66,Médio,Médio,Não,7,76,Baixo,Sim,1,Alto,Médio,Público,Neutro,2,Não,Faculdade,Moderado,Masculino,64,médio
5216,22,75,Médio,Médio,Sim,10,77,Alto,Sim,2,Baixo,Baixo,Público,Neutro,2,Não,Ensino Médio,Perto,Masculino,66,médio
5217,17,87,Médio,Médio,Sim,7,61,Médio,Sim,4,Alto,Médio,Público,Negativo,3,Sim,Ensino Médio,Perto,Feminino,67,médio
5218,17,69,Alto,Alto,Sim,9,96,Médio,Sim,2,Baixo,Médio,Público,Negativo,3,Não,Faculdade,Longe,Masculino,66,médio
5219,13,77,Baixo,Alto,Não,6,85,Baixo,Sim,2,Baixo,Médio,Público,Neutro,4,Não,Pós-Graduação,Perto,Feminino,65,médio
5220,31,82,Alto,Médio,Sim,7,63,Médio,Não,2,Alto,Médio,Privado,Positivo,2,Não,Pós-Graduação,Moderado,Masculino,72,médio
5221,20,96,Alto,Médio,Sim,8,65,Alto,Sim,0,Médio,Baixo,Público,Neutro,2,Não,Ensino Médio,Perto,Feminino,70,médio
5222,19,73,Médio,Médio,Sim,9,94,Médio,Sim,1,Alto,Baixo,Público,Positivo,1,Não,Faculdade,Perto,Feminino,67,médio
5223,14,65,Médio,Alto,Não,9,69,Baixo,Sim,4,Médio,Médio,Público,Neutro,3,Não,Faculdade,Perto,Masculino,64,médio
5224,38,80,Alto,Médio,Não,5,78,Médio,Sim,1,Baixo,Médio,Público,Positivo,4,Não,Faculdade,Longe,Feminino,72,médio
5225,14,90,Médio,Médio,Sim,9,56,Médio,Sim,0,Baixo,Médio,Público,Neutro,4,Não,Ensino Médio,Perto,Feminino,65,médio
5226,17,64,Alto,Baixo,Sim,10,63,Médio,Sim,0,Alto,Médio,Público,Positivo,3,Não,Ensino Médio,Moderado,Feminino,62,médio
5227,22,77,Médio,Alto,Não,6,71,Alto,Sim,3,Baixo,Médio,Público,Negativo,4,Não,Ensino Médio,Longe,Feminino,67,médio
5228,24,61,Médio,Médio,Não,6,83,Alto,Sim,0,Médio,Médio,Público,Positivo,3,Sim,Ensino Médio,Perto,Masculino,64,médio
5229,26,61,Médio,Médio,Não,7,64,Baixo,Sim,0,Médio,Médio,Privado,Negativo,3,Não,Pós-Graduação,Perto,Masculino,63,médio
5230,31,79,Médio,Alto,Não,7,98,Médio,Sim,1,Médio,Alto,Público,Neutro,2,Não,Faculdade,Moderado,Masculino,72,médio
5231,23,72,Baixo,Médio,Não,6,61,Alto,Sim,1,Alto,Médio,Público,Positivo,5,Não,Ensino Médio,Perto,Masculino,66,médio
5232,14,94,Alto,Médio,Sim,5,89,Médio,Sim,0,Médio,Médio,Público,Positivo,1,Não,Pós-Graduação,Perto,Feminino,70,médio
5233,18,84,Médio,Baixo,Sim,9,68,Baixo,Sim,0,Médio,Alto,Privado,Negativo,2,Não,Pós-Graduação,Perto,Feminino,66,médio
5234,22,78,Alto,Alto,Não,6,92,Baixo,Sim,1,Alto,Alto,Público,Positivo,3,Não,Ensino Médio,Moderado,Masculino,70,médio
5235,32,76,Baixo,Baixo,Sim,6,96,Baixo,Sim,0,Baixo,Alto,Público,Neutro,2,Não,Ensino Médio,Moderado,Feminino,67,médio
5236,12,80,Médio,Médio,Sim,7,59,Alto,Sim,1,Baixo,Alto,Público,Positivo,2,Não,Ensino Médio,Perto,Feminino,64,médio
5237,27,62,Alto,Médio,Não,5,75,Médio,Sim,2,Médio,Alto,Público,Positivo,2,Não,Ensino Médio,Perto,Masculino,67,médio
5238,21,96,Alto,Alto,Sim,5,58,Médio,Sim,0,Alto,Alto,Público,Neutro,4,Não,Faculdade,Longe,Masculino,72,médio
5239,25,100,Alto,Baixo,Não,6,85,Baixo,Sim,1,Médio,Médio,Público,Positivo,3,Não,Ensino Médio,Perto,Masculino,72,médio
5240,19,67,Alto,Médio,Sim,8,92,Baixo,Sim,2,Alto,Médio,Público,Neutro,5,Não,Pós-Graduação,Moderado,Feminino,68,médio
5241,15,65,Médio,Médio,Sim,7,69,Médio,Sim,1,Alto,Médio,Público,Neutro,3,Não,Pós-Graduação,Perto,Feminino,64,médio
5242,25,66,Alto,Médio,Sim,4,70,Médio,Não,1,Alto,Médio,Público,Positivo,3,Não,Ensino Médio,Moderado,Masculino,66,médio
5243,24,86,Baixo,Alto,Não,9,60,Médio,Sim,0,Baixo,Alto,Privado,Positivo,3,Não,Faculdade,Longe,Masculino,68,médio
5244,26,86,Baixo,Baixo,Não,8,65,Baixo,Sim,0,Baixo,Alto,Público,Neutro,4,Não,Ensino Médio,Perto,Feminino,66,médio
5245,20,94,Baixo,Alto,Sim,7,66,Alto,Sim,1,Baixo,Alto,Privado,Positivo,1,Não,Ensino Médio,Perto,Feminino,70,médio
5246,16,90,Alto,Alto,Sim,7,58,Alto,Sim,1,Baixo,Médio,Público,Neutro,4,Não,Pós-Graduação,Perto,Feminino,70,médio
5247,11,78,Baixo,Alto,Sim,8,65,Médio,Sim,0,Médio,Médio,Privado,Neutro,2,Não,Ensino Médio,Perto,Feminino,62,médio
5248,25,85,Baixo,Médio,Sim,10,95,Médio,Sim,0,Médio,Baixo,Público,Positivo,1,Não,Faculdade,Perto,Masculino,69,médio
5249,23,88,Médio,Médio,Sim,8,66,Baixo,Sim,2,Médio,Alto,Privado,Positivo,2,Não,Faculdade,Moderado,Masculino,69,médio
5250,14,81,Médio,Médio,Sim,7,64,Médio,Sim,2,Médio,Médio,Público,Positivo,4,Sim,Faculdade,Perto,Masculino,66,médio
5251,17,79,Alto,Alto,Não,5,69,Médio,Sim,4,Baixo,Médio,Público,Negativo,3,Não,Pós-Graduação,Perto,Feminino,68,médio
5252,17,86,Médio,Alto,Não,7,98,Médio,Sim,2,Baixo,Alto,Público,Positivo,5,Não,Pós-Graduação,Moderado,Masculino,71,médio
5253,11,82,Médio,Médio,Sim,8,88,Médio,Não,1,Baixo,Médio,Privado,Negativo,2,Não,Pós-Graduação,Moderado,Feminino,64,médio
5254,15,86,Baixo,Alto,Não,7,60,Médio,Sim,2,Médio,Médio,Público,Positivo,3,Não,Faculdade,Perto,Masculino,67,médio
5255,13,85,Médio,Alto,Sim,6,88,Médio,Sim,2,Médio,Alto,Público,Positivo,3,Não,Ensino Médio,Moderado,Feminino,68,médio
5256,18,89,Baixo,Alto,Sim,8,88,Baixo,Sim,0,Alto,Médio,Público,Negativo,1,Não,Ensino Médio,Moderado,Masculino,67,médio
5257,16,86,Médio,Médio,Não,6,98,Alto,Sim,1,Baixo,Médio,Público,Neutro,3,Não,Pós-Graduação,Perto,Masculino,68,médio
5258,10,81,Médio,Alto,Sim,8,95,Médio,Sim,5,Baixo,Alto,Público,Positivo,3,Não,Ensino Médio,Perto,Feminino,69,médio
5259,32,87,Médio,Alto,Sim,6,55,Médio,Sim,0,Baixo,Alto,Público,Neutro,3,Não,Ensino Médio,Perto,Masculino,71,médio
5260,28,78,Alto,Baixo,Sim,4,73,Baixo,Não,3,Baixo,Médio,Privado,Positivo,4,Não,Ensino Médio,Moderado,Feminino,68,médio
5261,15,70,Alto,Alto,Não,6,85,Alto,Sim,0,Baixo,Médio,Privado,Positivo,2,Não,Faculdade,Moderado,Masculino,65,médio
5262,22,60,Baixo,Médio,Não,7,99,Médio,Sim,1,Baixo,Alto,Público,Neutro,3,Não,Faculdade,Moderado,Masculino,63,médio
5263,23,82,Baixo,Médio,Sim,8,54,Médio,Sim,0,Médio,Alto,Público,Negativo,1,Não,Ensino Médio,Perto,Feminino,65,médio
5264,27,84,Alto,Alto,Não,8,68,Baixo,Sim,3,Baixo,Alto,Privado,Positivo,2,Sim,Pós-Graduação,Perto,Feminino,72,médio
5265,15,99,Baixo,Médio,Sim,5,75,Baixo,Sim,2,Médio,Baixo,Público,Neutro,1,Não,Faculdade,Moderado,Masculino,67,médio
5266,27,74,Médio,Alto,Não,7,71,Médio,Sim,1,Médio,Médio,Público,Positivo,3,Não,Ensino Médio,Perto,Feminino,69,médio
5267,17,76,Médio,Médio,Não,6,73,Médio,Sim,3,Baixo,Alto,Privado,Neutro,3,Não,Pós-Graduação,Perto,Masculino,67,médio
5268,12,68,Alto,Médio,Sim,6,68,Baixo,Sim,2,Médio,Médio,Público,Positivo,4,Não,Faculdade,Perto,Masculino,64,médio
5269,24,63,Médio,Baixo,Não,6,99,Baixo,Não,0,Baixo,Médio,Público,Positivo,3,Não,Ensino Médio,Moderado,Feminino,62,médio
5270,28,91,Baixo,Médio,Não,7,90,Médio,Sim,2,Alto,Baixo,Privado,Neutro,3,Não,Ensino Médio,Perto,Masculino,71,médio
5271,36,70,Baixo,Alto,Não,10,87,Médio,Sim,2,Baixo,Médio,Público,Positivo,3,Não,Ensino Médio,Perto,Masculino,70,médio
5272,13,84,Baixo,Médio,Não,10,71,Baixo,Sim,1,Médio,Alto,Público,Neutro,3,Não,Faculdade,Moderado,Masculino,64,médio
5273,24,88,Médio,Médio,Sim,6,94,Médio,Sim,0,Baixo,Médio,Privado,Negativo,2,Não,Pós-Graduação,Moderado,Masculino,69,médio
5274,18,79,Médio,Médio,Sim,7,55,Médio,Sim,1,Baixo,Alto,Público,Positivo,3,Não,Ensino Médio,Moderado,Feminino,65,médio
5275,25,95,Alto,Alto,Sim,7,57,Médio,Sim,2,Alto,Médio,Privado,Negativo,2,Não,Faculdade,Moderado,Feminino,73,médio
5276,11,78,Médio,Baixo,Sim,7,98,Baixo,Sim,2,Médio,Médio,Público,Neutro,3,Não,Ensino Médio,Perto,Feminino,64,médio
5277,12,71,Médio,Alto,Sim,8,78,Baixo,Sim,2,Médio,Médio,Público,Negativo,2,Não,Pós-Graduação,Perto,Feminino,64,médio
5278,15,96,Médio,Médio,Sim,7,58,Médio,Sim,3,Médio,Médio,Público,Neutro,4,Não,Pós-Graduação,Moderado,Masculino,70,médio
5279,20,94,Baixo,Baixo,Sim,6,97,Baixo,Sim,2,Médio,Médio,Público,Positivo,5,Não,Faculdade,Perto,Masculino,70,médio
5280,16,67,Alto,Alto,Não,9,99,Médio,Sim,2,Médio,Médio,Público,Neutro,2,Sim,Ensino Médio,Moderado,Masculino,64,médio
5281,24,61,Baixo,Médio,Não,5,94,Médio,Sim,3,Médio,Alto,Privado,Neutro,2,Sim,Faculdade,Moderado,Feminino,64,médio
5282,26,64,Médio,Médio,Sim,7,62,Alto,Sim,3,Médio,Alto,Privado,Negativo,2,Não,Ensino Médio,Perto,Masculino,66,médio
5283,24,71,Baixo,Alto,Sim,5,64,Médio,Sim,1,Médio,Médio,Público,Neutro,3,Não,Faculdade,Perto,Masculino,66,médio
5284,30,99,Médio,Médio,Sim,5,70,Baixo,Sim,2,Médio,Médio,Público,Neutro,4,Não,Ensino Médio,Perto,Feminino,74,médio
5285,22,82,Alto,Alto,Não,8,79,Médio,Não,2,Médio,Médio,Público,Negativo,1,Não,Faculdade,Perto,Feminino,69,médio
5286,13,75,Baixo,Alto,Sim,6,100,Alto,Sim,1,Médio,Médio,Público,Positivo,3,Não,Pós-Graduação,Perto,Masculino,67,médio
5287,28,96,Médio,Médio,Não,4,98,Alto,Sim,5,Baixo,Médio,Público,Neutro,5,Sim,Ensino Médio,Longe,Masculino,73,médio
5288,16,78,Baixo,Médio,Não,6,96,Alto,Sim,0,Médio,Médio,Público,Positivo,1,Não,Pós-Graduação,Perto,Feminino,66,médio
5289,25,73,Alto,Médio,Não,6,54,Alto,Sim,2,Médio,Médio,Público,Neutro,4,Não,Ensino Médio,Moderado,Feminino,67,médio
5290,29,98,Médio,Alto,Sim,5,88,Baixo,Sim,3,Baixo,Médio,Público,Neutro,2,Não,Faculdade,Perto,Masculino,75,médio
5291,23,94,Médio,Alto,Sim,8,94,Baixo,Sim,2,Médio,Alto,Público,Positivo,2,Não,Ensino Médio,Perto,Masculino,73,médio
5292,11,94,Médio,Médio,Não,5,67,Médio,Sim,2,Alto,Médio,Público,Neutro,5,Não,Ensino Médio,Perto,Feminino,67,médio
5293,14,80,Alto,Baixo,Sim,6,61,Médio,Sim,0,Médio,Alto,Público,Neutro,4,Não,Faculdade,Moderado,Feminino,65,médio
5294,28,92,Médio,Médio,Sim,7,87,Baixo,Sim,1,Baixo,Baixo,Público,Positivo,1,Não,Ensino Médio,Perto,Feminino,71,médio
5295,19,67,Médio,Médio,Sim,6,55,Baixo,Sim,1,Médio,Médio,Público,Neutro,4,Não,Ensino Médio,Perto,Masculino,63,médio
5296,20,83,Médio,Baixo,Sim,6,97,Alto,Sim,2,Baixo,Alto,Público,Neutro,4,Não,Ensino Médio,Moderado,Feminino,68,médio
5297,25,99,Médio,Alto,Não,6,58,Alto,Sim,0,Médio,Médio,Privado,Positivo,4,Não,Ensino Médio,Perto,Masculino,72,médio
5298,24,72,Baixo,Alto,Sim,5,73,Baixo,Sim,2,Médio,Alto,Público,Positivo,2,Não,Ensino Médio,Perto,Masculino,67,médio
5299,22,92,Médio,Alto,Não,6,99,Baixo,Sim,1,Médio,Médio,Público,Negativo,4,Não,Faculdade,Perto,Feminino,71,médio
5300,19,80,Baixo,Baixo,Não,8,99,Alto,Sim,1,Baixo,Médio,Público,Positivo,4,Não,Pós-Graduação,Perto,Masculino,67,médio
5301,18,62,Médio,Alto,Sim,6,89,Médio,Sim,0,Alto,Alto,Privado,Positivo,3,Não,Pós-Graduação,Perto,Feminino,66,médio
5302,25,91,Médio,Alto,Não,7,92,Médio,Sim,3,Baixo,Médio,Público,Negativo,5,Não,Ensino Médio,Perto,Masculino,72,médio
5303,23,67,Baixo,Baixo,Não,9,98,Médio,Sim,2,Baixo,Alto,Público,Negativo,0,Não,Faculdade,Perto,Feminino,64,médio
5304,18,85,Médio,Médio,Não,8,96,Médio,Sim,0,Alto,Alto,Público,Negativo,3,Não,Faculdade,Moderado,Masculino,68,médio
5305,26,63,Alto,Alto,Não,5,81,Médio,Sim,0,Baixo,Médio,Público,Negativo,2,Não,Ensino Médio,Moderado,Feminino,65,médio
5306,19,98,Médio,Alto,Sim,8,87,Alto,Sim,1,Médio,Médio,Privado,Positivo,4,Não,Pós-Graduação,Moderado,Masculino,74,médio
5307,15,72,Médio,Baixo,Sim,9,80,Médio,Sim,4,Médio,Alto,Privado,Neutro,4,Não,Faculdade,Moderado,Feminino,65,médio
5308,15,69,Alto,Baixo,Sim,6,75,Médio,Não,2,Baixo,Alto,Público,Positivo,2,Não,Ensino Médio,Perto,Feminino,63,médio
5309,14,65,Médio,Médio,Sim,5,94,Médio,Sim,5,Baixo,Médio,Privado,Negativo,3,Não,Pós-Graduação,Moderado,Masculino,65,médio
5310,18,98,Baixo,Alto,Sim,6,87,Médio,Sim,0,Médio,Médio,Público,Neutro,1,Não,Ensino Médio,Perto,Masculino,70,médio
5311,27,88,Médio,Alto,Sim,7,93,Médio,Sim,0,Baixo,Médio,Público,Neutro,4,Não,Ensino Médio,Moderado,Masculino,71,médio
5312,15,90,Médio,Médio,Sim,8,55,Médio,Sim,1,Baixo,Médio,Público,Neutro,1,Não,Faculdade,Perto,Feminino,66,médio
5313,21,80,Médio,Médio,Sim,6,79,Baixo,Sim,2,Médio,Alto,Público,Positivo,3,Não,Faculdade,Perto,Masculino,69,médio
5314,16,79,Médio,Alto,Sim,4,66,Alto,Sim,2,Médio,Médio,Público,Neutro,2,Não,Faculdade,Moderado,Masculino,67,médio
5315,18,64,Médio,Alto,Sim,5,76,Baixo,Sim,1,Baixo,Médio,Público,Positivo,4,Não,Ensino Médio,Moderado,Masculino,64,médio
5316,11,82,Alto,Alto,Não,8,81,Alto,Sim,2,Baixo,Alto,Público,Positivo,2,Não,Ensino Médio,Moderado,Feminino,67,médio
5317,19,70,Médio,Alto,Sim,10,92,Médio,Sim,1,Baixo,Alto,Público,Positivo,4,Não,Ensino Médio,Perto,Masculino,67,médio
5318,19,99,Alto,Médio,Não,7,52,Médio,Sim,1,Médio,Médio,Público,Neutro,4,Não,Ensino Médio,Perto,Masculino,70,médio
5319,23,92,Alto,Alto,Não,9,58,Médio,Sim,2,Baixo,Médio,Privado,Neutro,1,Não,Pós-Graduação,Perto,Feminino,71,médio
5320,21,77,Médio,Baixo,Sim,5,96,Alto,Sim,2,Baixo,Alto,Privado,Neutro,5,Não,Ensino Médio,Perto,Feminino,68,médio
5321,13,66,Alto,Alto,Não,6,98,Baixo,Sim,1,Alto,Alto,Público,Positivo,2,Não,Ensino Médio,Perto,Masculino,65,médio
5322,27,91,Médio,Médio,Não,4,53,Médio,Sim,1,Baixo,Médio,Privado,Positivo,3,Não,Pós-Graduação,Perto,Feminino,70,médio
5323,21,65,Médio,Alto,Sim,8,67,Baixo,Não,1,Baixo,Médio,Público,Positivo,4,Não,Ensino Médio,Perto,Feminino,64,médio
5324,21,68,Alto,Alto,Sim,6,50,Alto,Sim,3,Médio,Baixo,Privado,Neutro,4,Não,Ensino Médio,Perto,Masculino,67,médio
5325,20,68,Baixo,Baixo,Não,8,88,Médio,Sim,5,Baixo,Baixo,Privado,Neutro,3,Não,Ensino Médio,Moderado,Masculino,63,médio
5326,17,82,Médio,Baixo,Sim,6,84,Alto,Sim,2,Baixo,Baixo,Público,Negativo,3,Não,Ensino Médio,Moderado,Feminino,65,médio
5327,21,91,Médio,Médio,Sim,10,78,Alto,Sim,2,Baixo,Alto,Público,Negativo,2,Não,Ensino Médio,Perto,Masculino,70,médio
5328,23,73,Médio,Alto,Não,10,85,Médio,Sim,1,Baixo,Médio,Público,Neutro,3,Não,Faculdade,Perto,Masculino,67,médio
5329,10,63,Médio,Alto,Não,4,77,Baixo,Não,3,Baixo,Médio,Privado,Neutro,3,Não,Ensino Médio,Perto,Masculino,60,baixo
5330,17,79,Baixo,Alto,Não,8,62,Baixo,Sim,1,Baixo,Médio,Público,Neutro,3,Não,Ensino Médio,Perto,Feminino,64,médio
5331,18,90,Baixo,Médio,Não,6,88,Baixo,Sim,1,Médio,Médio,Privado,Negativo,1,Não,Ensino Médio,Moderado,Feminino,65,médio
5332,22,69,Médio,Médio,Não,8,89,Baixo,Não,0,Baixo,Alto,Público,Positivo,5,Não,Ensino Médio,Moderado,Feminino,64,médio
5333,27,69,Médio,Baixo,Sim,5,93,Médio,Sim,1,Médio,Médio,Público,Positivo,4,Não,Faculdade,Moderado,Masculino,67,médio
5334,15,98,Médio,Médio,Sim,9,98,Alto,Sim,0,Médio,Médio,Privado,Positivo,3,Não,Ensino Médio,Perto,Feminino,71,médio
5335,17,98,Médio,Médio,Não,9,87,Baixo,Sim,0,Alto,Médio,Privado,Positivo,3,Não,Ensino Médio,Moderado,Feminino,69,médio
5336,17,100,Médio,Alto,Sim,5,53,Baixo,Sim,1,Médio,Alto,Público,Positivo,4,Não,Ensino Médio,Perto,Masculino,70,médio
5337,15,92,Médio,Médio,Sim,7,51,Médio,Sim,1,Alto,Alto,Público,Positivo,3,Não,Faculdade,Perto,Feminino,69,médio
5338,18,68,Alto,Alto,Sim,7,87,Alto,Sim,3,Médio,Médio,Público,Positivo,4,Não,Ensino Médio,Perto,Masculino,69,médio
5339,25,68,Baixo,Médio,Sim,8,53,Baixo,Sim,2,Médio,Médio,Público,Neutro,3,Não,Faculdade,Moderado,Feminino,64,médio
5340,14,74,Baixo,Médio,Sim,7,66,Médio,Sim,0,Médio,Alto,Privado,Negativo,3,Não,Pós-Graduação,Perto,Masculino,63,médio
5341,23,73,Alto,Médio,Não,8,57,Médio,Sim,3,Médio,Médio,Público,Positivo,2,Não,Faculdade,Perto,Masculino,67,médio
5342,10,98,Médio,Médio,Não,7,98,Baixo,Não,0,Médio,Médio,Público,Neutro,3,Não,Faculdade,Moderado,Feminino,66,médio
5343,17,92,Médio,Alto,Sim,8,66,Médio,Sim,2,Baixo,Médio,Público,Positivo,3,Não,Ensino Médio,Perto,Feminino,69,médio
5344,18,89,Médio,Médio,Não,5,53,Médio,Sim,5,Baixo,Alto,Privado,Neutro,4,Não,Faculdade,Perto,Masculino,69,médio
5345,30,67,Médio,Médio,Não,7,97,Alto,Sim,2,Alto,Médio,Público,Neutro,3,Sim,Ensino Médio,Perto,Masculino,69,médio
5346,18,96,Médio,Alto,Sim,9,80,Alto,Sim,1,Baixo,Médio,Público,Positivo,3,Não,Faculdade,Perto,Masculino,72,médio
5347,7,93,Alto,Alto,Sim,9,52,Alto,Sim,1,Médio,Baixo,Privado,Negativo,3,Não,Ensino Médio,Moderado,Feminino,65,médio
5348,8,67,Médio,Médio,Sim,7,92,Médio,Sim,0,Alto,Alto,Privado,Positivo,2,Não,Faculdade,Perto,Masculino,63,médio
5349,20,95,Médio,Médio,Não,7,58,Baixo,Sim,1,Baixo,Alto,Público,Neutro,4,Não,Faculdade,Perto,Masculino,69,médio
5350,24,71,Alto,Médio,Sim,9,90,Baixo,Sim,3,Médio,Alto,Privado,Neutro,3,Não,Faculdade,Perto,Masculino,69,médio
5351,22,63,Médio,Baixo,Sim,7,80,Médio,Sim,2,Alto,Alto,Privado,Negativo,2,Não,Faculdade,Moderado,Feminino,64,médio
5352,21,86,Médio,Baixo,Sim,9,59,Alto,Sim,2,Médio,Alto,Privado,Positivo,3,Não,Faculdade,Perto,Masculino,69,médio
5353,27,86,Médio,Alto,Não,7,88,Médio,Sim,1,Médio,Médio,Privado,Neutro,3,Não,Pós-Graduação,Moderado,Masculino,72,médio
5354,17,64,Médio,Baixo,Não,7,73,Alto,Sim,1,Baixo,Médio,Público,Neutro,4,Não,Faculdade,Perto,Masculino,62,médio
5355,25,73,Alto,Médio,Sim,5,82,Baixo,Não,1,Médio,Médio,Privado,Positivo,3,Sim,Ensino Médio,Perto,Masculino,66,médio
5356,10,100,Baixo,Médio,Não,5,93,Baixo,Sim,2,Médio,Baixo,Público,Neutro,1,Não,Ensino Médio,Longe,Feminino,65,médio
5357,15,87,Alto,Alto,Sim,8,63,Médio,Sim,0,Alto,Médio,Público,Neutro,3,Não,Faculdade,Perto,Feminino,69,médio
5358,9,89,Médio,Baixo,Não,10,68,Alto,Sim,1,Alto,Alto,Público,Negativo,3,Não,Ensino Médio,Perto,Feminino,65,médio
5359,18,69,Alto,Médio,Sim,7,100,Médio,Sim,3,Médio,Alto,Público,Negativo,2,Não,Ensino Médio,Perto,Masculino,67,médio
5360,20,63,Baixo,Médio,Sim,7,75,Baixo,Sim,2,Médio,Alto,Público,Neutro,2,Não,Ensino Médio,Perto,Feminino,63,médio
5361,21,71,Alto,Médio,Não,9,78,Baixo,Sim,2,Médio,Médio,Público,Neutro,4,Não,Ensino Médio,Perto,Masculino,66,médio
5362,20,70,Baixo,Médio,Não,8,64,Baixo,Sim,0,Baixo,Baixo,Privado,Positivo,3,Não,Ensino Médio,Longe,Masculino,61,médio
5363,14,69,Alto,Médio,Sim,4,71,Médio,Sim,1,Médio,Médio,Público,Positivo,4,Não,Ensino Médio,Perto,Feminino,64,médio
5364,19,68,Médio,Baixo,Sim,8,75,Baixo,Sim,1,Médio,Médio,Privado,Neutro,4,Não,Pós-Graduação,Perto,Masculino,64,médio
5365,11,83,Médio,Médio,Sim,5,63,Médio,Sim,2,Baixo,Médio,Público,Neutro,3,Não,Faculdade,Perto,Masculino,65,médio
5366,28,73,Médio,Baixo,Não,7,62,Médio,Sim,3,Alto,Médio,Público,Neutro,3,Não,Pós-Graduação,Moderado,Feminino,68,médio
5367,18,93,Baixo,Alto,Sim,6,80,Médio,Sim,1,Médio,Médio,Privado,Negativo,3,Não,Ensino Médio,Perto,Masculino,69,médio
5368,17,67,Médio,Médio,Não,6,59,Médio,Sim,0,Médio,Médio,Público,Negativo,3,Não,Ensino Médio,Perto,Feminino,61,médio
5369,30,79,Médio,Alto,Não,7,78,Médio,Não,3,Alto,Alto,Privado,Positivo,2,Não,Pós-Graduação,Moderado,Feminino,72,médio
5370,13,61,Médio,Baixo,Sim,8,85,Médio,Sim,4,Baixo,Médio,Privado,Neutro,3,Não,Faculdade,Moderado,Masculino,61,médio
5371,13,79,Alto,Alto,Não,7,60,Médio,Sim,1,Baixo,Alto,Privado,Neutro,4,Não,Faculdade,Moderado,Masculino,66,médio
5372,13,62,Baixo,Médio,Sim,9,87,Médio,Sim,1,Baixo,Médio,Público,Negativo,1,Não,Faculdade,Moderado,Masculino,60,baixo
5373,20,99,Médio,Baixo,Não,9,68,Baixo,Sim,1,Baixo,Alto,Público,Positivo,3,Não,Pós-Graduação,Longe,Masculino,69,médio
5374,23,92,Médio,Alto,Não,9,100,Médio,Sim,1,Alto,Alto,Público,Neutro,2,Sim,Faculdade,Perto,Masculino,72,médio
5375,24,80,Médio,Alto,Sim,7,99,Baixo,Sim,2,Médio,Médio,Público,Negativo,2,Não,Ensino Médio,Moderado,Feminino,69,médio
5376,35,63,Alto,Alto,Sim,6,90,Baixo,Sim,0,Médio,Médio,Público,Positivo,3,Não,Faculdade,Perto,Masculino,71,médio
5377,7,84,Médio,Alto,Não,7,67,Médio,Sim,1,Médio,Médio,Privado,Neutro,3,Não,Faculdade,Perto,Masculino,64,médio
5378,24,90,Baixo,Baixo,Sim,9,97,Alto,Sim,3,Baixo,Médio,Público,Positivo,4,Não,Ensino Médio,Perto,Masculino,71,médio
5379,17,68,Baixo,Médio,Sim,9,100,Alto,Sim,1,Médio,Alto,Público,Negativo,3,Não,Ensino Médio,Moderado,Masculino,64,médio
5380,16,83,Médio,Médio,Sim,4,73,Alto,Sim,3,Baixo,Baixo,Público,Negativo,3,Não,Faculdade,Perto,Feminino,67,médio
5381,16,93,Médio,Baixo,Sim,7,81,Médio,Sim,2,Baixo,Médio,Privado,Negativo,3,Sim,Pós-Graduação,Moderado,Masculino,67,médio
5382,15,91,Baixo,Alto,Sim,4,50,Alto,Sim,1,Médio,Médio,Público,Neutro,3,Não,Ensino Médio,Moderado,Feminino,66,médio
5383,30,92,Baixo,Médio,Sim,7,52,Médio,Sim,3,Alto,Médio,Privado,Positivo,4,Não,Faculdade,Perto,Masculino,73,médio
5384,25,95,Médio,Alto,Sim,6,75,Médio,Sim,1,Médio,Médio,Privado,Positivo,4,Não,Ensino Médio,Moderado,Masculino,73,médio
5385,20,98,Médio,Médio,Não,6,80,Médio,Sim,0,Médio,Médio,Público,Positivo,2,Não,Faculdade,Moderado,Masculino,70,médio
5386,28,76,Baixo,Médio,Sim,8,66,Médio,Sim,5,Alto,Baixo,Público,Positivo,4,Não,Faculdade,Moderado,Masculino,70,médio
5387,11,83,Médio,Baixo,Sim,6,55,Baixo,Sim,0,Baixo,Médio,Público,Positivo,4,Sim,Pós-Graduação,Perto,Feminino,62,médio
5388,12,92,Alto,Baixo,Sim,7,89,Médio,Sim,1,Médio,Alto,Privado,Neutro,2,Não,Pós-Graduação,Moderado,Masculino,68,médio
5389,7,88,Alto,Alto,Sim,6,71,Médio,Sim,0,Baixo,Médio,Público,Positivo,3,Não,Ensino Médio,Moderado,Feminino,65,médio
5390,16,100,Alto,Alto,Sim,7,82,Médio,Sim,2,Alto,Médio,Público,Positivo,2,Não,Ensino Médio,Perto,Masculino,73,médio
5391,21,61,Alto,Médio,Sim,8,83,Alto,Não,1,Baixo,Médio,Privado,Neutro,3,Não,Faculdade,Perto,Feminino,65,médio
5392,21,74,Médio,Alto,Sim,6,77,Alto,Não,0,Médio,Médio,Público,Neutro,3,Não,Faculdade,Perto,Masculino,66,médio
5393,21,71,Baixo,Médio,Sim,8,59,Médio,Sim,3,Baixo,Médio,Público,Neutro,3,Não,Faculdade,Moderado,Masculino,64,médio
5394,12,70,Médio,Alto,Não,7,81,Alto,Sim,0,Baixo,Médio,Público,Positivo,3,Não,Ensino Médio,Perto,Masculino,63,médio
5395,25,69,Médio,Médio,Não,7,66,Médio,Não,0,Baixo,Baixo,Público,Neutro,3,Sim,Faculdade,Perto,Masculino,62,médio
5396,21,88,Alto,Médio,Sim,6,91,Baixo,Sim,0,Baixo,Médio,Privado,Neutro,4,Não,Pós-Graduação,Moderado,Feminino,70,médio
5397,24,63,Médio,Médio,Não,8,60,Médio,Sim,3,Alto,Médio,Público,Neutro,3,Não,Ensino Médio,Perto,Masculino,65,médio
5398,9,90,Médio,Médio,Sim,8,65,Médio,Sim,0,Médio,Médio,Privado,Neutro,5,Não,Ensino Médio,Longe,Masculino,64,médio
5399,22,88,Médio,Médio,Não,7,72,Baixo,Sim,4,Alto,Médio,Público,Negativo,2,Não,Pós-Graduação,Perto,Masculino,70,médio
5400,13,70,Médio,Médio,Não,7,87,Médio,Sim,1,Baixo,Baixo,Público,Neutro,5,Não,Ensino Médio,Perto,Masculino,62,médio
5401,18,70,Médio,Médio,Não,8,86,Médio,Sim,5,Alto,Médio,Público,Positivo,2,Não,Ensino Médio,Perto,Feminino,67,médio
5402,23,85,Médio,Baixo,Não,8,67,Baixo,Sim,1,Médio,Médio,Privado,Neutro,3,Não,Pós-Graduação,Longe,Feminino,66,médio
5403,21,90,Alto,Alto,Sim,7,76,Alto,Sim,2,Alto,Alto,Público,Positivo,3,Não,Faculdade,Moderado,Feminino,74,médio
5404,15,95,Médio,Alto,Sim,9,62,Médio,Sim,2,Médio,Médio,Público,Positivo,3,Não,Ensino Médio,Longe,Masculino,69,médio
5405,20,94,Médio,Alto,Sim,8,89,Baixo,Sim,0,Médio,Médio,Público,Positivo,4,Sim,Ensino Médio,Moderado,Feminino,70,médio
5406,11,99,Médio,Médio,Não,10,60,Médio,Sim,1,Alto,Médio,Público,Positivo,1,Não,Faculdade,Perto,Feminino,68,médio
5407,27,83,Médio,Baixo,Não,5,91,Médio,Sim,3,Baixo,Médio,Público,Neutro,2,Não,Pós-Graduação,Perto,Masculino,70,médio
5408,19,96,Médio,Médio,Sim,8,97,Médio,Sim,3,Médio,Médio,Público,Negativo,2,Não,Ensino Médio,Perto,Masculino,71,médio
5409,27,92,Médio,Baixo,Sim,9,100,Alto,Sim,2,Médio,Alto,Público,Positivo,0,Não,Pós-Graduação,Moderado,Feminino,73,médio
5410,17,96,Médio,Médio,Não,9,93,Baixo,Sim,3,Médio,Médio,Privado,Neutro,2,Não,Ensino Médio,Longe,Masculino,69,médio
5411,17,60,Baixo,Baixo,Sim,7,61,Médio,Sim,1,Baixo,Médio,Público,Positivo,4,Não,Pós-Graduação,Perto,Feminino,61,médio
5412,15,99,Médio,Médio,Sim,5,71,Médio,Sim,0,Médio,Médio,Público,Neutro,2,Não,Faculdade,Moderado,Masculino,68,médio
5413,25,79,Médio,Baixo,Sim,9,54,Médio,Sim,1,Baixo,Médio,Privado,Positivo,2,Não,Pós-Graduação,Longe,Masculino,66,médio
5414,16,92,Alto,Baixo,Sim,6,58,Baixo,Sim,0,Alto,Médio,Privado,Positivo,4,Não,Ensino Médio,Perto,Feminino,67,médio
5415,24,65,Baixo,Alto,Sim,7,52,Médio,Sim,1,Alto,Médio,Público,Neutro,1,Não,Pós-Graduação,Moderado,Feminino,64,médio
5416,18,76,Baixo,Alto,Sim,10,82,Alto,Sim,1,Médio,Médio,Privado,Negativo,4,Não,Faculdade,Perto,Masculino,67,médio
5417,8,71,Alto,Médio,Sim,5,77,Médio,Não,0,Alto,Médio,Público,Neutro,4,Não,Ensino Médio,Moderado,Feminino,61,médio
5418,17,72,Baixo,Médio,Não,8,96,Alto,Sim,2,Baixo,Alto,Público,Neutro,3,Não,Ensino Médio,Perto,Masculino,65,médio
5419,13,65,Baixo,Alto,Sim,6,73,Médio,Sim,0,Baixo,Médio,Privado,Positivo,3,Não,Pós-Graduação,Perto,Feminino,62,médio
5420,20,92,Baixo,Alto,Não,6,82,Médio,Sim,0,Médio,Médio,Público,Neutro,5,Não,Ensino Médio,Perto,Feminino,69,médio
5421,13,60,Alto,Alto,Não,7,70,Médio,Sim,1,Médio,Médio,Público,Negativo,3,Não,Faculdade,Longe,Feminino,61,médio
5422,26,73,Alto,Médio,Não,8,91,Médio,Sim,4,Baixo,Baixo,Público,Neutro,5,Não,Ensino Médio,Moderado,Masculino,69,médio
5423,19,67,Médio,Baixo,Não,8,96,Alto,Não,1,Alto,Baixo,Público,Positivo,3,Não,Faculdade,Perto,Masculino,64,médio
5424,19,84,Médio,Baixo,Não,9,72,Alto,Sim,1,Baixo,Médio,Público,Positivo,3,Não,Ensino Médio,Longe,Feminino,65,médio
5425,24,70,Médio,Alto,Não,6,54,Baixo,Sim,1,Alto,Médio,Público,Neutro,1,Não,Ensino Médio,Moderado,Feminino,64,médio
5426,26,70,Alto,Alto,Sim,5,58,Médio,Sim,1,Baixo,Baixo,Privado,Positivo,3,Não,Pós-Graduação,Moderado,Masculino,68,médio
5427,20,80,Baixo,Médio,Sim,6,86,Alto,Sim,1,Baixo,Médio,Privado,Positivo,3,Não,Ensino Médio,Perto,Feminino,67,médio
5428,15,86,Alto,Médio,Sim,8,66,Baixo,Sim,0,Médio,Alto,Privado,Positivo,5,Não,Faculdade,Perto,Masculino,68,médio
5429,9,65,Baixo,Médio,Sim,7,89,Médio,Sim,2,Baixo,Médio,Público,Positivo,4,Não,Ensino Médio,Moderado,Masculino,61,médio
5430,16,67,Médio,Alto,Sim,4,87,Alto,Sim,5,Alto,Alto,Público,Positivo,4,Não,Faculdade,Perto,Masculino,69,médio
5431,16,70,Baixo,Alto,Sim,4,85,Alto,Sim,0,Médio,Médio,Privado,Neutro,3,Não,Ensino Médio,Perto,Masculino,64,médio
5432,21,99,Alto,Médio,Sim,7,91,Médio,Não,3,Médio,Médio,Público,Positivo,4,Não,Faculdade,Perto,Masculino,74,médio
5433,18,76,Médio,Médio,Não,8,88,Baixo,Sim,1,Médio,Médio,Público,Neutro,4,Não,Faculdade,Perto,Feminino,66,médio
5434,24,84,Médio,Médio,Não,6,82,Médio,Sim,1,Médio,Médio,Público,Negativo,2,Não,Ensino Médio,Perto,Masculino,68,médio
5435,16,70,Médio,Alto,Sim,8,50,Alto,Sim,3,Alto,Médio,Privado,Neutro,3,Não,Pós-Graduação,Longe,Masculino,65,médio
5436,20,80,Médio,Alto,Sim,5,76,Médio,Não,0,Baixo,Médio,Privado,Negativo,3,Não,Faculdade,Perto,Feminino,66,médio
5437,27,63,Alto,Baixo,Não,7,80,Médio,Não,2,Médio,Alto,Público,Positivo,2,Não,Ensino Médio,Perto,Feminino,66,médio
5438,22,61,Médio,Baixo,Não,7,98,Alto,Sim,3,Alto,Baixo,Privado,Neutro,2,Não,Faculdade,Perto,Feminino,65,médio
5439,20,79,Médio,Médio,Não,8,83,Médio,Sim,3,Baixo,Médio,Privado,Neutro,4,Não,Faculdade,Moderado,Masculino,67,médio
5440,16,76,Baixo,Médio,Sim,5,79,Médio,Sim,0,Baixo,Alto,Público,Positivo,4,Não,Pós-Graduação,Moderado,Feminino,65,médio
5441,16,65,Médio,Médio,Não,5,77,Médio,Sim,1,Alto,Alto,Público,Positivo,3,Não,Ensino Médio,Moderado,Masculino,63,médio
5442,15,88,Alto,Médio,Não,8,55,Médio,Sim,1,Alto,Alto,Privado,Neutro,2,Não,Ensino Médio,Perto,Masculino,67,médio
5443,17,100,Médio,Alto,Sim,5,71,Baixo,Sim,2,Baixo,Médio,Público,Neutro,4,Não,Ensino Médio,Perto,Masculino,70,médio
5444,25,76,Alto,Alto,Sim,6,57,Baixo,Não,0,Médio,Médio,Público,Positivo,3,Não,Pós-Graduação,Moderado,Masculino,68,médio
5445,19,85,Médio,Médio,Sim,9,53,Alto,Sim,1,Médio,Médio,Público,Neutro,3,Não,Faculdade,Longe,Masculino,66,médio
5446,12,99,Médio,Médio,Sim,7,66,Baixo,Sim,3,Médio,Baixo,Privado,Negativo,1,Não,Pós-Graduação,Moderado,Feminino,67,médio
5447,31,93,Médio,Baixo,Não,8,82,Baixo,Sim,2,Alto,Alto,Privado,Neutro,1,Não,Ensino Médio,Perto,Masculino,72,médio
5448,22,79,Alto,Alto,Sim,8,93,Médio,Sim,0,Médio,Médio,Privado,Negativo,2,Sim,Ensino Médio,Perto,Feminino,68,médio
5449,12,89,Médio,Alto,Não,8,91,Médio,Não,1,Baixo,Alto,Público,Neutro,2,Não,Ensino Médio,Perto,Masculino,66,médio
5450,17,65,Médio,Médio,Não,7,65,Médio,Sim,0,Alto,Médio,Privado,Neutro,4,Não,Ensino Médio,Moderado,Masculino,62,médio
5451,21,80,Alto,Baixo,Sim,6,52,Médio,Sim,1,Baixo,Médio,Público,Negativo,4,Não,Ensino Médio,Perto,Masculino,65,médio
5452,30,71,Alto,Baixo,Não,10,70,Baixo,Sim,3,Médio,Médio,Público,Neutro,4,Sim,Ensino Médio,Perto,Feminino,67,médio
5453,13,66,Médio,Médio,Sim,7,66,Baixo,Sim,3,Médio,Médio,Público,Negativo,2,Não,Faculdade,Perto,Feminino,62,médio
5454,26,77,Médio,Baixo,Sim,7,69,Baixo,Sim,1,Alto,Médio,Público,Neutro,3,Sim,Ensino Médio,Perto,Feminino,66,médio
5455,28,65,Médio,Médio,Não,8,78,Alto,Não,1,Alto,Médio,Privado,Positivo,3,Não,Faculdade,Perto,Feminino,67,médio
5456,16,88,Médio,Médio,Sim,6,52,Médio,Sim,2,Alto,Alto,Público,Positivo,3,Não,Ensino Médio,Perto,Feminino,68,médio
5457,18,78,Médio,Médio,Sim,6,69,Médio,Sim,1,Médio,Médio,Público,Negativo,4,Não,Pós-Graduação,Moderado,Feminino,66,médio
5458,14,81,Alto,Alto,Não,9,78,Médio,Sim,0,Médio,Médio,Privado,Positivo,4,Não,Faculdade,Perto,Feminino,68,médio
5459,19,66,Baixo,Médio,Não,6,72,Médio,Sim,2,Baixo,Médio,Público,Negativo,5,Não,Ensino Médio,Perto,Masculino,62,médio
5460,20,66,Médio,Alto,Não,8,83,Médio,Sim,1,Baixo,Médio,Público,Neutro,2,Sim,Faculdade,Perto,Masculino,64,médio
5461,24,83,Alto,Baixo,Não,8,59,Médio,Sim,1,Baixo,Médio,Público,Positivo,3,Não,Ensino Médio,Perto,Masculino,68,médio
5462,27,99,Baixo,Baixo,Sim,7,58,Baixo,Sim,2,Médio,Médio,Privado,Positivo,2,Não,Pós-Graduação,Moderado,Masculino,71,médio
5463,16,64,Médio,Médio,Não,7,65,Médio,Sim,2,Médio,Alto,Público,Neutro,4,Não,Ensino Médio,Perto,Masculino,63,médio
5464,8,71,Alto,Médio,Não,8,55,Alto,Sim,1,Baixo,Alto,Público,Positivo,2,Não,Faculdade,Moderado,Masculino,62,médio
5465,20,95,Alto,Baixo,Sim,7,62,Baixo,Sim,1,Baixo,Baixo,Privado,Positivo,3,Não,Faculdade,Perto,Masculino,69,médio
5466,22,63,Médio,Médio,Sim,4,54,Médio,Sim,0,Médio,Médio,Privado,Positivo,3,Não,Ensino Médio,Moderado,Masculino,62,médio
5467,21,95,Baixo,Médio,Sim,9,70,Médio,Sim,3,Alto,Médio,Público,Positivo,3,Não,Ensino Médio,Perto,Feminino,71,médio
5468,18,81,Baixo,Alto,Sim,6,86,Médio,Sim,3,Baixo,Médio,Público,Positivo,4,Não,Faculdade,Perto,Masculino,69,médio
5469,21,76,Médio,Médio,Sim,7,64,Baixo,Sim,1,Médio,Alto,Privado,Positivo,2,Não,Ensino Médio,Moderado,Masculino,66,médio
5470,29,72,Baixo,Médio,Não,5,50,Baixo,Sim,0,Baixo,Médio,Público,Neutro,4,Não,Ensino Médio,Perto,Feminino,64,médio
5471,22,72,Baixo,Alto,Não,6,78,Baixo,Não,1,Baixo,Alto,Público,Neutro,3,Não,Pós-Graduação,Perto,Masculino,65,médio
5472,18,72,Alto,Alto,Não,6,85,Alto,Sim,1,Alto,Alto,Privado,Positivo,1,Não,Ensino Médio,Moderado,Masculino,68,médio
5473,17,95,Alto,Médio,Não,7,70,Alto,Sim,1,Baixo,Médio,Público,Neutro,3,Não,Ensino Médio,Perto,Masculino,69,médio
5474,19,89,Alto,Médio,Sim,6,65,Baixo,Sim,2,Baixo,Médio,Público,Neutro,3,Sim,Pós-Graduação,Perto,Masculino,68,médio
5475,30,87,Baixo,Médio,Sim,10,75,Baixo,Sim,3,Baixo,Baixo,Público,Neutro,4,Não,Faculdade,Perto,Masculino,71,médio
5476,19,92,Baixo,Médio,Não,7,55,Médio,Sim,1,Médio,Médio,Público,Neutro,5,Não,Ensino Médio,Longe,Masculino,66,médio
5477,20,70,Alto,Baixo,Não,8,82,Médio,Sim,2,Baixo,Alto,Privado,Positivo,3,Não,Ensino Médio,Moderado,Masculino,65,médio
5478,17,85,Alto,Médio,Sim,7,87,Médio,Sim,1,Baixo,Médio,Privado,Neutro,1,Não,Ensino Médio,Perto,Feminino,68,médio
5479,27,78,Alto,Alto,Não,8,85,Médio,Sim,0,Alto,Médio,Público,Positivo,3,Não,Faculdade,Perto,Masculino,72,médio
5480,32,91,Alto,Médio,Sim,4,66,Médio,Sim,3,Baixo,Alto,Público,Neutro,2,Não,Pós-Graduação,Perto,Feminino,75,médio
5481,23,72,Alto,Baixo,Sim,6,92,Baixo,Sim,2,Alto,Médio,Público,Negativo,3,Não,Faculdade,Perto,Masculino,67,médio
5482,20,86,Médio,Médio,Não,6,97,Baixo,Sim,1,Baixo,Médio,Privado,Neutro,2,Não,Ensino Médio,Moderado,Masculino,67,médio
5483,20,95,Médio,Médio,Não,6,65,Alto,Sim,2,Baixo,Médio,Público,Neutro,3,Não,Faculdade,Perto,Feminino,70,médio
5484,6,76,Médio,Médio,Sim,8,63,Médio,Sim,5,Médio,Médio,Público,Neutro,3,Não,Faculdade,Perto,Masculino,64,médio
5485,24,63,Médio,Médio,Sim,8,85,Alto,Sim,1,Baixo,Médio,Privado,Positivo,3,Não,Ensino Médio,Longe,Feminino,65,médio
5486,21,81,Médio,Médio,Sim,7,85,Médio,Sim,1,Baixo,Alto,Público,Negativo,3,Não,Pós-Graduação,Moderado,Masculino,68,médio
5487,23,74,Alto,Alto,Não,7,76,Médio,Sim,1,Médio,Baixo,Público,Neutro,2,Não,Faculdade,Moderado,Feminino,67,médio
5488,16,87,Baixo,Médio,Sim,10,96,Médio,Não,1,Baixo,Alto,Público,Positivo,1,Não,Faculdade,Moderado,Masculino,66,médio
5489,18,98,Alto,Médio,Não,7,57,Baixo,Sim,0,Alto,Médio,Privado,Neutro,1,Não,Pós-Graduação,Moderado,Masculino,69,médio
5490,18,79,Baixo,Alto,Não,4,74,Baixo,Sim,2,Baixo,Médio,Público,Negativo,1,Não,Ensino Médio,Perto,Feminino,64,médio
5491,26,79,Médio,Alto,Sim,8,52,Alto,Sim,1,Médio,Médio,Público,Negativo,3,Sim,Pós-Graduação,Perto,Feminino,68,médio
5492,18,86,Alto,Médio,Não,8,53,Baixo,Sim,5,Baixo,Alto,Privado,Negativo,3,Não,Ensino Médio,Perto,Masculino,68,médio
5493,32,64,Baixo,Alto,Sim,9,53,Baixo,Não,1,Baixo,Médio,Privado,Positivo,3,Não,Faculdade,Perto,Feminino,65,médio
5494,23,70,Médio,Médio,Sim,8,75,Médio,Sim,0,Alto,Médio,Público,Positivo,2,Não,Ensino Médio,Moderado,Masculino,65,médio
5495,12,97,Baixo,Médio,Sim,6,79,Médio,Não,1,Médio,Médio,Público,Negativo,2,Não,Ensino Médio,Perto,Masculino,65,médio
5496,19,87,Alto,Médio,Não,8,50,Baixo,Sim,0,Alto,Alto,Público,Neutro,2,Não,Ensino Médio,Perto,Feminino,67,médio
5497,16,61,Alto,Médio,Sim,7,82,Médio,Sim,2,Baixo,Médio,Público,Negativo,3,Não,Ensino Médio,Perto,Feminino,63,médio
5498,7,68,Alto,Médio,Não,9,74,Médio,Sim,1,Baixo,Alto,Público,Positivo,3,Não,Ensino Médio,Perto,Feminino,62,médio
5499,30,87,Alto,Médio,Sim,9,61,Alto,Sim,2,Médio,Alto,Privado,Neutro,4,Não,Ensino Médio,Moderado,Masculino,73,médio
5500,24,91,Alto,Alto,Sim,7,51,Alto,Sim,2,Médio,Médio,Público,Neutro,3,Não,Ensino Médio,Moderado,Masculino,72,médio
5501,23,94,Baixo,Médio,Não,8,58,Alto,Sim,5,Baixo,Baixo,Público,Neutro,6,Não,Ensino Médio,Perto,Feminino,71,médio
5502,21,72,Médio,Médio,Não,9,80,Alto,Sim,3,Baixo,Médio,Público,Neutro,4,Não,Ensino Médio,Perto,Masculino,67,médio
5503,12,97,Médio,Baixo,Sim,7,83,Médio,Sim,0,Baixo,Médio,Público,Neutro,2,Não,Faculdade,Moderado,Masculino,66,médio
5504,17,82,Médio,Alto,Sim,10,82,Alto,Sim,1,Médio,Médio,Privado,Positivo,2,Não,Ensino Médio,Moderado,Masculino,68,médio
5505,25,88,Alto,Alto,Sim,9,58,Baixo,Sim,0,Baixo,Médio,Público,Negativo,4,Não,Pós-Graduação,Perto,Masculino,70,médio
5506,14,84,Médio,Médio,Sim,6,96,Médio,Não,2,Baixo,Médio,Privado,Neutro,2,Não,Pós-Graduação,Longe,Masculino,66,médio
5507,5,65,Baixo,Alto,Não,7,71,Médio,Sim,0,Baixo,Médio,Privado,Negativo,2,Não,Faculdade,Longe,Masculino,56,baixo
5508,19,99,Médio,Alto,Sim,8,88,Alto,Não,1,Baixo,Alto,Público,Positivo,3,Não,Ensino Médio,Longe,Feminino,71,médio
5509,19,65,Baixo,Alto,Não,10,58,Médio,Sim,2,Médio,Alto,Privado,Positivo,3,Não,Pós-Graduação,Moderado,Feminino,64,médio
5510,21,70,Médio,Médio,Não,8,74,Baixo,Sim,2,Médio,Médio,Público,Positivo,3,Não,Pós-Graduação,Longe,Masculino,65,médio
5511,24,93,Médio,Médio,Sim,7,76,Alto,Sim,2,Baixo,Médio,Público,Neutro,1,Sim,Ensino Médio,Perto,Masculino,70,médio
5512,24,85,Alto,Baixo,Sim,9,89,Médio,Sim,1,Baixo,Médio,Público,Positivo,2,Não,Pós-Graduação,Moderado,Masculino,70,médio
5513,22,94,Baixo,Alto,Sim,7,81,Médio,Sim,2,Médio,Alto,Público,Neutro,4,Não,Ensino Médio,Longe,Masculino,71,médio
5514,27,81,Alto,Alto,Sim,6,70,Médio,Sim,0,Baixo,Médio,Público,Positivo,5,Não,Ensino Médio,Longe,Feminino,70,médio
5515,11,75,Baixo,Alto,Não,8,64,Médio,Sim,3,Baixo,Médio,Público,Neutro,3,Sim,Faculdade,Moderado,Feminino,62,médio
5516,23,97,Médio,Médio,Sim,6,99,Baixo,Sim,1,Baixo,Médio,Privado,Positivo,3,Não,Ensino Médio,Perto,Feminino,72,médio
5517,24,61,Médio,Médio,Não,10,64,Baixo,Sim,0,Baixo,Médio,Privado,Positivo,3,Não,Ensino Médio,Perto,Feminino,62,médio
5518,13,94,Baixo,Médio,Sim,7,56,Alto,Sim,2,Baixo,Alto,Público,Neutro,4,Não,Faculdade,Perto,Masculino,67,médio
5519,11,69,Baixo,Médio,Sim,8,65,Baixo,Sim,0,Baixo,Médio,Público,Negativo,2,Não,Faculdade,Moderado,Masculino,58,baixo
5520,16,94,Baixo,Médio,Sim,6,66,Médio,Sim,3,Médio,Alto,Público,Negativo,4,Não,Faculdade,Perto,Feminino,69,médio
5521,16,66,Médio,Baixo,Não,9,56,Médio,Sim,0,Baixo,Alto,Privado,Positivo,4,Sim,Faculdade,Perto,Feminino,60,baixo
5522,25,83,Alto,Alto,Sim,7,85,Alto,Sim,2,Baixo,Médio,Público,Negativo,4,Não,Faculdade,Perto,Masculino,72,médio
5523,16,96,Médio,Médio,Não,7,81,Médio,Sim,0,Baixo,Baixo,Público,Negativo,3,Não,Ensino Médio,Moderado,Masculino,66,médio
5524,15,79,Médio,Alto,Sim,7,66,Médio,Sim,2,Baixo,Médio,Público,Positivo,3,Não,Faculdade,Longe,Feminino,66,médio
5525,16,90,Médio,Alto,Sim,5,100,Baixo,Sim,1,Alto,Médio,Privado,Negativo,4,Não,Ensino Médio,Moderado,Masculino,69,médio
5526,27,92,Baixo,Médio,Sim,7,83,Baixo,Sim,2,Baixo,Médio,Público,Positivo,4,Sim,Faculdade,Moderado,Feminino,70,médio
5527,20,89,Baixo,Médio,Sim,8,85,Médio,Sim,2,Médio,Alto,Público,Positivo,1,Não,Pós-Graduação,Perto,Feminino,70,médio
5528,19,97,Alto,Alto,Não,5,78,Baixo,Sim,0,Médio,Baixo,Privado,Negativo,3,Não,Faculdade,Moderado,Masculino,70,médio
5529,19,78,Baixo,Alto,Sim,9,78,Médio,Sim,2,Baixo,Alto,Público,Negativo,2,Não,Faculdade,Perto,Feminino,67,médio
5530,28,67,Alto,Médio,Sim,7,51,Médio,Sim,2,Médio,Médio,Público,Neutro,3,Não,Ensino Médio,Perto,Feminino,67,médio
5531,16,62,Baixo,Baixo,Não,7,89,Alto,Sim,0,Médio,Médio,Público,Neutro,3,Não,Ensino Médio,Longe,Feminino,59,baixo
5532,28,70,Médio,Médio,Sim,4,96,Baixo,Sim,1,Médio,Médio,Privado,Positivo,2,Não,Ensino Médio,Moderado,Masculino,67,médio
5533,21,66,Alto,Médio,Sim,7,56,Médio,Sim,1,Baixo,Médio,Privado,Neutro,4,Não,Pós-Graduação,Moderado,Masculino,65,médio
5534,19,82,Médio,Médio,Não,5,90,Médio,Sim,1,Alto,Médio,Público,Negativo,3,Não,Faculdade,Perto,Masculino,68,médio
5535,35,67,Alto,Alto,Sim,6,77,Baixo,Sim,1,Baixo,Médio,Público,Positivo,3,Não,Faculdade,Perto,Masculino,71,médio
5536,14,62,Médio,Médio,Não,5,64,Médio,Sim,2,Baixo,Médio,Público,Neutro,3,Não,Faculdade,Perto,Masculino,61,médio
5537,18,61,Médio,Médio,Sim,6,96,Médio,Sim,0,Médio,Médio,Público,Negativo,3,Não,Ensino Médio,Perto,Masculino,63,médio
5538,13,93,Médio,Alto,Sim,7,51,Baixo,Sim,1,Baixo,Alto,Privado,Neutro,3,Não,Ensino Médio,Perto,Feminino,67,médio
5539,26,84,Alto,Médio,Não,7,64,Médio,Não,1,Médio,Alto,Público,Neutro,4,Não,Faculdade,Perto,Masculino,69,médio
5540,30,74,Médio,Alto,Não,8,94,Baixo,Sim,0,Médio,Médio,Público,Positivo,3,Não,Ensino Médio,Perto,Masculino,70,médio
5541,30,96,Médio,Baixo,Sim,4,74,Alto,Não,0,Baixo,Baixo,Público,Negativo,3,Não,Ensino Médio,Moderado,Masculino,69,médio
5542,27,63,Alto,Médio,Sim,7,80,Médio,Sim,1,Baixo,Alto,Público,Neutro,4,Não,Ensino Médio,Longe,Feminino,66,médio
5543,19,99,Médio,Baixo,Sim,7,87,Baixo,Sim,1,Médio,Médio,Público,Positivo,4,Não,Ensino Médio,Moderado,Feminino,70,médio
5544,18,85,Médio,Médio,Sim,6,57,Baixo,Sim,2,Médio,Alto,Público,Neutro,2,Não,Pós-Graduação,Moderado,Masculino,67,médio
5545,10,67,Alto,Alto,Não,6,61,Médio,Sim,0,Baixo,Alto,Privado,Neutro,2,Não,Ensino Médio,Perto,Feminino,61,médio
5546,32,87,Médio,Alto,Sim,9,100,Médio,Sim,2,Médio,Baixo,Privado,Neutro,2,Não,Pós-Graduação,Moderado,Masculino,74,médio
5547,23,91,Médio,Alto,Sim,10,62,Baixo,Sim,1,Médio,Alto,Privado,Negativo,3,Não,Faculdade,Perto,Masculino,70,médio
5548,17,77,Alto,Médio,Sim,4,77,Baixo,Sim,0,Médio,Médio,Privado,Positivo,4,Não,Ensino Médio,Perto,Feminino,66,médio
5549,28,94,Médio,Alto,Sim,6,65,Alto,Sim,1,Baixo,Alto,Público,Positivo,1,Não,Ensino Médio,Perto,Feminino,73,médio
5550,14,66,Médio,Médio,Sim,5,93,Médio,Sim,1,Médio,Médio,Privado,Negativo,2,Não,Ensino Médio,Perto,Masculino,62,médio
5551,22,71,Médio,Baixo,Sim,7,98,Baixo,Sim,2,Baixo,Alto,Público,Neutro,2,Não,Ensino Médio,Moderado,Feminino,65,médio
5552,19,64,Alto,Médio,Não,9,57,Baixo,Sim,0,Médio,Alto,Privado,Neutro,3,Não,Ensino Médio,Perto,Feminino,62,médio
5553,24,68,Baixo,Médio,Sim,8,80,Médio,Não,1,Baixo,Baixo,Público,Positivo,4,Não,Pós-Graduação,Moderado,Masculino,64,médio
5554,20,70,Médio,Médio,Sim,7,91,Médio,Sim,1,Baixo,Médio,Público,Negativo,2,Não,Ensino Médio,Longe,Masculino,63,médio
5555,11,97,Médio,Médio,Não,7,91,Médio,Sim,1,Médio,Médio,Público,Positivo,4,Não,Ensino Médio,Perto,Masculino,69,médio
5556,20,63,Médio,Médio,Não,7,72,Baixo,Sim,3,Baixo,Alto,Público,Negativo,5,Sim,Pós-Graduação,Perto,Masculino,63,médio
5557,26,77,Médio,Médio,Sim,8,61,Médio,Sim,1,Baixo,Médio,Público,Neutro,4,Não,Faculdade,Moderado,Masculino,67,médio
5558,20,81,Médio,Baixo,Não,8,69,Médio,Sim,1,Médio,Médio,Privado,Neutro,2,Não,Ensino Médio,Perto,Feminino,65,médio
5559,25,96,Médio,Alto,Não,8,88,Médio,Sim,0,Baixo,Médio,Privado,Neutro,1,Não,Ensino Médio,Perto,Masculino,71,médio
5560,14,100,Médio,Médio,Sim,4,100,Médio,Sim,3,Baixo,Médio,Público,Neutro,3,Não,Pós-Graduação,Moderado,Feminino,71,médio
5561,20,90,Médio,Médio,Não,7,78,Alto,Sim,0,Médio,Alto,Público,Positivo,4,Sim,Pós-Graduação,Longe,Masculino,69,médio
5562,16,99,Médio,Alto,Sim,7,60,Médio,Sim,2,Baixo,Alto,Privado,Neutro,3,Não,Pós-Graduação,Moderado,Masculino,71,médio
5563,24,91,Baixo,Médio,Sim,8,52,Médio,Sim,1,Baixo,Médio,Público,Neutro,5,Não,Ensino Médio,Perto,Masculino,68,médio
5564,20,99,Baixo,Médio,Sim,7,97,Médio,Sim,2,Baixo,Médio,Público,Neutro,0,Não,Ensino Médio,Perto,Masculino,70,médio
5565,24,88,Médio,Alto,Sim,8,74,Médio,Sim,0,Baixo,Alto,Privado,Neutro,3,Não,Pós-Graduação,Perto,Masculino,71,médio
5566,27,63,Médio,Médio,Sim,6,86,Médio,Sim,1,Médio,Médio,Público,Positivo,4,Não,Pós-Graduação,Perto,Feminino,68,médio
5567,24,76,Baixo,Alto,Não,8,83,Médio,Sim,1,Alto,Médio,Privado,Positivo,4,Não,Ensino Médio,Perto,Feminino,69,médio
5568,22,86,Médio,Médio,Sim,9,95,Médio,Sim,4,Médio,Baixo,Privado,Positivo,2,Não,Faculdade,Perto,Masculino,71,médio
5569,14,74,Alto,Médio,Não,5,63,Baixo,Não,2,Baixo,Alto,Privado,Positivo,3,Não,Faculdade,Longe,Feminino,63,médio
5570,20,71,Baixo,Médio,Não,5,72,Médio,Sim,4,Médio,Médio,Público,Positivo,4,Não,Pós-Graduação,Moderado,Masculino,66,médio
5571,17,83,Médio,Médio,Não,8,96,Médio,Sim,1,Baixo,Médio,Público,Positivo,3,Não,Faculdade,Moderado,Masculino,67,médio
5572,18,97,Alto,Baixo,Sim,7,79,Médio,Sim,3,Alto,Médio,Privado,Positivo,3,Não,Ensino Médio,Longe,Masculino,71,médio
5573,18,61,Baixo,Baixo,Não,9,54,Médio,Sim,0,Médio,Médio,Público,Neutro,2,Não,Faculdade,Perto,Feminino,59,baixo
5574,14,91,Alto,Médio,Sim,7,60,Médio,Sim,0,Alto,Médio,Público,Neutro,2,Não,Ensino Médio,Perto,Masculino,67,médio
5575,8,89,Alto,Alto,Não,8,62,Médio,Sim,2,Médio,Médio,Público,Positivo,4,Sim,Ensino Médio,Moderado,Masculino,66,médio
5576,16,99,Baixo,Alto,Sim,6,100,Alto,Sim,1,Alto,Alto,Público,Positivo,3,Não,Ensino Médio,Longe,Feminino,72,médio
5577,21,97,Alto,Alto,Não,8,61,Baixo,Sim,0,Baixo,Alto,Público,Neutro,3,Sim,Pós-Graduação,Perto,Feminino,70,médio
5578,12,90,Médio,Médio,Sim,8,93,Baixo,Sim,3,Alto,Médio,Público,Neutro,3,Não,Ensino Médio,Perto,Feminino,68,médio
5579,20,81,Baixo,Médio,Não,6,54,Baixo,Sim,0,Baixo,Baixo,Público,Positivo,2,Não,Faculdade,Moderado,Feminino,63,médio
5580,31,68,Médio,Médio,Não,9,59,Médio,Sim,3,Alto,Alto,Público,Neutro,2,Não,Pós-Graduação,Perto,Feminino,69,médio
5581,26,82,Baixo,Médio,Não,4,94,Baixo,Sim,0,Baixo,Baixo,Privado,Positivo,3,Não,Ensino Médio,Perto,Masculino,67,médio
5582,30,91,Médio,Alto,Sim,7,95,Baixo,Sim,1,Médio,Alto,Público,Positivo,3,Não,Faculdade,Perto,Feminino,75,médio
5583,22,96,Baixo,Baixo,Sim,5,59,Médio,Sim,0,Médio,Alto,Privado,Positivo,2,Não,Ensino Médio,Longe,Feminino,67,médio
5584,27,92,Alto,Alto,Sim,5,61,Médio,Sim,0,Médio,Alto,Privado,Positivo,3,Não,Pós-Graduação,Perto,Masculino,74,médio
5585,16,68,Médio,Alto,Sim,8,77,Médio,Sim,1,Médio,Alto,Público,Positivo,4,Não,Pós-Graduação,Moderado,Masculino,66,médio
5586,16,84,Médio,Alto,Sim,5,53,Médio,Não,2,Baixo,Médio,Público,Neutro,1,Não,Ensino Médio,Perto,Masculino,65,médio
5587,4,73,Baixo,Médio,Sim,5,97,Alto,Sim,1,Baixo,Alto,Público,Negativo,1,Não,Ensino Médio,Perto,Masculino,60,baixo
5588,27,60,Médio,Alto,Não,8,68,Alto,Sim,1,Médio,Médio,Privado,Negativo,4,Sim,Ensino Médio,Longe,Feminino,63,médio
5589,29,68,Baixo,Alto,Sim,5,74,Baixo,Sim,3,Alto,Alto,Público,Neutro,2,Sim,Pós-Graduação,Perto,Masculino,69,médio
5590,17,65,Alto,Alto,Não,9,55,Médio,Sim,1,Médio,Médio,Público,Positivo,2,Não,Ensino Médio,Perto,Masculino,64,médio
5591,18,94,Baixo,Médio,Sim,8,52,Médio,Sim,1,Médio,Médio,Privado,Positivo,4,Não,Faculdade,Perto,Feminino,68,médio
5592,15,70,Médio,Médio,Não,6,73,Baixo,Sim,2,Médio,Baixo,Público,Positivo,4,Não,Ensino Médio,Moderado,Masculino,63,médio
5593,22,71,Médio,Médio,Sim,8,56,Baixo,Sim,0,Médio,Alto,Público,Neutro,2,Não,Pós-Graduação,Perto,Masculino,65,médio
5594,27,98,Médio,Alto,Não,4,82,Médio,Sim,0,Alto,Médio,Público,Positivo,3,Não,Ensino Médio,Perto,Feminino,74,médio
5595,10,75,Médio,Alto,Sim,8,90,Médio,Sim,2,Baixo,Médio,Público,Positivo,2,Não,Pós-Graduação,Moderado,Masculino,65,médio
5596,22,60,Médio,Médio,Sim,5,52,Médio,Sim,0,Baixo,Médio,Público,Negativo,2,Não,Ensino Médio,Perto,Feminino,61,médio
5597,18,71,Médio,Alto,Sim,6,81,Médio,Sim,1,Baixo,Alto,Público,Positivo,3,Não,Ensino Médio,Perto,Masculino,66,médio
5598,21,65,Médio,Alto,Sim,6,91,Alto,Sim,1,Médio,Alto,Público,Positivo,3,Não,Ensino Médio,Moderado,Masculino,67,médio
5599,23,64,Alto,Médio,Sim,9,72,Médio,Sim,0,Baixo,Alto,Público,Positivo,3,Não,Faculdade,Perto,Masculino,66,médio
5600,19,63,Alto,Médio,Não,6,98,Alto,Sim,4,Alto,Médio,Privado,Positivo,2,Não,Pós-Graduação,Perto,Masculino,69,médio
5601,19,84,Médio,Médio,Sim,7,56,Baixo,Sim,2,Baixo,Médio,Público,Neutro,3,Não,Ensino Médio,Moderado,Feminino,65,médio
5602,19,68,Alto,Alto,Não,6,66,Médio,Sim,2,Médio,Médio,Público,Neutro,3,Não,Ensino Médio,Longe,Feminino,65,médio
5603,26,74,Alto,Médio,Não,6,62,Médio,Sim,0,Baixo,Médio,Privado,Neutro,3,Não,Ensino Médio,Perto,Feminino,66,médio
5604,23,94,Médio,Alto,Não,5,100,Baixo,Sim,2,Médio,Alto,Público,Neutro,2,Não,Pós-Graduação,Perto,Masculino,73,médio
5605,21,77,Baixo,Médio,Sim,7,65,Médio,Sim,2,Baixo,Alto,Público,Negativo,2,Não,Ensino Médio,Moderado,Feminino,64,médio
5606,12,97,Médio,Baixo,Sim,7,69,Baixo,Sim,0,Baixo,Alto,Público,Positivo,5,Não,Ensino Médio,Perto,Feminino,67,médio
5607,18,80,Médio,Baixo,Sim,8,92,Alto,Sim,0,Médio,Alto,Privado,Positivo,1,Não,Faculdade,Perto,Masculino,67,médio
5608,25,76,Médio,Baixo,Sim,7,96,Médio,Sim,3,Médio,Médio,Público,Positivo,4,Sim,Ensino Médio,Perto,Feminino,68,médio
5609,20,90,Médio,Baixo,Sim,7,97,Médio,Sim,2,Alto,Alto,Público,Positivo,3,Não,Faculdade,Moderado,Masculino,71,médio
5610,24,63,Médio,Médio,Sim,8,78,Médio,Sim,0,Baixo,Alto,Privado,Negativo,3,Não,Ensino Médio,Perto,Masculino,64,médio
5611,31,64,Médio,Médio,Sim,6,83,Médio,Sim,1,Médio,Médio,Público,Positivo,2,Não,Ensino Médio,Moderado,Feminino,67,médio
5612,26,86,Médio,Baixo,Não,5,67,Médio,Sim,2,Baixo,Alto,Privado,Positivo,1,Não,Ensino Médio,Moderado,Feminino,68,médio
5613,21,79,Baixo,Médio,Sim,8,80,Alto,Sim,1,Baixo,Alto,Privado,Negativo,3,Não,Faculdade,Perto,Masculino,67,médio
5614,17,92,Baixo,Médio,Sim,6,65,Alto,Sim,3,Médio,Alto,Público,Positivo,2,Não,Faculdade,Perto,Masculino,70,médio
5615,5,97,Médio,Baixo,Sim,7,87,Médio,Sim,2,Médio,Médio,Privado,Neutro,3,Sim,Ensino Médio,Longe,Feminino,64,médio
5616,19,76,Médio,Médio,Sim,6,65,Médio,Sim,0,Baixo,Médio,Público,Neutro,4,Sim,Ensino Médio,Perto,Feminino,63,médio
5617,18,84,Alto,Alto,Não,6,94,Médio,Sim,3,Alto,Médio,Público,Neutro,4,Não,Ensino Médio,Perto,Masculino,71,médio
5618,22,80,Baixo,Baixo,Não,4,57,Baixo,Sim,1,Baixo,Médio,Público,Neutro,3,Não,Pós-Graduação,Moderado,Masculino,64,médio
5619,19,99,Baixo,Baixo,Não,8,79,Alto,Sim,3,Médio,Médio,Privado,Positivo,4,Não,Ensino Médio,Perto,Masculino,70,médio
5620,18,93,Médio,Alto,Não,4,76,Alto,Sim,3,Baixo,Médio,Público,Negativo,3,Não,Faculdade,Perto,Feminino,70,médio
5621,9,96,Médio,Alto,Sim,9,63,Médio,Sim,1,Alto,Médio,Privado,Neutro,1,Não,Ensino Médio,Perto,Masculino,67,médio
5622,14,70,Médio,Médio,Sim,9,51,Baixo,Sim,1,Baixo,Alto,Público,Negativo,4,Não,Faculdade,Perto,Masculino,62,médio
5623,23,91,Médio,Médio,Não,6,57,Baixo,Sim,2,Baixo,Alto,Privado,Positivo,2,Não,Ensino Médio,Perto,Masculino,69,médio
5624,30,71,Baixo,Alto,Não,9,98,Baixo,Sim,2,Alto,Médio,Público,Positivo,1,Não,Ensino Médio,Moderado,Feminino,69,médio
5625,19,68,Baixo,Alto,Não,10,97,Baixo,Não,0,Baixo,Médio,Público,Positivo,3,Não,Faculdade,Longe,Feminino,62,médio
5626,22,98,Baixo,Médio,Não,7,56,Alto,Sim,1,Alto,Médio,Privado,Neutro,1,Não,Faculdade,Perto,Feminino,70,médio
5627,26,61,Médio,Médio,Sim,8,69,Alto,Sim,2,Médio,Alto,Público,Positivo,3,Não,Ensino Médio,Perto,Masculino,66,médio
5628,15,99,Alto,Médio,Não,7,73,Baixo,Sim,1,Baixo,Médio,Público,Positivo,3,Não,Ensino Médio,Perto,Masculino,69,médio
5629,22,66,Médio,Baixo,Sim,9,74,Médio,Sim,3,Baixo,Alto,Público,Negativo,3,Não,Pós-Graduação,Perto,Feminino,65,médio
5630,16,93,Baixo,Alto,Sim,5,65,Baixo,Sim,0,Médio,Médio,Público,Negativo,3,Não,Ensino Médio,Perto,Feminino,66,médio
5631,25,71,Alto,Médio,Sim,7,96,Baixo,Sim,2,Baixo,Médio,Público,Positivo,3,Não,Ensino Médio,Perto,Feminino,69,médio
5632,21,74,Alto,Médio,Sim,8,95,Baixo,Sim,1,Médio,Médio,Privado,Positivo,5,Sim,Ensino Médio,Longe,Feminino,66,médio
5633,22,69,Baixo,Alto,Sim,8,51,Médio,Sim,1,Baixo,Alto,Público,Positivo,3,Não,Ensino Médio,Perto,Feminino,65,médio
5634,15,83,Médio,Baixo,Sim,7,83,Baixo,Sim,1,Alto,Médio,Público,Neutro,2,Não,Pós-Graduação,Perto,Feminino,66,médio
5635,24,74,Baixo,Baixo,Sim,9,54,Médio,Sim,1,Baixo,Médio,Público,Neutro,3,Não,Ensino Médio,Perto,Feminino,63,médio
5636,33,86,Baixo,Médio,Sim,7,80,Médio,Sim,0,Baixo,Alto,Público,Neutro,3,Não,Pós-Graduação,Perto,Feminino,72,médio
5637,14,61,Médio,Médio,Sim,7,93,Baixo,Sim,3,Médio,Alto,Público,Negativo,2,Não,Ensino Médio,Moderado,Masculino,62,médio
5638,18,63,Alto,Alto,Não,8,82,Médio,Sim,1,Alto,Médio,Privado,Negativo,1,Não,Ensino Médio,Perto,Masculino,64,médio
5639,21,64,Médio,Baixo,Não,7,73,Alto,Sim,2,Baixo,Médio,Público,Negativo,2,Sim,Faculdade,Longe,Feminino,61,médio
5640,25,77,Alto,Médio,Sim,7,98,Baixo,Sim,0,Alto,Médio,Público,Positivo,2,Não,Ensino Médio,Perto,Masculino,70,médio
5641,17,93,Médio,Médio,Não,6,87,Médio,Sim,1,Baixo,Alto,Privado,Negativo,2,Não,Ensino Médio,Moderado,Feminino,67,médio
5642,3,96,Alto,Alto,Sim,10,62,Médio,Sim,3,Baixo,Médio,Privado,Neutro,4,Não,Ensino Médio,Longe,Masculino,66,médio
5643,28,70,Médio,Médio,Sim,6,69,Médio,Sim,2,Baixo,Baixo,Público,Positivo,4,Sim,Ensino Médio,Perto,Masculino,66,médio
5644,25,83,Baixo,Médio,Sim,8,88,Baixo,Sim,1,Médio,Alto,Público,Neutro,3,Sim,Faculdade,Perto,Masculino,68,médio
5645,10,91,Alto,Alto,Sim,10,51,Médio,Sim,0,Baixo,Médio,Público,Positivo,3,Não,Pós-Graduação,Moderado,Masculino,67,médio
5646,16,72,Médio,Alto,Não,5,53,Médio,Sim,1,Alto,Alto,Público,Positivo,3,Não,Faculdade,Perto,Masculino,65,médio
5647,29,76,Médio,Alto,Sim,8,93,Baixo,Não,0,Médio,Alto,Público,Positivo,4,Não,Faculdade,Moderado,Masculino,70,médio
5648,29,81,Médio,Médio,Sim,7,52,Médio,Não,1,Alto,Médio,Público,Neutro,4,Não,Faculdade,Perto,Feminino,69,médio
5649,26,65,Médio,Médio,Sim,10,84,Médio,Sim,1,Baixo,Alto,Público,Positivo,4,Não,Pós-Graduação,Perto,Masculino,68,médio
5650,19,61,Médio,Médio,Não,6,66,Médio,Sim,0,Alto,Médio,Público,Neutro,1,Não,Ensino Médio,Perto,Masculino,61,médio
5651,20,66,Médio,Alto,Sim,6,91,Baixo,Sim,0,Médio,Alto,Público,Negativo,5,Não,Ensino Médio,Longe,Masculino,65,médio
5652,19,85,Alto,Alto,Não,7,92,Médio,Sim,3,Médio,Médio,Público,Neutro,2,Não,Faculdade,Perto,Feminino,71,médio
5653,27,63,Médio,Alto,Não,6,98,Baixo,Sim,0,Médio,Médio,Privado,Negativo,3,Não,Ensino Médio,Perto,Feminino,66,médio
5654,15,68,Médio,Alto,Não,6,55,Médio,Não,0,Alto,Médio,Privado,Positivo,3,Não,Ensino Médio,Perto,Feminino,62,médio
5655,15,74,Baixo,Baixo,Não,10,71,Médio,Sim,0,Baixo,Alto,Público,Negativo,2,Não,Pós-Graduação,Perto,Masculino,61,médio
5656,26,63,Alto,Alto,Sim,7,79,Médio,Sim,1,Baixo,Alto,Público,Negativo,2,Não,Ensino Médio,Perto,Masculino,67,médio
5657,20,68,Médio,Alto,Sim,6,96,Médio,Sim,0,Baixo,Alto,Público,Neutro,3,Não,Ensino Médio,Perto,Feminino,66,médio
5658,28,96,Baixo,Alto,Não,6,63,Alto,Não,1,Alto,Médio,Público,Positivo,2,Não,Ensino Médio,Moderado,Feminino,71,médio
5659,16,61,Médio,Alto,Sim,8,54,Alto,Sim,0,Baixo,Alto,Privado,Positivo,3,Não,Faculdade,Moderado,Masculino,62,médio
5660,20,86,Médio,Médio,Sim,8,60,Baixo,Sim,1,Alto,Médio,Público,Neutro,3,Sim,Pós-Graduação,Perto,Masculino,67,médio
5661,14,75,Médio,Médio,Sim,6,75,Médio,Sim,0,Baixo,Alto,Público,Neutro,2,Não,Ensino Médio,Perto,Masculino,64,médio
5662,20,87,Médio,Baixo,Não,5,84,Médio,Sim,2,Médio,Médio,Privado,Neutro,3,Não,Ensino Médio,Perto,Masculino,68,médio
5663,11,84,Médio,Médio,Sim,7,85,Alto,Sim,3,Médio,Médio,Público,Neutro,4,Não,Faculdade,Moderado,Feminino,67,médio
5664,17,69,Médio,Médio,Sim,7,54,Alto,Sim,1,Alto,Baixo,Público,Neutro,2,Não,Ensino Médio,Perto,Masculino,63,médio
5665,11,94,Alto,Alto,Não,6,88,Médio,Sim,2,Médio,Médio,Público,Positivo,4,Não,Ensino Médio,Perto,Masculino,70,médio
5666,24,80,Baixo,Alto,Sim,9,83,Médio,Sim,1,Baixo,Baixo,Público,Negativo,1,Não,Ensino Médio,Perto,Masculino,67,médio
5667,24,93,Médio,Alto,Sim,8,70,Baixo,Sim,1,Médio,Alto,Privado,Neutro,3,Não,Ensino Médio,Moderado,Feminino,71,médio
5668,10,76,Médio,Baixo,Sim,7,79,Baixo,Sim,3,Médio,Médio,Privado,Neutro,4,Não,Ensino Médio,Longe,Feminino,62,médio
5669,28,99,Médio,Médio,Sim,6,88,Médio,Sim,3,Baixo,Médio,Público,Positivo,4,Não,Ensino Médio,Perto,Feminino,75,médio
5670,35,91,Baixo,Médio,Sim,10,63,Baixo,Sim,1,Médio,Médio,Público,Neutro,5,Não,Ensino Médio,Perto,Masculino,72,médio
5671,20,99,Médio,Baixo,Sim,5,97,Baixo,Sim,4,Alto,Médio,Público,Neutro,3,Não,Faculdade,Perto,Feminino,73,médio
5672,16,81,Baixo,Médio,Não,6,57,Alto,Sim,3,Baixo,Baixo,Privado,Positivo,3,Não,Ensino Médio,Perto,Masculino,64,médio
5673,37,79,Médio,Alto,Não,6,95,Alto,Sim,1,Alto,Médio,Público,Negativo,1,Não,Ensino Médio,Perto,Masculino,73,médio
5674,12,90,Médio,Baixo,Sim,7,87,Baixo,Sim,2,Baixo,Alto,Público,Neutro,2,Não,Pós-Graduação,Longe,Masculino,66,médio
5675,20,95,Baixo,Baixo,Não,8,83,Alto,Sim,1,Médio,Médio,Privado,Positivo,3,Não,Ensino Médio,Perto,Feminino,69,médio
5676,21,99,Médio,Médio,Sim,5,54,Alto,Sim,1,Baixo,Médio,Público,Neutro,4,Não,Faculdade,Moderado,Masculino,70,médio
5677,28,73,Médio,Alto,Sim,6,96,Médio,Sim,1,Médio,Médio,Público,Negativo,0,Não,Pós-Graduação,Perto,Feminino,70,médio
5678,22,92,Alto,Alto,Não,8,65,Médio,Sim,0,Médio,Alto,Privado,Positivo,2,Não,Ensino Médio,Moderado,Masculino,71,médio
5679,17,68,Baixo,Alto,Sim,6,87,Alto,Sim,0,Baixo,Médio,Privado,Positivo,4,Sim,Faculdade,Perto,Masculino,64,médio
5680,14,82,Médio,Alto,Não,6,94,Baixo,Sim,7,Médio,Alto,Privado,Negativo,4,Não,Pós-Graduação,Perto,Masculino,71,médio
5681,18,67,Alto,Médio,Sim,7,62,Alto,Sim,1,Baixo,Baixo,Privado,Positivo,2,Não,Ensino Médio,Longe,Masculino,63,médio
5682,14,74,Alto,Alto,Sim,6,96,Baixo,Sim,2,Baixo,Alto,Público,Neutro,4,Não,Faculdade,Perto,Masculino,68,médio
5683,20,97,Médio,Médio,Não,7,81,Médio,Sim,3,Médio,Alto,Público,Neutro,3,Sim,Faculdade,Perto,Masculino,71,médio
5684,17,66,Médio,Médio,Sim,8,83,Médio,Sim,4,Médio,Alto,Privado,Negativo,5,Não,Ensino Médio,Moderado,Masculino,65,médio
5685,11,85,Alto,Médio,Sim,7,96,Médio,Não,1,Baixo,Médio,Público,Neutro,3,Não,Ensino Médio,Perto,Masculino,66,médio
5686,28,84,Alto,Alto,Sim,9,76,Alto,Sim,0,Alto,Médio,Privado,Negativo,3,Não,Ensino Médio,Perto,Masculino,72,médio
5687,17,65,Alto,Alto,Sim,8,72,Baixo,Sim,1,Baixo,Médio,Público,Positivo,4,Não,Faculdade,Moderado,Masculino,65,médio
5688,12,73,Baixo,Médio,Não,7,82,Médio,Não,1,Baixo,Médio,Público,Positivo,3,Não,Ensino Médio,Longe,Masculino,60,baixo
5689,19,83,Baixo,Médio,Não,7,78,Alto,Não,2,Baixo,Alto,Público,Positivo,4,Não,Pós-Graduação,Moderado,Masculino,67,médio
5690,20,67,Médio,Alto,Não,10,53,Alto,Sim,1,Baixo,Médio,Privado,Positivo,2,Não,Pós-Graduação,Perto,Masculino,65,médio
5691,10,92,Alto,Baixo,Sim,6,59,Alto,Sim,0,Baixo,Médio,Público,Negativo,2,Não,Ensino Médio,Moderado,Feminino,64,médio
5692,22,99,Alto,Alto,Sim,7,51,Médio,Sim,2,Alto,Alto,Público,Negativo,4,Sim,Ensino Médio,Moderado,Masculino,72,médio
5693,14,69,Alto,Médio,Não,6,55,Médio,Sim,3,Baixo,Baixo,Privado,Positivo,2,Não,Ensino Médio,Moderado,Masculino,62,médio
5694,30,67,Médio,Médio,Sim,8,86,Médio,Sim,0,Baixo,Médio,Público,Neutro,4,Não,Ensino Médio,Moderado,Feminino,67,médio
5695,23,78,Médio,Médio,Sim,10,50,Médio,Sim,1,Médio,Médio,Privado,Positivo,3,Sim,Pós-Graduação,Perto,Feminino,67,médio
5696,18,90,Médio,Médio,Não,7,65,Baixo,Sim,4,Médio,Médio,Público,Positivo,3,Não,Faculdade,Perto,Feminino,69,médio
5697,16,71,Alto,Alto,Sim,7,72,Baixo,Sim,1,Médio,Baixo,Privado,Neutro,4,Não,Faculdade,Moderado,Feminino,65,médio
5698,19,61,Médio,Alto,Não,7,97,Baixo,Sim,0,Médio,Alto,Público,Negativo,3,Sim,Faculdade,Longe,Masculino,62,médio
5699,24,82,Alto,Médio,Sim,5,66,Médio,Sim,0,Médio,Médio,Privado,Neutro,3,Não,Pós-Graduação,Perto,Masculino,69,médio
5700,20,98,Médio,Alto,Não,7,89,Médio,Sim,1,Alto,Médio,Público,Positivo,3,Não,Faculdade,Longe,Feminino,72,médio
5701,19,76,Baixo,Alto,Sim,10,70,Baixo,Sim,1,Baixo,Médio,Público,Negativo,3,Não,Faculdade,Longe,Feminino,63,médio
5702,20,77,Alto,Médio,Não,8,55,Baixo,Sim,1,Médio,Médio,Público,Negativo,3,Não,Faculdade,Longe,Feminino,64,médio
5703,16,99,Baixo,Médio,Sim,9,55,Médio,Sim,1,Alto,Médio,Público,Neutro,3,Sim,Faculdade,Longe,Feminino,67,médio
5704,18,88,Médio,Médio,Não,9,72,Alto,Sim,2,Alto,Alto,Público,Neutro,4,Não,Pós-Graduação,Moderado,Masculino,70,médio
5705,7,89,Alto,Baixo,Sim,6,53,Médio,Sim,3,Baixo,Alto,Privado,Neutro,2,Não,Ensino Médio,Moderado,Masculino,64,médio
5706,26,83,Médio,Médio,Não,10,79,Médio,Sim,1,Alto,Médio,Público,Neutro,2,Não,Ensino Médio,Moderado,Feminino,69,médio
5707,22,99,Alto,Alto,Não,4,75,Baixo,Sim,2,Médio,Médio,Privado,Negativo,4,Não,Ensino Médio,Perto,Feminino,72,médio
5708,15,88,Médio,Médio,Sim,7,85,Médio,Sim,4,Médio,Médio,Privado,Negativo,2,Não,Pós-Graduação,Perto,Feminino,69,médio
5709,31,96,Alto,Médio,Sim,4,59,Médio,Sim,3,Baixo,Médio,Privado,Neutro,5,Não,Ensino Médio,Perto,Feminino,75,médio
5710,21,88,Baixo,Médio,Não,4,80,Baixo,Sim,1,Médio,Médio,Público,Positivo,2,Sim,Pós-Graduação,Perto,Masculino,67,médio
5711,14,89,Médio,Médio,Sim,8,59,Alto,Sim,1,Baixo,Médio,Privado,Neutro,3,Não,Faculdade,Perto,Masculino,67,médio
5712,25,72,Médio,Médio,Não,6,86,Alto,Sim,0,Médio,Médio,Público,Neutro,2,Não,Ensino Médio,Longe,Feminino,66,médio
5713,22,72,Médio,Baixo,Sim,9,65,Alto,Sim,0,Médio,Médio,Público,Neutro,3,Não,Ensino Médio,Moderado,Masculino,64,médio
5714,22,91,Médio,Baixo,Não,4,81,Médio,Sim,2,Baixo,Alto,Privado,Negativo,3,Não,Ensino Médio,Perto,Masculino,68,médio
5715,17,72,Alto,Médio,Sim,7,94,Alto,Sim,1,Baixo,Médio,Público,Neutro,5,Não,Ensino Médio,Moderado,Masculino,66,médio
5716,23,83,Alto,Médio,Não,5,74,Médio,Sim,3,Baixo,Médio,Público,Negativo,2,Não,Pós-Graduação,Perto,Masculino,69,médio
5717,18,70,Alto,Baixo,Sim,7,60,Médio,Sim,1,Médio,Alto,Público,Positivo,3,Não,Faculdade,Perto,Masculino,65,médio
5718,23,93,Médio,Baixo,Sim,9,94,Alto,Sim,2,Médio,Baixo,Privado,Negativo,3,Não,Ensino Médio,Moderado,Feminino,70,médio
5719,9,64,Médio,Baixo,Sim,10,68,Baixo,Sim,0,Médio,Médio,Privado,Negativo,3,Não,Ensino Médio,Perto,Masculino,57,baixo
5720,17,93,Médio,Médio,Não,8,87,Baixo,Sim,2,Alto,Alto,Privado,Negativo,3,Não,Faculdade,Moderado,Masculino,69,médio
5721,30,84,Alto,Baixo,Sim,5,66,Baixo,Sim,0,Médio,Baixo,Público,Positivo,2,Não,Pós-Graduação,Perto,Feminino,70,médio
5722,15,67,Baixo,Médio,Sim,5,65,Médio,Sim,4,Médio,Médio,Privado,Negativo,2,Não,Faculdade,Perto,Masculino,63,médio
5723,16,82,Médio,Médio,Não,7,82,Médio,Sim,1,Médio,Baixo,Público,Neutro,3,Não,Pós-Graduação,Moderado,Feminino,66,médio
5724,17,71,Médio,Médio,Sim,6,58,Médio,Sim,3,Médio,Médio,Privado,Positivo,3,Sim,Ensino Médio,Perto,Masculino,64,médio
5725,13,73,Médio,Alto,Não,8,93,Médio,Sim,0,Alto,Alto,Público,Neutro,3,Não,Pós-Graduação,Perto,Feminino,65,médio
5726,7,74,Alto,Médio,Não,10,69,Alto,Sim,1,Alto,Médio,Público,Positivo,4,Não,Ensino Médio,Perto,Masculino,64,médio
5727,19,63,Médio,Baixo,Sim,6,51,Alto,Sim,2,Médio,Médio,Público,Neutro,4,Não,Ensino Médio,Perto,Masculino,62,médio
5728,21,99,Alto,Médio,Sim,6,65,Baixo,Sim,1,Médio,Médio,Privado,Positivo,2,Não,Faculdade,Longe,Feminino,71,médio
5729,20,61,Médio,Alto,Não,5,89,Médio,Sim,1,Médio,Médio,Público,Neutro,2,Não,Pós-Graduação,Longe,Feminino,64,médio
5730,19,86,Alto,Alto,Sim,7,93,Alto,Sim,1,Médio,Alto,Público,Neutro,2,Não,Ensino Médio,Perto,Masculino,72,médio
5731,20,75,Médio,Médio,Não,7,78,Médio,Sim,0,Baixo,Médio,Público,Negativo,2,Não,Faculdade,Perto,Feminino,64,médio
5732,26,86,Médio,Baixo,Sim,7,65,Médio,Sim,2,Alto,Alto,Privado,Neutro,4,Não,Pós-Graduação,Moderado,Masculino,71,médio
5733,19,74,Médio,Médio,Sim,8,76,Alto,Sim,5,Médio,Alto,Público,Neutro,4,Sim,Faculdade,Perto,Feminino,68,médio
5734,17,87,Médio,Médio,Sim,8,92,Médio,Não,3,Alto,Baixo,Público,Negativo,2,Não,Faculdade,Perto,Masculino,68,médio
5735,18,89,Médio,Médio,Não,7,66,Médio,Sim,2,Médio,Médio,Público,Positivo,3,Não,Faculdade,Moderado,Masculino,68,médio
5736,23,88,Médio,Médio,Não,7,69,Médio,Sim,3,Baixo,Alto,Público,Negativo,3,Não,Ensino Médio,Perto,Masculino,69,médio
5737,28,65,Baixo,Médio,Sim,7,77,Alto,Sim,1,Baixo,Alto,Público,Positivo,3,Não,Faculdade,Perto,Masculino,67,médio
5738,16,86,Médio,Baixo,Não,7,94,Baixo,Sim,0,Baixo,Médio,Privado,Positivo,4,Não,Ensino Médio,Perto,Masculino,66,médio
5739,21,71,Médio,Médio,Sim,6,79,Médio,Sim,1,Baixo,Médio,Privado,Neutro,4,Não,Pós-Graduação,Longe,Masculino,65,médio
5740,22,61,Médio,Alto,Não,5,60,Alto,Sim,0,Alto,Baixo,Privado,Neutro,2,Não,Ensino Médio,Moderado,Masculino,63,médio
5741,14,77,Alto,Baixo,Não,7,54,Médio,Sim,1,Médio,Alto,Público,Negativo,2,Não,Ensino Médio,Moderado,Masculino,62,médio
5742,20,77,Alto,Alto,Não,6,55,Médio,Sim,1,Alto,Baixo,Privado,Neutro,1,Não,Faculdade,Perto,Masculino,67,médio
5743,11,79,Médio,Médio,Sim,8,98,Médio,Sim,2,Baixo,Médio,Público,Neutro,4,Não,Ensino Médio,Perto,Feminino,65,médio
5744,9,88,Médio,Médio,Sim,7,91,Médio,Sim,1,Baixo,Médio,Público,Negativo,3,Não,Faculdade,Perto,Feminino,66,médio
5745,22,72,Baixo,Alto,Não,7,88,Médio,Não,2,Médio,Médio,Público,Positivo,4,Não,Ensino Médio,Perto,Feminino,66,médio
5746,18,73,Médio,Médio,Sim,8,75,Médio,Sim,0,Alto,Médio,Público,Neutro,1,Sim,Faculdade,Perto,Feminino,64,médio
5747,21,62,Alto,Médio,Sim,5,84,Médio,Sim,5,Baixo,Médio,Público,Positivo,4,Não,Ensino Médio,Perto,Feminino,67,médio
5748,20,87,Médio,Médio,Não,10,56,Médio,Sim,2,Médio,Médio,Público,Neutro,2,Não,Faculdade,Moderado,Feminino,67,médio
5749,14,83,Baixo,Baixo,Não,4,81,Baixo,Sim,1,Baixo,Médio,Público,Negativo,4,Sim,Ensino Médio,Moderado,Masculino,61,médio
5750,20,74,Médio,Médio,Sim,9,91,Médio,Sim,1,Baixo,Médio,Público,Neutro,5,Não,Ensino Médio,Perto,Masculino,66,médio
5751,13,88,Alto,Médio,Sim,7,53,Médio,Sim,2,Médio,Médio,Privado,Negativo,4,Não,Faculdade,Moderado,Masculino,66,médio
5752,28,81,Médio,Baixo,Sim,6,65,Médio,Sim,1,Baixo,Médio,Público,Positivo,2,Não,Ensino Médio,Moderado,Masculino,67,médio
5753,12,79,Alto,Médio,Não,5,56,Alto,Sim,1,Baixo,Baixo,Público,Positivo,5,Não,Ensino Médio,Perto,Feminino,64,médio
5754,19,80,Alto,Baixo,Não,6,63,Baixo,Sim,1,Baixo,Médio,Público,Neutro,3,Não,Ensino Médio,Perto,Masculino,64,médio
5755,14,85,Baixo,Médio,Não,7,89,Médio,Sim,2,Médio,Alto,Público,Positivo,2,Não,Faculdade,Moderado,Masculino,67,médio
5756,23,86,Baixo,Alto,Não,7,67,Baixo,Sim,2,Médio,Alto,Privado,Neutro,3,Sim,Faculdade,Perto,Feminino,68,médio
5757,18,72,Médio,Baixo,Não,9,84,Médio,Sim,2,Médio,Médio,Público,Neutro,4,Não,Ensino Médio,Perto,Masculino,64,médio
5758,17,66,Médio,Médio,Sim,7,89,Médio,Sim,0,Médio,Médio,Privado,Negativo,3,Não,Faculdade,Perto,Masculino,63,médio
5759,25,66,Médio,Alto,Sim,7,91,Médio,Sim,2,Baixo,Alto,Público,Neutro,3,Não,Faculdade,Perto,Masculino,68,médio
5760,20,86,Baixo,Baixo,Não,8,94,Baixo,Sim,2,Baixo,Médio,Privado,Negativo,2,Não,Ensino Médio,Longe,Feminino,64,médio
5761,23,95,Baixo,Médio,Sim,7,80,Alto,Sim,2,Baixo,Médio,Público,Neutro,4,Não,Ensino Médio,Moderado,Feminino,70,médio
5762,14,76,Baixo,Médio,Não,7,64,Médio,Sim,3,Médio,Médio,Privado,Positivo,3,Não,Faculdade,Perto,Masculino,64,médio
5763,12,67,Alto,Médio,Não,7,58,Médio,Sim,0,Alto,Médio,Público,Neutro,2,Sim,Ensino Médio,Longe,Masculino,59,baixo
5764,21,90,Alto,Médio,Sim,8,75,Médio,Sim,4,Baixo,Alto,Público,Neutro,2,Não,Ensino Médio,Moderado,Masculino,71,médio
5765,18,93,Baixo,Médio,Sim,6,55,Médio,Sim,3,Baixo,Médio,Público,Negativo,5,Não,Ensino Médio,Moderado,Masculino,67,médio
5766,24,95,Médio,Baixo,Sim,6,96,Alto,Sim,3,Baixo,Médio,Privado,Neutro,3,Não,Pós-Graduação,Perto,Feminino,73,médio
5767,20,84,Baixo,Baixo,Não,8,72,Médio,Sim,3,Alto,Médio,Público,Neutro,3,Não,Ensino Médio,Perto,Masculino,66,médio
5768,21,94,Alto,Alto,Não,5,94,Médio,Sim,2,Baixo,Alto,Privado,Neutro,2,Não,Faculdade,Perto,Masculino,73,médio
5769,10,61,Alto,Médio,Sim,7,85,Alto,Sim,1,Médio,Médio,Público,Neutro,4,Não,Ensino Médio,Perto,Feminino,62,médio
5770,31,64,Médio,Alto,Não,6,93,Médio,Sim,1,Baixo,Alto,Público,Neutro,3,Não,Ensino Médio,Perto,Feminino,69,médio
5771,19,64,Médio,Alto,Não,8,94,Médio,Sim,3,Médio,Alto,Privado,Neutro,3,Sim,Pós-Graduação,Perto,Feminino,66,médio
5772,24,89,Médio,Baixo,Sim,9,53,Médio,Sim,1,Baixo,Alto,Privado,Neutro,3,Não,Ensino Médio,Perto,Masculino,68,médio
5773,15,63,Médio,Médio,Sim,6,86,Baixo,Sim,4,Alto,Médio,Público,Positivo,5,Não,Ensino Médio,Perto,Masculino,65,médio
5774,22,80,Médio,Médio,Sim,8,61,Alto,Sim,1,Baixo,Médio,Público,Positivo,2,Não,Faculdade,Moderado,Masculino,67,médio
5775,12,79,Médio,Médio,Sim,7,99,Baixo,Sim,2,Médio,Médio,Público,Negativo,2,Sim,Ensino Médio,Perto,Feminino,64,médio
5776,23,72,Alto,Alto,Sim,6,89,Médio,Não,0,Médio,Alto,Privado,Negativo,3,Não,Ensino Médio,Moderado,Masculino,67,médio
5777,18,95,Baixo,Baixo,Sim,7,50,Baixo,Sim,3,Médio,Médio,Privado,Neutro,3,Não,Ensino Médio,Moderado,Feminino,66,médio
5778,20,67,Alto,Médio,Não,9,96,Alto,Sim,1,Alto,Alto,Público,Positivo,3,Não,Ensino Médio,Perto,Feminino,68,médio
5779,24,74,Médio,Médio,Sim,7,65,Baixo,Sim,3,Médio,Alto,Público,Neutro,2,Não,Faculdade,Perto,Masculino,68,médio
5780,13,91,Médio,Baixo,Sim,9,71,Baixo,Sim,1,Baixo,Médio,Público,Positivo,2,Não,Faculdade,Longe,Masculino,64,médio
5781,16,61,Alto,Médio,Sim,7,81,Baixo,Sim,2,Médio,Médio,Público,Neutro,1,Não,Ensino Médio,Perto,Feminino,63,médio
5782,23,87,Alto,Médio,Não,5,96,Médio,Sim,2,Médio,Médio,Público,Positivo,3,Não,Faculdade,Moderado,Feminino,72,médio
5783,33,93,Alto,Médio,Não,7,96,Médio,Sim,1,Baixo,Alto,Público,Positivo,1,Não,Pós-Graduação,Moderado,Feminino,75,médio
5784,19,97,Alto,Médio,Não,5,78,Baixo,Sim,2,Baixo,Médio,Público,Positivo,3,Não,Ensino Médio,Perto,Masculino,71,médio
5785,24,95,Alto,Médio,Não,7,66,Baixo,Sim,2,Alto,Alto,Público,Negativo,3,Não,Ensino Médio,Perto,Masculino,71,médio
5786,19,73,Médio,Médio,Sim,6,64,Baixo,Sim,4,Médio,Médio,Público,Positivo,5,Sim,Faculdade,Perto,Feminino,66,médio
5787,32,83,Alto,Médio,Sim,10,68,Médio,Não,3,Baixo,Médio,Privado,Positivo,4,Não,Ensino Médio,Moderado,Feminino,71,médio
5788,10,63,Alto,Médio,Não,9,59,Baixo,Sim,0,Médio,Alto,Público,Positivo,5,Não,Pós-Graduação,Moderado,Masculino,61,médio
5789,21,70,Médio,Médio,Sim,7,83,Médio,Sim,1,Médio,Médio,Público,Neutro,3,Não,Ensino Médio,Longe,Masculino,65,médio
5790,10,64,Médio,Baixo,Não,9,76,Baixo,Sim,1,Baixo,Médio,Privado,Positivo,1,Não,Ensino Médio,Perto,Feminino,58,baixo
5791,5,73,Alto,Baixo,Sim,6,89,Alto,Sim,1,Médio,Médio,Público,Neutro,2,Não,Ensino Médio,Perto,Masculino,62,médio
5792,22,95,Alto,Baixo,Não,5,55,Médio,Sim,2,Alto,Alto,Público,Neutro,0,Sim,Faculdade,Perto,Feminino,69,médio
5793,21,74,Médio,Baixo,Sim,8,70,Médio,Sim,1,Médio,Médio,Público,Neutro,3,Não,Pós-Graduação,Longe,Masculino,65,médio
5794,18,82,Alto,Médio,Sim,8,62,Alto,Sim,3,Baixo,Médio,Privado,Neutro,4,Não,Ensino Médio,Perto,Feminino,69,médio
5795,19,77,Alto,Médio,Sim,6,77,Alto,Sim,1,Baixo,Alto,Privado,Neutro,3,Não,Faculdade,Perto,Feminino,68,médio
5796,39,78,Médio,Médio,Não,6,73,Médio,Sim,0,Baixo,Médio,Público,Positivo,2,Não,Faculdade,Longe,Masculino,70,médio
5797,18,99,Alto,Médio,Sim,8,72,Médio,Sim,4,Baixo,Médio,Público,Neutro,4,Não,Ensino Médio,Perto,Feminino,72,médio
5798,23,72,Baixo,Médio,Sim,4,66,Baixo,Não,3,Baixo,Médio,Privado,Positivo,4,Não,Pós-Graduação,Perto,Feminino,66,médio
5799,16,85,Baixo,Alto,Sim,8,86,Baixo,Sim,2,Alto,Médio,Privado,Neutro,4,Não,Ensino Médio,Perto,Feminino,68,médio
5800,22,77,Médio,Médio,Sim,7,74,Alto,Sim,2,Baixo,Baixo,Privado,Negativo,4,Não,Faculdade,Perto,Masculino,67,médio
5801,19,62,Alto,Baixo,Sim,8,60,Médio,Sim,1,Baixo,Médio,Público,Positivo,2,Não,Faculdade,Longe,Feminino,61,médio
5802,18,80,Baixo,Baixo,Sim,8,77,Médio,Sim,1,Baixo,Alto,Público,Negativo,2,Não,Faculdade,Perto,Feminino,64,médio
5803,31,93,Alto,Médio,Não,6,80,Médio,Sim,3,Médio,Médio,Público,Neutro,2,Não,Ensino Médio,Perto,Masculino,74,médio
5804,27,64,Médio,Médio,Não,5,51,Alto,Sim,1,Baixo,Alto,Público,Negativo,3,Não,Ensino Médio,Perto,Feminino,64,médio
5805,21,63,Alto,Baixo,Sim,9,60,Médio,Sim,2,Médio,Médio,Público,Negativo,2,Não,Pós-Graduação,Perto,Masculino,64,médio
5806,6,66,Alto,Médio,Sim,7,62,Baixo,Sim,2,Baixo,Médio,Público,Neutro,4,Não,Pós-Graduação,Perto,Masculino,61,médio
5807,18,91,Alto,Alto,Sim,7,62,Médio,Sim,3,Baixo,Médio,Privado,Positivo,3,Não,Ensino Médio,Perto,Masculino,71,médio
5808,36,89,Alto,Baixo,Sim,8,62,Baixo,Sim,2,Baixo,Alto,Privado,Negativo,3,Não,Faculdade,Moderado,Masculino,72,médio
5809,19,83,Alto,Alto,Não,6,64,Médio,Sim,0,Médio,Médio,Privado,Negativo,5,Não,Pós-Graduação,Perto,Feminino,68,médio
5810,27,79,Baixo,Alto,Sim,8,63,Alto,Sim,2,Baixo,Médio,Público,Negativo,5,Não,Faculdade,Moderado,Feminino,69,médio
5811,29,96,Médio,Alto,Não,8,94,Alto,Não,2,Baixo,Alto,Público,Negativo,4,Não,Ensino Médio,Perto,Masculino,74,médio
5812,21,91,Médio,Alto,Sim,9,66,Baixo,Sim,3,Baixo,Médio,Público,Neutro,4,Não,Faculdade,Moderado,Feminino,70,médio
5813,15,92,Alto,Baixo,Sim,9,67,Baixo,Sim,1,Alto,Alto,Público,Positivo,2,Não,Pós-Graduação,Perto,Masculino,69,médio
5814,5,93,Baixo,Baixo,Não,7,63,Médio,Sim,2,Médio,Alto,Público,Neutro,3,Não,Pós-Graduação,Perto,Masculino,64,médio
5815,24,86,Baixo,Baixo,Sim,8,98,Médio,Sim,2,Alto,Médio,Público,Positivo,5,Não,Pós-Graduação,Longe,Masculino,71,médio
5816,15,78,Alto,Baixo,Sim,7,77,Baixo,Sim,0,Alto,Médio,Público,Neutro,3,Não,Faculdade,Perto,Masculino,65,médio
5817,21,95,Alto,Médio,Sim,7,81,Médio,Sim,0,Médio,Médio,Público,Neutro,3,Não,Ensino Médio,Perto,Masculino,71,médio
5818,13,97,Alto,Alto,Sim,5,87,Baixo,Sim,1,Médio,Alto,Público,Neutro,2,Não,Pós-Graduação,Perto,Feminino,71,médio
5819,18,61,Baixo,Médio,Sim,7,67,Médio,Sim,5,Alto,Alto,Público,Positivo,2,Não,Pós-Graduação,Perto,Masculino,66,médio
5820,20,62,Médio,Médio,Não,4,98,Alto,Sim,1,Alto,Baixo,Público,Negativo,4,Não,Ensino Médio,Perto,Masculino,64,médio
5821,22,98,Médio,Médio,Não,7,58,Médio,Sim,0,Médio,Médio,Privado,Neutro,3,Não,Ensino Médio,Perto,Masculino,70,médio
5822,13,71,Baixo,Baixo,Não,9,73,Baixo,Sim,1,Alto,Alto,Privado,Neutro,3,Não,Ensino Médio,Moderado,Masculino,61,médio
5823,27,95,Médio,Médio,Sim,8,57,Alto,Sim,1,Médio,Baixo,Privado,Positivo,3,Não,Ensino Médio,Moderado,Feminino,71,médio
5824,16,76,Médio,Médio,Não,7,90,Médio,Sim,0,Baixo,Médio,Público,Neutro,3,Não,Pós-Graduação,Moderado,Masculino,65,médio
5825,10,65,Baixo,Alto,Não,7,55,Médio,Sim,0,Baixo,Alto,Público,Neutro,3,Não,Ensino Médio,Perto,Feminino,59,baixo
5826,19,63,Médio,Médio,Sim,6,78,Baixo,Sim,3,Médio,Médio,Público,Neutro,2,Sim,Faculdade,Perto,Masculino,63,médio
5827,20,66,Médio,Médio,Sim,6,55,Baixo,Sim,1,Alto,Alto,Público,Negativo,3,Não,Pós-Graduação,Moderado,Feminino,64,médio
5828,21,70,Baixo,Baixo,Não,8,73,Baixo,Sim,0,Alto,Médio,Público,Neutro,4,Não,Faculdade,Perto,Masculino,63,médio
5829,28,80,Alto,Alto,Não,5,64,Médio,Sim,1,Baixo,Médio,Privado,Neutro,2,Não,Pós-Graduação,Moderado,Feminino,70,médio
5830,19,88,Alto,Médio,Sim,5,95,Médio,Sim,1,Médio,Alto,Público,Neutro,3,Não,Ensino Médio,Perto,Masculino,70,médio
5831,19,99,Alto,Alto,Sim,8,53,Médio,Sim,1,Médio,Médio,Privado,Neutro,4,Não,Faculdade,Perto,Masculino,72,médio
5832,13,78,Médio,Alto,Não,7,82,Alto,Sim,0,Baixo,Alto,Público,Neutro,2,Não,Faculdade,Moderado,Feminino,65,médio
5833,25,81,Alto,Médio,Sim,7,85,Alto,Sim,3,Médio,Médio,Público,Negativo,1,Não,Pós-Graduação,Moderado,Feminino,71,médio
5834,21,81,Alto,Médio,Sim,7,94,Médio,Sim,3,Médio,Médio,Público,Neutro,1,Não,Pós-Graduação,Moderado,Masculino,70,médio
5835,17,82,Médio,Baixo,Não,10,94,Médio,Sim,1,Alto,Alto,Privado,Neutro,3,Não,Ensino Médio,Moderado,Feminino,66,médio
5836,9,81,Médio,Médio,Sim,7,99,Médio,Sim,2,Baixo,Médio,Público,Neutro,3,Não,Ensino Médio,Moderado,Feminino,64,médio
5837,29,60,Baixo,Alto,Não,7,63,Médio,Sim,0,Baixo,Médio,Público,Negativo,4,Não,Pós-Graduação,Perto,Masculino,64,médio
5838,13,60,Alto,Baixo,Não,10,64,Baixo,Sim,1,Médio,Médio,Público,Neutro,4,Não,Faculdade,Longe,Masculino,59,baixo
5839,16,64,Médio,Alto,Sim,7,70,Médio,Sim,5,Baixo,Baixo,Público,Positivo,4,Não,Ensino Médio,Moderado,Masculino,65,médio
5840,22,64,Alto,Médio,Sim,10,77,Médio,Sim,1,Baixo,Alto,Público,Positivo,3,Não,Ensino Médio,Moderado,Masculino,66,médio
5841,13,88,Médio,Médio,Sim,4,68,Alto,Sim,1,Alto,Médio,Público,Positivo,2,Não,Ensino Médio,Perto,Feminino,67,médio
5842,11,68,Alto,Médio,Sim,5,87,Médio,Sim,1,Baixo,Médio,Público,Positivo,4,Sim,Ensino Médio,Longe,Masculino,62,médio
5843,7,96,Alto,Baixo,Não,6,50,Médio,Sim,1,Alto,Médio,Privado,Negativo,3,Não,Faculdade,Perto,Masculino,65,médio
5844,24,97,Alto,Médio,Sim,8,51,Médio,Sim,3,Baixo,Médio,Público,Neutro,2,Não,Pós-Graduação,Perto,Feminino,73,médio
5845,17,99,Médio,Médio,Não,10,86,Baixo,Sim,1,Médio,Médio,Privado,Positivo,2,Não,Faculdade,Perto,Masculino,70,médio
5846,38,98,Baixo,Médio,Não,6,94,Médio,Sim,2,Baixo,Baixo,Público,Negativo,4,Não,Pós-Graduação,Perto,Feminino,75,médio
5847,14,71,Alto,Alto,Sim,8,89,Médio,Sim,0,Médio,Médio,Público,Neutro,3,Não,Pós-Graduação,Perto,Feminino,66,médio
5848,14,80,Alto,Médio,Não,10,56,Baixo,Sim,1,Baixo,Médio,Público,Positivo,3,Não,Pós-Graduação,Moderado,Feminino,65,médio
5849,17,67,Médio,Médio,Não,9,97,Médio,Sim,1,Médio,Baixo,Público,Neutro,3,Não,Pós-Graduação,Moderado,Feminino,64,médio
5850,21,92,Alto,Baixo,Não,6,76,Baixo,Sim,2,Baixo,Médio,Público,Positivo,5,Não,Faculdade,Perto,Masculino,70,médio
5851,17,96,Médio,Alto,Sim,8,87,Médio,Sim,0,Médio,Médio,Privado,Positivo,5,Não,Ensino Médio,Moderado,Masculino,71,médio
5852,24,94,Baixo,Médio,Não,8,60,Baixo,Sim,0,Médio,Médio,Público,Neutro,3,Não,Ensino Médio,Perto,Masculino,68,médio
5853,14,77,Médio,Médio,Sim,6,77,Baixo,Sim,1,Baixo,Alto,Privado,Neutro,2,Não,Faculdade,Perto,Masculino,64,médio
5854,12,90,Alto,Alto,Não,8,67,Baixo,Sim,2,Baixo,Baixo,Público,Neutro,3,Não,Ensino Médio,Perto,Feminino,67,médio
5855,9,64,Médio,Alto,Sim,6,99,Médio,Sim,6,Baixo,Alto,Público,Positivo,6,Sim,Ensino Médio,Moderado,Masculino,65,médio
5856,7,62,Alto,Médio,Sim,7,74,Médio,Sim,3,Médio,Médio,Público,Neutro,3,Não,Pós-Graduação,Perto,Feminino,62,médio
5857,17,90,Baixo,Alto,Sim,5,88,Baixo,Sim,1,Médio,Médio,Público,Negativo,1,Não,Faculdade,Perto,Feminino,68,médio
5858,18,77,Alto,Médio,Sim,4,80,Médio,Sim,1,Médio,Baixo,Privado,Negativo,2,Não,Faculdade,Perto,Masculino,66,médio
5859,16,100,Alto,Alto,Sim,7,55,Alto,Sim,1,Baixo,Médio,Público,Negativo,2,Sim,Faculdade,Moderado,Masculino,69,médio
5860,27,64,Médio,Médio,Sim,7,77,Alto,Sim,3,Alto,Médio,Público,Neutro,4,Não,Ensino Médio,Moderado,Masculino,68,médio
5861,27,94,Médio,Baixo,Não,5,77,Médio,Sim,0,Médio,Alto,Público,Positivo,2,Não,Faculdade,Perto,Feminino,71,médio
5862,18,79,Médio,Alto,Sim,8,86,Médio,Sim,3,Baixo,Baixo,Público,Neutro,4,Não,Faculdade,Perto,Feminino,68,médio
5863,9,93,Alto,Baixo,Sim,7,66,Médio,Sim,0,Baixo,Baixo,Privado,Neutro,2,Não,Faculdade,Moderado,Masculino,64,médio
5864,17,93,Baixo,Médio,Não,8,93,Baixo,Sim,0,Baixo,Médio,Público,Negativo,3,Não,Faculdade,Moderado,Masculino,66,médio
5865,16,97,Médio,Baixo,Sim,8,81,Alto,Sim,0,Alto,Alto,Privado,Positivo,2,Não,Ensino Médio,Perto,Masculino,70,médio
5866,16,72,Baixo,Médio,Não,9,52,Médio,Sim,1,Médio,Alto,Público,Negativo,1,Sim,Faculdade,Moderado,Feminino,60,baixo
5867,16,98,Médio,Médio,Sim,8,85,Baixo,Sim,0,Baixo,Alto,Público,Positivo,2,Não,Faculdade,Longe,Masculino,69,médio
5868,16,66,Médio,Médio,Sim,7,95,Baixo,Sim,1,Médio,Médio,Público,Positivo,4,Não,Faculdade,Perto,Masculino,65,médio
5869,18,63,Alto,Alto,Sim,7,84,Médio,Sim,1,Médio,Alto,Público,Neutro,2,Não,Ensino Médio,Perto,Feminino,66,médio
5870,16,77,Médio,Baixo,Não,10,69,Médio,Sim,1,Médio,Médio,Privado,Neutro,3,Não,Ensino Médio,Perto,Feminino,64,médio
5871,21,93,Médio,Alto,Não,8,80,Médio,Sim,0,Alto,Alto,Público,Positivo,1,Não,Faculdade,Moderado,Feminino,71,médio
5872,22,79,Alto,Baixo,Não,7,59,Médio,Sim,0,Médio,Médio,Público,Positivo,3,Não,Faculdade,Perto,Masculino,66,médio
5873,15,93,Médio,Baixo,Sim,7,80,Baixo,Sim,0,Baixo,Médio,Público,Positivo,3,Não,Ensino Médio,Perto,Feminino,66,médio
5874,28,89,Médio,Médio,Não,6,75,Médio,Sim,1,Baixo,Baixo,Privado,Negativo,3,Não,Ensino Médio,Moderado,Masculino,68,médio
5875,14,68,Alto,Alto,Não,5,51,Alto,Sim,1,Alto,Médio,Público,Neutro,5,Sim,Ensino Médio,Moderado,Masculino,63,médio
5876,10,98,Médio,Baixo,Sim,10,66,Baixo,Sim,1,Baixo,Alto,Público,Negativo,2,Não,Faculdade,Perto,Feminino,66,médio
5877,22,62,Baixo,Médio,Não,8,60,Baixo,Não,0,Médio,Alto,Público,Positivo,2,Não,Faculdade,Perto,Masculino,61,médio
5878,15,96,Médio,Baixo,Não,5,70,Alto,Sim,4,Baixo,Alto,Privado,Positivo,3,Não,Faculdade,Perto,Masculino,70,médio
5879,22,72,Médio,Alto,Sim,7,62,Baixo,Sim,5,Alto,Médio,Privado,Neutro,2,Não,Faculdade,Moderado,Feminino,68,médio
5880,6,80,Médio,Médio,Sim,9,92,Baixo,Sim,5,Baixo,Médio,Público,Neutro,2,Não,Pós-Graduação,Moderado,Masculino,65,médio
5881,28,77,Alto,Médio,Não,6,85,Alto,Sim,0,Baixo,Médio,Público,Negativo,1,Não,Pós-Graduação,Perto,Feminino,69,médio
5882,24,67,Médio,Alto,Sim,6,87,Baixo,Sim,0,Médio,Médio,Público,Positivo,4,Não,Faculdade,Perto,Masculino,67,médio
5883,11,74,Alto,Médio,Não,8,68,Baixo,Sim,0,Médio,Médio,Público,Positivo,3,Não,Ensino Médio,Moderado,Masculino,62,médio
5884,11,68,Baixo,Alto,Sim,8,50,Baixo,Sim,2,Baixo,Alto,Privado,Positivo,4,Não,Ensino Médio,Perto,Feminino,61,médio
5885,30,68,Alto,Alto,Sim,6,61,Alto,Sim,1,Médio,Médio,Público,Positivo,3,Não,Pós-Graduação,Perto,Feminino,70,médio
5886,16,67,Alto,Médio,Sim,6,88,Médio,Sim,0,Alto,Baixo,Público,Neutro,3,Não,Faculdade,Perto,Masculino,65,médio
5887,15,80,Alto,Médio,Não,8,80,Médio,Sim,1,Baixo,Médio,Público,Neutro,4,Não,Ensino Médio,Moderado,Feminino,65,médio
5888,6,92,Médio,Médio,Sim,5,77,Médio,Sim,1,Baixo,Alto,Público,Positivo,4,Não,Ensino Médio,Perto,Masculino,66,médio
5889,18,83,Médio,Alto,Sim,6,64,Baixo,Não,1,Médio,Alto,Privado,Negativo,3,Não,Ensino Médio,Perto,Feminino,66,médio
5890,19,96,Médio,Médio,Sim,7,54,Alto,Sim,1,Baixo,Médio,Público,Neutro,3,Não,Faculdade,Perto,Masculino,69,médio
5891,24,85,Alto,Alto,Não,8,89,Médio,Sim,1,Baixo,Médio,Público,Neutro,3,Não,Ensino Médio,Moderado,Feminino,70,médio
5892,12,88,Alto,Médio,Não,6,52,Baixo,Não,1,Médio,Alto,Público,Negativo,1,Não,Ensino Médio,Perto,Masculino,63,médio
5893,11,87,Baixo,Médio,Não,8,53,Alto,Sim,1,Médio,Médio,Público,Positivo,3,Não,Ensino Médio,Perto,Feminino,64,médio
5894,23,78,Alto,Baixo,Não,9,65,Alto,Sim,1,Baixo,Alto,Público,Neutro,2,Sim,Faculdade,Longe,Feminino,65,médio
5895,26,88,Alto,Médio,Sim,6,79,Médio,Sim,1,Baixo,Alto,Público,Neutro,4,Não,Ensino Médio,Longe,Masculino,71,médio
5896,11,63,Médio,Médio,Sim,10,100,Alto,Sim,0,Médio,Médio,Público,Neutro,3,Não,Ensino Médio,Longe,Feminino,61,médio
5897,26,94,Baixo,Baixo,Sim,9,55,Baixo,Sim,2,Alto,Médio,Público,Neutro,3,Não,Ensino Médio,Perto,Masculino,69,médio
5898,20,91,Alto,Médio,Não,7,74,Médio,Sim,1,Médio,Médio,Público,Neutro,4,Não,Ensino Médio,Moderado,Masculino,69,médio
5899,27,70,Médio,Médio,Não,7,80,Baixo,Sim,1,Baixo,Médio,Público,Neutro,3,Não,Ensino Médio,Perto,Feminino,66,médio
5900,20,91,Alto,Médio,Não,6,91,Médio,Sim,3,Alto,Alto,Público,Neutro,2,Não,Ensino Médio,Perto,Masculino,72,médio
5901,5,61,Alto,Médio,Não,9,84,Alto,Sim,1,Médio,Médio,Público,Neutro,3,Não,Faculdade,Perto,Masculino,60,baixo
5902,19,69,Baixo,Baixo,Não,7,90,Médio,Sim,0,Baixo,Médio,Público,Neutro,1,Não,Faculdade,Perto,Masculino,62,médio
5903,26,63,Médio,Médio,Sim,5,76,Médio,Sim,3,Médio,Alto,Público,Neutro,5,Sim,Ensino Médio,Perto,Feminino,66,médio
5904,15,91,Médio,Alto,Sim,4,72,Baixo,Sim,1,Alto,Alto,Privado,Neutro,2,Não,Ensino Médio,Perto,Masculino,69,médio
5905,18,90,Alto,Médio,Não,7,81,Médio,Sim,2,Médio,Baixo,Público,Negativo,3,Não,Pós-Graduação,Moderado,Masculino,69,médio
5906,19,93,Médio,Alto,Não,7,95,Baixo,Sim,3,Médio,Médio,Privado,Negativo,3,Não,Ensino Médio,Perto,Feminino,71,médio
5907,3,60,Médio,Baixo,Sim,6,78,Baixo,Sim,1,Baixo,Médio,Público,Positivo,1,Não,Pós-Graduação,Perto,Feminino,57,baixo
5908,30,80,Alto,Alto,Não,5,80,Médio,Sim,0,Baixo,Médio,Privado,Positivo,4,Não,Pós-Graduação,Perto,Feminino,72,médio
5909,15,88,Baixo,Médio,Sim,4,67,Médio,Sim,1,Médio,Alto,Privado,Positivo,4,Não,Ensino Médio,Longe,Feminino,66,médio
5910,23,66,Médio,Médio,Sim,6,80,Médio,Sim,1,Médio,Médio,Público,Positivo,3,Não,Faculdade,Perto,Feminino,66,médio
5911,19,86,Médio,Médio,Não,6,81,Médio,Sim,3,Médio,Alto,Público,Neutro,3,Não,Faculdade,Perto,Masculino,70,médio
5912,28,63,Médio,Médio,Não,8,88,Médio,Sim,2,Baixo,Alto,Público,Positivo,2,Não,Ensino Médio,Perto,Masculino,67,médio
5913,22,67,Médio,Médio,Sim,7,79,Médio,Sim,1,Médio,Baixo,Privado,Neutro,3,Não,Faculdade,Moderado,Feminino,65,médio
5914,19,79,Médio,Médio,Sim,9,60,Baixo,Sim,1,Baixo,Médio,Público,Neutro,3,Sim,Ensino Médio,Perto,Feminino,63,médio
5915,15,86,Alto,Baixo,Não,8,79,Médio,Sim,3,Baixo,Médio,Público,Positivo,3,Não,Faculdade,Perto,Feminino,68,médio
5916,25,66,Baixo,Médio,Sim,8,65,Médio,Sim,0,Médio,Médio,Público,Positivo,3,Sim,Ensino Médio,Perto,Masculino,63,médio
5917,9,67,Médio,Alto,Sim,8,54,Médio,Sim,3,Médio,Alto,Privado,Positivo,5,Não,Faculdade,Moderado,Masculino,63,médio
5918,24,68,Médio,Médio,Sim,5,91,Alto,Sim,1,Alto,Médio,Público,Negativo,4,Não,Faculdade,Perto,Feminino,68,médio
5919,13,70,Médio,Médio,Sim,6,53,Médio,Sim,2,Baixo,Médio,Público,Negativo,0,Sim,Faculdade,Moderado,Feminino,60,baixo
5920,28,69,Médio,Médio,Não,10,82,Alto,Sim,0,Médio,Médio,Privado,Neutro,2,Não,Ensino Médio,Perto,Feminino,67,médio
5921,21,76,Baixo,Baixo,Sim,4,99,Alto,Sim,0,Baixo,Baixo,Público,Positivo,3,Não,Faculdade,Longe,Masculino,65,médio
5922,24,86,Alto,Baixo,Sim,7,54,Médio,Sim,0,Baixo,Alto,Público,Neutro,2,Não,Faculdade,Perto,Masculino,68,médio
5923,20,78,Médio,Baixo,Não,8,61,Médio,Sim,0,Médio,Médio,Público,Neutro,2,Sim,Ensino Médio,Moderado,Feminino,62,médio
5924,9,91,Médio,Baixo,Não,4,88,Baixo,Sim,2,Médio,Médio,Público,Neutro,4,Sim,Pós-Graduação,Perto,Feminino,65,médio
5925,15,89,Médio,Médio,Sim,6,55,Alto,Sim,1,Baixo,Médio,Privado,Positivo,3,Não,Ensino Médio,Perto,Masculino,66,médio
5926,24,65,Médio,Médio,Sim,10,92,Baixo,Sim,3,Médio,Alto,Público,Neutro,4,Não,Ensino Médio,Perto,Masculino,67,médio
5927,21,62,Baixo,Alto,Sim,7,50,Baixo,Não,1,Alto,Médio,Público,Negativo,2,Não,Ensino Médio,Moderado,Feminino,60,baixo
5928,27,95,Baixo,Alto,Sim,6,94,Alto,Sim,2,Médio,Médio,Público,Neutro,4,Não,Pós-Graduação,Longe,Feminino,74,médio
5929,22,63,Baixo,Baixo,Sim,7,53,Médio,Sim,1,Alto,Médio,Público,Neutro,4,Não,Ensino Médio,Perto,Masculino,62,médio
5930,14,66,Baixo,Médio,Sim,6,96,Baixo,Sim,0,Alto,Médio,Público,Negativo,3,Não,Faculdade,Moderado,Masculino,61,médio
5931,15,61,Médio,Médio,Não,10,93,Alto,Sim,0,Médio,Alto,Público,Neutro,4,Não,Ensino Médio,Perto,Masculino,63,médio
5932,21,85,Médio,Baixo,Não,6,77,Médio,Sim,2,Baixo,Médio,Público,Neutro,3,Não,Faculdade,Longe,Masculino,66,médio
5933,6,83,Médio,Médio,Não,6,89,Médio,Sim,1,Baixo,Médio,Público,Positivo,4,Não,Pós-Graduação,Perto,Feminino,65,médio
5934,30,99,Baixo,Médio,Não,5,54,Médio,Sim,0,Médio,Médio,Privado,Positivo,3,Não,Pós-Graduação,Perto,Masculino,72,médio
5935,23,95,Alto,Médio,Não,7,57,Médio,Sim,1,Baixo,Médio,Privado,Neutro,2,Não,Ensino Médio,Perto,Feminino,70,médio
5936,27,76,Alto,Alto,Sim,7,68,Médio,Sim,1,Médio,Médio,Público,Neutro,3,Não,Pós-Graduação,Moderado,Feminino,71,médio
5937,11,75,Alto,Alto,Sim,9,77,Médio,Não,1,Alto,Alto,Privado,Neutro,2,Sim,Faculdade,Moderado,Masculino,64,médio
5938,27,72,Médio,Alto,Não,5,93,Baixo,Sim,1,Alto,Médio,Público,Positivo,2,Não,Faculdade,Perto,Masculino,70,médio
5939,33,66,Médio,Médio,Não,8,77,Médio,Sim,2,Médio,Baixo,Público,Neutro,3,Não,Ensino Médio,Perto,Masculino,68,médio
5940,12,66,Baixo,Alto,Sim,7,83,Médio,Não,1,Médio,Médio,Público,Neutro,3,Não,Ensino Médio,Perto,Masculino,61,médio
5941,25,65,Alto,Médio,Sim,4,84,Alto,Sim,1,Alto,Médio,Público,Positivo,2,Não,Ensino Médio,Perto,Masculino,68,médio
5942,20,65,Baixo,Médio,Não,6,94,Médio,Sim,1,Baixo,Alto,Público,Positivo,2,Não,Pós-Graduação,Perto,Feminino,64,médio
5943,11,70,Médio,Alto,Sim,6,89,Baixo,Sim,2,Médio,Médio,Público,Positivo,4,Não,Ensino Médio,Perto,Feminino,64,médio
5944,23,72,Médio,Alto,Sim,10,99,Médio,Sim,2,Médio,Alto,Privado,Neutro,4,Não,Pós-Graduação,Perto,Feminino,71,médio
5945,25,98,Médio,Alto,Sim,8,51,Médio,Sim,0,Médio,Médio,Privado,Positivo,2,Não,Faculdade,Moderado,Feminino,72,médio
5946,16,83,Médio,Médio,Sim,7,60,Médio,Sim,0,Alto,Médio,Público,Positivo,1,Não,Faculdade,Moderado,Feminino,66,médio
5947,27,100,Baixo,Médio,Sim,4,97,Baixo,Sim,4,Baixo,Alto,Público,Positivo,3,Não,Ensino Médio,Perto,Feminino,74,médio
5948,10,75,Médio,Médio,Sim,4,90,Médio,Sim,3,Médio,Alto,Público,Positivo,3,Sim,Pós-Graduação,Moderado,Masculino,65,médio
5949,11,78,Alto,Alto,Não,8,63,Baixo,Sim,1,Baixo,Médio,Público,Neutro,3,Não,Ensino Médio,Perto,Feminino,64,médio
5950,21,73,Alto,Médio,Sim,8,99,Médio,Sim,1,Médio,Alto,Público,Positivo,4,Não,Faculdade,Moderado,Masculino,69,médio
5951,20,67,Médio,Médio,Não,6,93,Baixo,Não,1,Baixo,Médio,Público,Negativo,3,Sim,Faculdade,Perto,Masculino,62,médio
5952,16,66,Médio,Médio,Sim,7,53,Alto,Sim,2,Médio,Médio,Público,Negativo,2,Não,Pós-Graduação,Moderado,Masculino,62,médio
5953,25,98,Baixo,Baixo,Sim,7,91,Médio,Sim,2,Baixo,Baixo,Público,Positivo,3,Não,Pós-Graduação,Perto,Feminino,72,médio
5954,23,99,Médio,Alto,Não,7,89,Alto,Sim,1,Médio,Médio,Público,Neutro,3,Não,Ensino Médio,Perto,Feminino,73,médio
5955,25,62,Médio,Baixo,Não,6,61,Alto,Sim,1,Médio,Médio,Público,Positivo,4,Não,Pós-Graduação,Moderado,Feminino,64,médio
5956,19,66,Médio,Médio,Não,8,83,Médio,Sim,2,Médio,Alto,Público,Neutro,3,Não,Ensino Médio,Perto,Feminino,65,médio
5957,24,77,Alto,Alto,Sim,9,99,Médio,Sim,1,Baixo,Médio,Público,Positivo,1,Não,Ensino Médio,Perto,Masculino,70,médio
5958,17,67,Médio,Médio,Sim,6,84,Alto,Sim,1,Alto,Alto,Público,Neutro,3,Não,Pós-Graduação,Moderado,Feminino,66,médio
5959,32,75,Baixo,Alto,Não,5,91,Baixo,Sim,1,Alto,Médio,Público,Positivo,2,Não,Faculdade,Moderado,Feminino,70,médio
5960,15,65,Médio,Alto,Sim,6,55,Baixo,Sim,2,Médio,Médio,Privado,Positivo,3,Não,Ensino Médio,Perto,Feminino,63,médio
5961,33,78,Baixo,Baixo,Não,7,86,Médio,Sim,1,Baixo,Alto,Público,Positivo,4,Não,Ensino Médio,Perto,Masculino,69,médio
5962,20,71,Alto,Médio,Sim,8,60,Baixo,Sim,0,Médio,Médio,Público,Neutro,2,Não,Ensino Médio,Perto,Masculino,64,médio
5963,12,74,Baixo,Médio,Não,8,54,Médio,Sim,2,Médio,Médio,Privado,Positivo,5,Não,Pós-Graduação,Moderado,Feminino,63,médio
5964,28,64,Médio,Médio,Não,8,78,Baixo,Sim,2,Médio,Médio,Privado,Negativo,3,Não,Pós-Graduação,Perto,Masculino,66,médio
5965,21,77,Médio,Médio,Sim,8,88,Baixo,Sim,2,Alto,Médio,Privado,Positivo,1,Não,Faculdade,Moderado,Feminino,68,médio
5966,25,99,Médio,Médio,Sim,7,77,Médio,Sim,0,Alto,Alto,Público,Neutro,3,Não,Ensino Médio,Perto,Masculino,97,alto
5967,27,73,Baixo,Baixo,Não,9,97,Médio,Sim,2,Médio,Alto,Público,Neutro,1,Não,Ensino Médio,Perto,Feminino,67,médio
5968,22,95,Médio,Médio,Não,7,85,Médio,Sim,0,Médio,Médio,Privado,Positivo,4,Não,Faculdade,Perto,Masculino,71,médio
5969,16,94,Baixo,Baixo,Sim,8,56,Baixo,Sim,2,Baixo,Alto,Público,Positivo,2,Não,Faculdade,Perto,Feminino,66,médio
5970,26,98,Médio,Baixo,Sim,7,97,Médio,Sim,2,Baixo,Médio,Público,Neutro,2,Sim,Pós-Graduação,Moderado,Masculino,72,médio
5971,20,92,Alto,Médio,Sim,7,58,Baixo,Sim,2,Baixo,Baixo,Público,Neutro,4,Não,Pós-Graduação,Perto,Feminino,70,médio
5972,24,86,Médio,Médio,Sim,7,88,Médio,Sim,1,Baixo,Médio,Público,Neutro,3,Não,Ensino Médio,Longe,Masculino,69,médio
5973,7,94,Médio,Baixo,Sim,9,57,Alto,Sim,2,Médio,Médio,Público,Negativo,3,Não,Pós-Graduação,Perto,Feminino,66,médio
5974,23,63,Alto,Alto,Não,7,100,Baixo,Sim,2,Médio,Alto,Privado,Positivo,3,Não,Pós-Graduação,Perto,Feminino,69,médio
5975,16,79,Médio,Médio,Sim,6,67,Baixo,Não,2,Médio,Alto,Privado,Positivo,3,Não,Faculdade,Perto,Masculino,65,médio
5976,30,100,Alto,Alto,Não,6,75,Médio,Sim,0,Baixo,Médio,Público,Neutro,4,Não,Faculdade,Moderado,Feminino,75,médio
5977,24,91,Baixo,Médio,Não,8,73,Médio,Sim,2,Baixo,Alto,Privado,Positivo,2,Não,Pós-Graduação,Moderado,Masculino,70,médio
5978,21,98,Alto,Baixo,Sim,6,55,Baixo,Sim,1,Médio,Médio,Público,Positivo,3,Não,Ensino Médio,Perto,Masculino,70,médio
5979,23,91,Médio,Alto,Sim,7,75,Baixo,Sim,2,Baixo,Alto,Público,Negativo,2,Não,Ensino Médio,Longe,Masculino,69,médio
5980,14,95,Alto,Médio,Não,7,57,Médio,Sim,2,Baixo,Baixo,Público,Neutro,2,Não,Faculdade,Perto,Feminino,68,médio
5981,30,88,Baixo,Médio,Sim,6,90,Alto,Sim,4,Alto,Médio,Privado,Negativo,2,Não,Faculdade,Moderado,Masculino,73,médio
5982,32,90,Médio,Médio,Sim,5,98,Alto,Sim,0,Médio,Alto,Público,Neutro,3,Não,Faculdade,Moderado,Masculino,74,médio
5983,22,81,Baixo,Baixo,Não,5,90,Médio,Sim,0,Alto,Médio,Público,Positivo,2,Não,Faculdade,Moderado,Feminino,66,médio
5984,30,97,Alto,Médio,Sim,6,72,Alto,Sim,1,Baixo,Alto,Público,Positivo,2,Não,Ensino Médio,Longe,Feminino,74,médio
5985,17,93,Médio,Baixo,Sim,5,50,Baixo,Sim,3,Alto,Médio,Público,Positivo,2,Não,Ensino Médio,Moderado,Masculino,67,médio
5986,15,94,Alto,Médio,Sim,8,52,Baixo,Sim,1,Médio,Médio,Privado,Positivo,2,Não,Faculdade,Longe,Feminino,67,médio
5987,20,87,Médio,Alto,Não,10,75,Baixo,Sim,3,Médio,Médio,Privado,Neutro,2,Não,Faculdade,Perto,Feminino,70,médio
5988,23,72,Baixo,Alto,Sim,6,84,Médio,Sim,1,Alto,Alto,Público,Neutro,2,Não,Ensino Médio,Perto,Masculino,67,médio
5989,18,61,Médio,Baixo,Sim,6,91,Alto,Sim,3,Médio,Alto,Público,Positivo,3,Não,Faculdade,Moderado,Feminino,80,médio
5990,23,97,Médio,Alto,Sim,6,80,Baixo,Sim,1,Baixo,Baixo,Público,Negativo,2,Não,Faculdade,Moderado,Masculino,70,médio
5991,22,83,Alto,Médio,Não,8,99,Baixo,Sim,4,Alto,Alto,Público,Negativo,4,Sim,Ensino Médio,Perto,Feminino,71,médio
5992,14,72,Médio,Baixo,Não,8,75,Alto,Sim,4,Alto,Médio,Privado,Positivo,2,Sim,Faculdade,Perto,Masculino,64,médio
5993,23,66,Alto,Alto,Sim,7,80,Médio,Sim,1,Médio,Médio,Público,Positivo,3,Não,Faculdade,Moderado,Feminino,68,médio
5994,25,93,Médio,Médio,Não,5,62,Médio,Sim,0,Baixo,Médio,Público,Neutro,3,Não,Ensino Médio,Longe,Masculino,68,médio
5995,21,93,Médio,Médio,Sim,6,67,Médio,Não,1,Alto,Médio,Público,Positivo,3,Não,Ensino Médio,Perto,Feminino,69,médio
5996,27,93,Alto,Baixo,Sim,7,84,Baixo,Sim,1,Médio,Médio,Privado,Neutro,2,Não,Pós-Graduação,Perto,Masculino,72,médio
5997,13,86,Médio,Médio,Não,7,80,Médio,Sim,0,Baixo,Médio,Privado,Negativo,5,Não,Faculdade,Perto,Masculino,65,médio
5998,23,75,Baixo,Baixo,Sim,7,68,Médio,Sim,1,Alto,Baixo,Privado,Neutro,4,Sim,Ensino Médio,Perto,Masculino,64,médio
5999,13,72,Médio,Alto,Não,8,56,Baixo,Sim,1,Baixo,Alto,Público,Positivo,4,Não,Pós-Graduação,Moderado,Feminino,64,médio
6000,13,60,Baixo,Médio,Não,5,67,Alto,Sim,1,Baixo,Médio,Público,Positivo,4,Sim,Ensino Médio,Longe,Masculino,58,baixo
6001,16,93,Alto,Médio,Sim,7,52,Baixo,Sim,2,Médio,Alto,Público,Neutro,3,Não,Ensino Médio,Perto,Masculino,69,médio
6002,14,63,Alto,Baixo,Não,7,79,Médio,Sim,1,Baixo,Médio,Público,Neutro,3,Não,Ensino Médio,Perto,Masculino,61,médio
6003,17,85,Alto,Alto,Sim,6,66,Médio,Sim,0,Médio,Alto,Público,Neutro,2,Não,Faculdade,Moderado,Feminino,68,médio
6004,19,80,Alto,Médio,Sim,6,69,Baixo,Sim,1,Baixo,Baixo,Privado,Neutro,4,Sim,Faculdade,Perto,Masculino,66,médio
6005,25,81,Médio,Médio,Não,8,79,Baixo,Sim,1,Médio,Médio,Público,Neutro,4,Não,Faculdade,Perto,Feminino,68,médio
6006,18,97,Baixo,Alto,Não,5,79,Baixo,Sim,2,Baixo,Alto,Público,Positivo,3,Não,Faculdade,Moderado,Masculino,70,médio
6007,10,61,Alto,Baixo,Sim,10,79,Médio,Sim,4,Alto,Alto,Público,Positivo,2,Sim,Faculdade,Moderado,Masculino,62,médio
6008,27,91,Médio,Médio,Não,8,75,Baixo,Sim,2,Médio,Alto,Privado,Neutro,3,Não,Ensino Médio,Perto,Masculino,71,médio
6009,15,62,Médio,Médio,Não,7,74,Alto,Sim,0,Baixo,Alto,Público,Negativo,3,Não,Pós-Graduação,Moderado,Feminino,61,médio
6010,20,62,Alto,Médio,Sim,7,91,Baixo,Sim,1,Médio,Baixo,Público,Negativo,3,Não,Faculdade,Perto,Masculino,64,médio
6011,23,77,Médio,Baixo,Não,8,73,Médio,Sim,1,Baixo,Baixo,Público,Positivo,2,Não,Faculdade,Perto,Masculino,65,médio
6012,21,63,Baixo,Médio,Sim,6,77,Baixo,Sim,3,Médio,Alto,Público,Negativo,1,Não,Ensino Médio,Perto,Masculino,63,médio
6013,27,92,Alto,Médio,Sim,6,99,Baixo,Sim,4,Baixo,Baixo,Privado,Positivo,3,Não,Ensino Médio,Perto,Feminino,74,médio
6014,23,81,Médio,Alto,Não,9,59,Baixo,Sim,2,Médio,Alto,Público,Neutro,2,Não,Faculdade,Perto,Masculino,68,médio
6015,15,61,Alto,Médio,Sim,6,86,Alto,Sim,2,Alto,Alto,Público,Neutro,3,Não,Ensino Médio,Perto,Feminino,65,médio
6016,33,62,Médio,Médio,Não,7,74,Baixo,Sim,2,Médio,Médio,Público,Neutro,2,Não,Faculdade,Moderado,Masculino,66,médio
6017,21,85,Médio,Alto,Sim,6,92,Médio,Sim,1,Médio,Alto,Público,Neutro,2,Sim,Ensino Médio,Moderado,Masculino,69,médio
6018,19,92,Baixo,Médio,Sim,7,70,Baixo,Sim,2,Alto,Médio,Privado,Positivo,2,Não,Faculdade,Perto,Masculino,69,médio
6019,26,78,Alto,Médio,Não,8,65,Médio,Sim,3,Médio,Médio,Público,Positivo,3,Não,Faculdade,Perto,Feminino,70,médio
6020,21,82,Médio,Médio,Sim,10,60,Alto,Sim,3,Alto,Alto,Público,Positivo,4,Não,Ensino Médio,Perto,Feminino,70,médio
6021,22,92,Médio,Médio,Sim,6,94,Médio,Sim,1,Médio,Médio,Público,Positivo,3,Não,Ensino Médio,Perto,Masculino,71,médio
6022,35,84,Médio,Médio,Não,5,86,Médio,Sim,1,Médio,Médio,Público,Neutro,3,Não,Ensino Médio,Perto,Feminino,72,médio
6023,18,69,Médio,Baixo,Não,7,54,Médio,Sim,1,Baixo,Alto,Público,Neutro,4,Não,Ensino Médio,Moderado,Masculino,61,médio
6024,18,85,Médio,Alto,Sim,6,86,Alto,Não,1,Médio,Médio,Privado,Neutro,3,Não,Ensino Médio,Perto,Feminino,68,médio
6025,21,85,Médio,Baixo,Sim,7,52,Médio,Sim,3,Baixo,Médio,Privado,Neutro,3,Não,Ensino Médio,Perto,Masculino,66,médio
6026,26,89,Médio,Médio,Sim,8,59,Baixo,Sim,1,Baixo,Alto,Público,Neutro,4,Não,Ensino Médio,Perto,Masculino,70,médio
6027,11,85,Médio,Baixo,Não,10,80,Baixo,Não,0,Baixo,Alto,Público,Positivo,3,Não,Faculdade,Perto,Feminino,63,médio
6028,8,99,Médio,Alto,Sim,6,73,Médio,Sim,1,Médio,Médio,Público,Positivo,3,Não,Ensino Médio,Longe,Feminino,68,médio
6029,16,68,Baixo,Médio,Sim,4,92,Médio,Não,1,Médio,Médio,Público,Negativo,4,Não,Faculdade,Perto,Masculino,62,médio
6030,10,98,Médio,Alto,Não,7,80,Baixo,Sim,3,Médio,Médio,Privado,Neutro,3,Não,Faculdade,Perto,Masculino,69,médio
6031,17,82,Médio,Médio,Sim,8,98,Médio,Sim,3,Médio,Alto,Público,Positivo,4,Não,Ensino Médio,Moderado,Masculino,69,médio
6032,23,87,Médio,Baixo,Sim,6,93,Médio,Sim,1,Alto,Alto,Privado,Positivo,4,Não,Pós-Graduação,Perto,Feminino,72,médio
6033,15,64,Alto,Médio,Sim,7,67,Médio,Sim,2,Baixo,Alto,Público,Positivo,3,Não,Ensino Médio,Perto,Masculino,64,médio
6034,11,75,Baixo,Médio,Não,7,92,Médio,Não,2,Baixo,Alto,Público,Positivo,4,Não,Faculdade,Moderado,Feminino,63,médio
6035,20,91,Médio,Médio,Sim,7,93,Alto,Sim,1,Baixo,Médio,Público,Negativo,3,Não,Pós-Graduação,Moderado,Masculino,70,médio
6036,25,88,Baixo,Médio,Sim,8,98,Baixo,Não,1,Baixo,Baixo,Privado,Neutro,4,Não,Pós-Graduação,Perto,Masculino,69,médio
6037,10,62,Alto,Alto,Não,7,51,Médio,Sim,1,Médio,Alto,Privado,Positivo,2,Não,Ensino Médio,Perto,Masculino,61,médio
6038,25,82,Alto,Alto,Não,8,94,Baixo,Sim,2,Baixo,Médio,Público,Neutro,3,Não,Ensino Médio,Moderado,Masculino,70,médio
6039,25,64,Médio,Médio,Sim,4,53,Baixo,Sim,1,Médio,Médio,Público,Neutro,2,Não,Faculdade,Perto,Masculino,64,médio
6040,26,100,Alto,Alto,Sim,6,76,Alto,Sim,0,Médio,Alto,Público,Negativo,4,Não,Pós-Graduação,Perto,Masculino,76,médio
6041,27,96,Médio,Médio,Sim,6,71,Médio,Sim,2,Médio,Médio,Público,Neutro,2,Não,Faculdade,Perto,Feminino,73,médio
6042,33,61,Baixo,Baixo,Sim,5,96,Médio,Sim,2,Médio,Médio,Público,Negativo,3,Não,Ensino Médio,Perto,Masculino,67,médio
6043,18,94,Médio,Médio,Sim,7,70,Médio,Não,2,Médio,Alto,Público,Negativo,3,Não,Faculdade,Perto,Feminino,69,médio
6044,21,97,Médio,Médio,Sim,6,80,Baixo,Sim,2,Médio,Médio,Privado,Positivo,4,Não,Faculdade,Perto,Masculino,72,médio
6045,18,74,Médio,Médio,Não,6,85,Médio,Sim,4,Médio,Médio,Privado,Negativo,3,Não,Faculdade,Moderado,Feminino,66,médio
6046,20,89,Médio,Médio,Sim,8,51,Médio,Sim,3,Médio,Alto,Público,Positivo,3,Não,Pós-Graduação,Perto,Feminino,70,médio
6047,29,78,Médio,Alto,Sim,7,80,Médio,Sim,2,Médio,Médio,Público,Positivo,4,Não,Pós-Graduação,Perto,Feminino,73,médio
6048,12,86,Alto,Médio,Sim,5,76,Baixo,Não,2,Alto,Médio,Público,Positivo,3,Não,Pós-Graduação,Perto,Feminino,68,médio
6049,15,74,Médio,Alto,Não,6,80,Médio,Sim,2,Alto,Médio,Público,Negativo,3,Não,Pós-Graduação,Moderado,Masculino,66,médio
6050,28,73,Baixo,Médio,Sim,8,54,Médio,Sim,4,Médio,Médio,Privado,Neutro,1,Não,Ensino Médio,Perto,Feminino,67,médio
6051,26,77,Médio,Baixo,Não,7,53,Alto,Não,3,Médio,Alto,Privado,Positivo,3,Não,Ensino Médio,Perto,Feminino,67,médio
6052,18,66,Médio,Alto,Sim,9,59,Médio,Não,0,Baixo,Médio,Privado,Positivo,3,Não,Ensino Médio,Perto,Masculino,62,médio
6053,25,93,Baixo,Médio,Não,8,93,Médio,Sim,2,Médio,Médio,Público,Positivo,3,Não,Faculdade,Perto,Masculino,72,médio
6054,22,74,Baixo,Alto,Sim,6,68,Médio,Sim,0,Médio,Baixo,Público,Positivo,4,Não,Ensino Médio,Longe,Masculino,65,médio
6055,29,76,Médio,Baixo,Sim,9,72,Médio,Sim,1,Alto,Médio,Público,Positivo,3,Não,Ensino Médio,Perto,Masculino,69,médio
6056,20,96,Médio,Alto,Não,9,70,Médio,Sim,2,Baixo,Baixo,Público,Positivo,2,Sim,Ensino Médio,Perto,Masculino,69,médio
6057,26,80,Alto,Médio,Sim,4,86,Médio,Não,0,Baixo,Médio,Público,Positivo,4,Não,Faculdade,Moderado,Masculino,69,médio
6058,36,82,Baixo,Baixo,Sim,7,63,Médio,Sim,0,Médio,Médio,Privado,Positivo,3,Não,Ensino Médio,Perto,Masculino,69,médio
6059,24,98,Baixo,Médio,Sim,6,53,Médio,Sim,1,Médio,Baixo,Público,Neutro,2,Não,Ensino Médio,Perto,Feminino,69,médio
6060,20,95,Médio,Alto,Sim,7,69,Baixo,Sim,0,Médio,Alto,Público,Neutro,3,Não,Ensino Médio,Perto,Masculino,70,médio
6061,24,67,Alto,Baixo,Não,6,86,Médio,Sim,6,Baixo,Médio,Privado,Positivo,3,Sim,Pós-Graduação,Moderado,Feminino,67,médio
6062,18,79,Médio,Alto,Sim,6,96,Médio,Sim,3,Médio,Baixo,Público,Positivo,3,Sim,Pós-Graduação,Perto,Masculino,69,médio
6063,34,99,Médio,Médio,Sim,8,53,Médio,Sim,0,Médio,Alto,Público,Neutro,5,Não,Faculdade,Perto,Masculino,75,médio
6064,21,75,Baixo,Médio,Sim,5,91,Médio,Sim,2,Baixo,Baixo,Público,Neutro,3,Não,Ensino Médio,Perto,Masculino,66,médio
6065,18,75,Médio,Baixo,Sim,7,53,Médio,Sim,0,Alto,Alto,Público,Neutro,2,Não,Ensino Médio,Perto,Masculino,63,médio
6066,15,68,Médio,Médio,Sim,5,67,Médio,Sim,3,Médio,Alto,Privado,Negativo,4,Não,Pós-Graduação,Moderado,Masculino,64,médio
6067,27,65,Médio,Médio,Sim,9,51,Médio,Sim,2,Alto,Médio,Privado,Positivo,2,Não,Pós-Graduação,Moderado,Feminino,66,médio
6068,25,90,Médio,Médio,Sim,7,96,Médio,Sim,1,Médio,Médio,Público,Positivo,4,Não,Faculdade,Moderado,Masculino,72,médio
6069,17,91,Médio,Alto,Não,8,85,Alto,Sim,3,Médio,Alto,Público,Neutro,4,Não,Faculdade,Moderado,Feminino,71,médio
6070,23,99,Baixo,Médio,Sim,7,68,Médio,Sim,0,Alto,Alto,Privado,Positivo,2,Não,Ensino Médio,Longe,Masculino,70,médio
6071,11,91,Alto,Médio,Não,7,69,Médio,Sim,2,Baixo,Médio,Privado,Positivo,2,Não,Faculdade,Perto,Masculino,67,médio
6072,21,70,Médio,Baixo,Não,7,82,Alto,Sim,0,Alto,Alto,Público,Positivo,3,Não,Ensino Médio,Perto,Feminino,65,médio
6073,23,62,Alto,Alto,Sim,9,54,Baixo,Sim,3,Baixo,Médio,Privado,Neutro,4,Não,Ensino Médio,Perto,Masculino,65,médio
6074,30,99,Médio,Médio,Sim,6,57,Médio,Sim,0,Baixo,Médio,Público,Neutro,4,Não,Pós-Graduação,Perto,Masculino,73,médio
6075,15,74,Médio,Médio,Sim,4,92,Baixo,Sim,1,Médio,Médio,Privado,Positivo,3,Não,Pós-Graduação,Perto,Masculino,66,médio
6076,12,72,Baixo,Médio,Sim,6,60,Alto,Sim,0,Baixo,Médio,Público,Neutro,4,Não,Pós-Graduação,Perto,Masculino,62,médio
6077,15,96,Médio,Alto,Não,5,86,Médio,Sim,2,Alto,Médio,Privado,Positivo,2,Não,Ensino Médio,Perto,Masculino,71,médio
6078,12,83,Médio,Alto,Não,8,61,Médio,Sim,3,Alto,Médio,Público,Neutro,5,Sim,Ensino Médio,Perto,Masculino,66,médio
6079,28,69,Alto,Alto,Sim,7,54,Baixo,Não,1,Baixo,Médio,Público,Neutro,2,Não,Faculdade,Longe,Masculino,65,médio
6080,29,96,Médio,Alto,Sim,8,95,Médio,Sim,0,Alto,Médio,Privado,Positivo,2,Não,Ensino Médio,Perto,Feminino,75,médio
6081,22,100,Alto,Médio,Não,7,95,Médio,Sim,2,Baixo,Médio,Público,Positivo,4,Não,Faculdade,Perto,Masculino,74,médio
6082,27,63,Médio,Baixo,Sim,7,80,Alto,Sim,1,Médio,Alto,Privado,Neutro,3,Não,Ensino Médio,Moderado,Masculino,65,médio
6083,21,94,Médio,Médio,Não,7,73,Baixo,Sim,2,Baixo,Médio,Privado,Positivo,3,Não,Pós-Graduação,Perto,Feminino,71,médio
6084,19,76,Alto,Baixo,Sim,9,78,Baixo,Sim,1,Baixo,Médio,Público,Negativo,1,Não,Pós-Graduação,Perto,Feminino,65,médio
6085,18,81,Médio,Baixo,Sim,7,70,Alto,Sim,0,Baixo,Médio,Privado,Neutro,2,Não,Faculdade,Perto,Masculino,65,médio
6086,18,97,Médio,Baixo,Não,9,88,Médio,Sim,0,Baixo,Médio,Público,Neutro,4,Não,Ensino Médio,Moderado,Feminino,67,médio
6087,11,99,Médio,Baixo,Sim,9,88,Médio,Sim,2,Baixo,Médio,Público,Neutro,2,Não,Ensino Médio,Moderado,Masculino,67,médio
6088,22,70,Médio,Médio,Não,7,91,Médio,Sim,2,Médio,Médio,Público,Positivo,1,Não,Ensino Médio,Perto,Masculino,66,médio
6089,20,69,Alto,Médio,Sim,7,76,Alto,Sim,1,Médio,Médio,Público,Positivo,3,Não,Ensino Médio,Perto,Feminino,67,médio
6090,24,63,Médio,Médio,Não,6,90,Médio,Não,2,Baixo,Médio,Privado,Neutro,5,Não,Pós-Graduação,Perto,Feminino,66,médio
6091,21,82,Baixo,Alto,Não,9,58,Médio,Sim,0,Médio,Médio,Público,Negativo,2,Não,Ensino Médio,Perto,Masculino,65,médio
6092,19,61,Alto,Médio,Sim,6,52,Baixo,Não,1,Baixo,Médio,Público,Neutro,3,Não,Ensino Médio,Longe,Feminino,59,baixo
6093,15,76,Alto,Alto,Sim,6,82,Médio,Sim,4,Baixo,Alto,Privado,Positivo,4,Não,Ensino Médio,Moderado,Feminino,69,médio
6094,20,63,Médio,Médio,Não,7,55,Alto,Sim,2,Baixo,Alto,Público,Negativo,3,Não,Ensino Médio,Perto,Masculino,63,médio
6095,24,76,Baixo,Médio,Não,5,78,Alto,Sim,1,Médio,Médio,Privado,Neutro,4,Sim,Ensino Médio,Moderado,Masculino,65,médio
6096,13,62,Médio,Baixo,Não,6,86,Alto,Sim,2,Baixo,Médio,Público,Neutro,4,Não,Ensino Médio,Perto,Masculino,61,médio
6097,21,93,Baixo,Médio,Não,9,70,Médio,Sim,0,Médio,Alto,Público,Neutro,1,Não,Pós-Graduação,Longe,Feminino,68,médio
6098,21,68,Médio,Alto,Sim,8,52,Médio,Sim,3,Baixo,Médio,Público,Neutro,2,Não,Faculdade,Moderado,Masculino,65,médio
6099,16,73,Baixo,Baixo,Não,6,94,Médio,Não,1,Baixo,Médio,Privado,Negativo,2,Não,Faculdade,Perto,Feminino,61,médio
6100,16,95,Médio,Alto,Sim,8,52,Médio,Sim,0,Baixo,Médio,Privado,Positivo,3,Não,Pós-Graduação,Moderado,Masculino,69,médio
6101,21,90,Baixo,Médio,Sim,10,95,Alto,Sim,2,Alto,Alto,Privado,Neutro,4,Não,Faculdade,Perto,Masculino,72,médio
6102,13,69,Médio,Baixo,Sim,7,53,Alto,Não,2,Médio,Médio,Privado,Negativo,3,Sim,Ensino Médio,Perto,Feminino,59,baixo
6103,22,63,Médio,Médio,Não,9,87,Baixo,Sim,0,Alto,Alto,Público,Negativo,2,Não,Faculdade,Moderado,Feminino,63,médio
6104,15,89,Médio,Médio,Sim,8,96,Alto,Sim,3,Baixo,Alto,Público,Negativo,3,Não,Ensino Médio,Perto,Masculino,69,médio
6105,26,76,Baixo,Baixo,Não,7,95,Alto,Sim,1,Baixo,Alto,Público,Neutro,1,Não,Pós-Graduação,Perto,Masculino,67,médio
6106,34,91,Baixo,Médio,Não,7,95,Médio,Não,1,Médio,Médio,Público,Negativo,3,Sim,Faculdade,Moderado,Masculino,70,médio
6107,15,78,Médio,Alto,Não,8,94,Alto,Sim,0,Baixo,Médio,Privado,Positivo,4,Não,Pós-Graduação,Moderado,Masculino,67,médio
6108,23,74,Médio,Médio,Sim,6,76,Médio,Não,1,Baixo,Médio,Público,Positivo,2,Não,Faculdade,Perto,Masculino,66,médio
6109,16,78,Médio,Médio,Sim,4,78,Médio,Sim,5,Alto,Médio,Público,Positivo,3,Não,Ensino Médio,Perto,Feminino,68,médio
6110,26,90,Baixo,Alto,Sim,6,81,Médio,Sim,1,Baixo,Médio,Privado,Neutro,3,Não,Pós-Graduação,Perto,Masculino,71,médio
6111,12,96,Alto,Médio,Não,4,95,Médio,Sim,3,Médio,Médio,Privado,Neutro,0,Sim,Ensino Médio,Perto,Masculino,69,médio
6112,23,62,Alto,Médio,Sim,6,92,Baixo,Sim,0,Alto,Médio,Público,Neutro,2,Não,Ensino Médio,Moderado,Masculino,65,médio
6113,15,81,Médio,Médio,Não,4,89,Alto,Sim,0,Baixo,Médio,Privado,Negativo,3,Não,Pós-Graduação,Perto,Feminino,66,médio
6114,19,61,Médio,Alto,Sim,8,84,Alto,Sim,2,Médio,Alto,Público,Positivo,4,Não,Ensino Médio,Perto,Masculino,66,médio
6115,14,79,Alto,Médio,Não,5,81,Alto,Sim,3,Alto,Médio,Público,Negativo,3,Não,Ensino Médio,Perto,Feminino,67,médio
6116,25,95,Alto,Médio,Sim,8,96,Baixo,Sim,1,Médio,Médio,Público,Neutro,4,Não,Pós-Graduação,Perto,Masculino,74,médio
6117,15,74,Alto,Alto,Não,8,60,Baixo,Sim,3,Baixo,Médio,Público,Positivo,5,Não,Ensino Médio,Moderado,Masculino,66,médio
6118,23,97,Médio,Alto,Sim,8,60,Médio,Sim,1,Médio,Alto,Público,Neutro,3,Não,Faculdade,Perto,Masculino,72,médio
6119,18,85,Alto,Baixo,Sim,4,99,Alto,Sim,0,Baixo,Médio,Privado,Neutro,4,Não,Faculdade,Perto,Masculino,69,médio
6120,19,97,Baixo,Alto,Não,9,78,Médio,Sim,0,Médio,Médio,Privado,Negativo,4,Não,Ensino Médio,Moderado,Feminino,68,médio
6121,21,90,Médio,Alto,Sim,8,74,Médio,Sim,4,Baixo,Médio,Privado,Neutro,3,Não,Ensino Médio,Perto,Masculino,71,médio
6122,15,64,Médio,Médio,Não,8,93,Médio,Sim,0,Baixo,Médio,Público,Negativo,2,Não,Ensino Médio,Perto,Feminino,61,médio
6123,21,69,Médio,Médio,Sim,10,92,Baixo,Sim,2,Baixo,Médio,Privado,Neutro,3,Não,Ensino Médio,Perto,Masculino,65,médio
6124,29,76,Médio,Alto,Sim,8,59,Médio,Sim,4,Baixo,Alto,Público,Neutro,2,Não,Pós-Graduação,Perto,Masculino,71,médio
6125,15,67,Baixo,Médio,Sim,5,59,Baixo,Sim,0,Baixo,Médio,Privado,Neutro,3,Não,Ensino Médio,Perto,Masculino,59,baixo
6126,27,80,Alto,Médio,Não,8,90,Baixo,Sim,1,Médio,Alto,Público,Neutro,3,Não,Pós-Graduação,Perto,Feminino,71,médio
6127,29,79,Médio,Alto,Não,5,89,Médio,Sim,0,Alto,Alto,Público,Neutro,3,Não,Pós-Graduação,Perto,Feminino,72,médio
6128,15,98,Alto,Alto,Sim,7,61,Médio,Sim,1,Baixo,Alto,Privado,Positivo,3,Não,Faculdade,Moderado,Feminino,71,médio
6129,11,77,Baixo,Baixo,Sim,6,92,Baixo,Sim,0,Baixo,Médio,Público,Neutro,5,Não,Ensino Médio,Perto,Masculino,61,médio
6130,22,91,Médio,Médio,Não,7,74,Médio,Sim,1,Médio,Médio,Privado,Negativo,2,Sim,Faculdade,Moderado,Feminino,67,médio
6131,17,98,Médio,Médio,Não,5,73,Baixo,Sim,0,Baixo,Alto,Público,Negativo,2,Não,Faculdade,Moderado,Masculino,67,médio
6132,31,95,Médio,Médio,Não,5,99,Médio,Sim,1,Médio,Médio,Privado,Neutro,4,Não,Ensino Médio,Perto,Feminino,74,médio
6133,20,68,Alto,Alto,Não,6,76,Baixo,Sim,2,Médio,Médio,Público,Neutro,3,Não,Ensino Médio,Perto,Feminino,66,médio
6134,15,80,Médio,Médio,Sim,7,57,Baixo,Sim,1,Baixo,Médio,Privado,Negativo,4,Não,Ensino Médio,Perto,Masculino,63,médio
6135,13,74,Médio,Médio,Não,6,64,Baixo,Sim,4,Alto,Alto,Privado,Neutro,3,Sim,Ensino Médio,Perto,Masculino,63,médio
6136,27,76,Alto,Alto,Não,9,67,Médio,Sim,1,Baixo,Médio,Público,Positivo,4,Não,Ensino Médio,Longe,Feminino,68,médio
6137,17,74,Médio,Baixo,Sim,8,98,Baixo,Sim,1,Alto,Alto,Público,Neutro,3,Não,Ensino Médio,Perto,Feminino,65,médio
6138,20,93,Médio,Baixo,Não,8,63,Médio,Sim,0,Baixo,Alto,Público,Negativo,3,Não,Ensino Médio,Moderado,Masculino,66,médio
6139,26,78,Médio,Médio,Não,6,72,Médio,Sim,1,Baixo,Médio,Privado,Neutro,3,Não,Ensino Médio,Moderado,Feminino,67,médio
6140,17,81,Médio,Médio,Não,5,87,Alto,Sim,0,Baixo,Alto,Privado,Neutro,2,Não,Faculdade,Perto,Feminino,67,médio
6141,20,99,Médio,Baixo,Sim,7,64,Alto,Sim,0,Médio,Médio,Público,Positivo,4,Não,Ensino Médio,Perto,Masculino,70,médio
6142,20,62,Baixo,Médio,Sim,10,85,Alto,Sim,5,Baixo,Médio,Privado,Neutro,4,Não,Ensino Médio,Perto,Masculino,65,médio
6143,24,80,Médio,Médio,Sim,7,60,Médio,Sim,1,Alto,Alto,Público,Positivo,3,Não,Ensino Médio,Moderado,Feminino,68,médio
6144,24,91,Médio,Alto,Sim,9,62,Baixo,Sim,3,Baixo,Médio,Público,Negativo,4,Não,Faculdade,Moderado,Masculino,70,médio
6145,19,66,Alto,Baixo,Não,9,99,Médio,Sim,1,Médio,Médio,Público,Positivo,3,Não,Faculdade,Perto,Masculino,66,médio
6146,20,84,Alto,Médio,Sim,8,68,Médio,Sim,0,Baixo,Médio,Privado,Positivo,4,Não,Pós-Graduação,Perto,Masculino,69,médio
6147,18,70,Médio,Médio,Não,7,86,Médio,Sim,1,Alto,Médio,Público,Positivo,2,Não,Ensino Médio,Perto,Feminino,65,médio
6148,11,95,Médio,Médio,Sim,6,92,Médio,Não,2,Médio,Baixo,Público,Neutro,3,Não,Pós-Graduação,Moderado,Feminino,68,médio
6149,22,73,Baixo,Médio,Sim,7,67,Médio,Sim,3,Alto,Médio,Privado,Positivo,2,Não,Ensino Médio,Longe,Masculino,65,médio
6150,31,73,Médio,Alto,Sim,6,68,Alto,Sim,1,Médio,Médio,Público,Positivo,3,Não,Ensino Médio,Perto,Feminino,70,médio
6151,15,84,Baixo,Baixo,Sim,7,89,Alto,Sim,1,Baixo,Alto,Público,Neutro,3,Não,Ensino Médio,Perto,Feminino,65,médio
6152,15,67,Alto,Médio,Sim,5,80,Alto,Sim,3,Médio,Alto,Público,Neutro,4,Não,Faculdade,Perto,Masculino,67,médio
6153,15,71,Alto,Baixo,Não,6,68,Baixo,Não,5,Baixo,Médio,Público,Positivo,4,Não,Faculdade,Perto,Feminino,64,médio
6154,24,77,Médio,Médio,Não,8,87,Alto,Sim,2,Baixo,Médio,Público,Positivo,1,Sim,Pós-Graduação,Moderado,Feminino,68,médio
6155,23,74,Médio,Alto,Sim,6,93,Médio,Sim,4,Alto,Médio,Privado,Neutro,3,Não,Ensino Médio,Perto,Feminino,70,médio
6156,19,81,Baixo,Alto,Sim,6,62,Médio,Não,1,Médio,Baixo,Público,Negativo,3,Não,Ensino Médio,Moderado,Feminino,64,médio
6157,14,84,Alto,Médio,Não,6,51,Baixo,Sim,4,Alto,Médio,Público,Neutro,3,Não,Ensino Médio,Perto,Masculino,67,médio
6158,21,83,Alto,Alto,Não,7,64,Médio,Sim,2,Médio,Baixo,Privado,Neutro,2,Não,Ensino Médio,Perto,Masculino,68,médio
6159,11,86,Médio,Médio,Sim,4,84,Médio,Sim,5,Baixo,Alto,Público,Neutro,4,Sim,Ensino Médio,Perto,Masculino,67,médio
6160,21,72,Médio,Baixo,Sim,6,96,Baixo,Sim,4,Alto,Médio,Público,Positivo,2,Sim,Faculdade,Moderado,Feminino,66,médio
6161,25,65,Médio,Alto,Sim,8,93,Baixo,Não,2,Médio,Médio,Público,Negativo,3,Não,Faculdade,Moderado,Feminino,66,médio
6162,12,90,Médio,Baixo,Sim,7,61,Médio,Sim,2,Baixo,Alto,Privado,Positivo,2,Não,Ensino Médio,Perto,Masculino,66,médio
6163,11,94,Baixo,Baixo,Sim,8,94,Médio,Sim,2,Baixo,Médio,Público,Positivo,2,Não,Faculdade,Perto,Masculino,67,médio
6164,29,70,Médio,Médio,Sim,4,91,Baixo,Sim,2,Baixo,Médio,Público,Positivo,3,Não,Faculdade,Perto,Masculino,69,médio
6165,16,76,Baixo,Médio,Não,6,87,Médio,Sim,3,Baixo,Médio,Privado,Neutro,4,Não,Faculdade,Perto,Feminino,65,médio
6166,27,80,Baixo,Baixo,Sim,7,84,Baixo,Sim,4,Baixo,Médio,Público,Positivo,3,Não,Faculdade,Moderado,Masculino,68,médio
6167,19,81,Baixo,Alto,Não,8,90,Médio,Sim,2,Baixo,Médio,Privado,Neutro,3,Não,Ensino Médio,Perto,Feminino,67,médio
6168,19,86,Médio,Médio,Sim,9,93,Baixo,Sim,1,Baixo,Alto,Público,Positivo,3,Não,Faculdade,Perto,Masculino,69,médio
6169,23,62,Médio,Médio,Não,8,91,Alto,Não,3,Alto,Baixo,Público,Neutro,3,Não,Ensino Médio,Moderado,Masculino,64,médio
6170,15,89,Médio,Médio,Não,6,56,Baixo,Sim,2,Médio,Médio,Público,Positivo,4,Não,Faculdade,Perto,Masculino,67,médio
6171,21,62,Alto,Médio,Não,6,86,Médio,Sim,2,Médio,Alto,Privado,Positivo,4,Não,Ensino Médio,Perto,Feminino,67,médio
6172,18,79,Médio,Alto,Não,9,92,Baixo,Sim,1,Baixo,Médio,Privado,Neutro,3,Não,Faculdade,Perto,Masculino,67,médio
6173,12,93,Médio,Alto,Não,6,59,Médio,Sim,2,Baixo,Médio,Privado,Positivo,3,Não,Ensino Médio,Moderado,Feminino,67,médio
6174,22,78,Médio,Alto,Sim,5,61,Baixo,Sim,2,Baixo,Médio,Público,Neutro,4,Não,Faculdade,Perto,Masculino,68,médio
6175,18,66,Médio,Médio,Sim,7,89,Alto,Sim,4,Baixo,Médio,Público,Positivo,3,Sim,Ensino Médio,Perto,Masculino,65,médio
6176,19,99,Baixo,Alto,Não,9,67,Baixo,Sim,3,Alto,Médio,Público,Neutro,1,Não,Faculdade,Moderado,Masculino,70,médio
6177,13,96,Médio,Médio,Não,6,70,Médio,Sim,1,Baixo,Alto,Público,Neutro,3,Não,Faculdade,Perto,Feminino,68,médio
6178,30,91,Alto,Baixo,Sim,6,69,Médio,Sim,2,Médio,Alto,Público,Negativo,4,Não,Ensino Médio,Moderado,Feminino,72,médio
6179,25,76,Médio,Alto,Não,6,61,Médio,Sim,1,Médio,Médio,Público,Neutro,3,Não,Pós-Graduação,Longe,Masculino,67,médio
6180,26,67,Alto,Baixo,Sim,8,97,Médio,Sim,2,Médio,Médio,Público,Neutro,0,Não,Ensino Médio,Moderado,Feminino,66,médio
6181,18,98,Baixo,Baixo,Sim,7,90,Baixo,Sim,0,Alto,Alto,Privado,Positivo,1,Não,Ensino Médio,Moderado,Masculino,68,médio
6182,10,81,Médio,Alto,Não,8,63,Médio,Sim,1,Baixo,Baixo,Público,Neutro,2,Não,Ensino Médio,Perto,Masculino,64,médio
6183,32,94,Médio,Alto,Sim,9,55,Alto,Sim,4,Médio,Médio,Privado,Positivo,2,Sim,Ensino Médio,Perto,Masculino,75,médio
6184,20,74,Alto,Baixo,Sim,5,69,Alto,Sim,1,Médio,Médio,Público,Positivo,4,Não,Faculdade,Moderado,Feminino,66,médio
6185,16,73,Alto,Alto,Sim,6,71,Médio,Sim,0,Baixo,Médio,Público,Positivo,4,Não,Pós-Graduação,Perto,Masculino,67,médio
6186,23,99,Alto,Alto,Não,6,50,Médio,Não,1,Alto,Médio,Privado,Neutro,5,Sim,Ensino Médio,Perto,Masculino,71,médio
6187,27,81,Baixo,Alto,Não,7,94,Baixo,Sim,0,Baixo,Médio,Público,Neutro,4,Não,Faculdade,Moderado,Masculino,68,médio
6188,20,66,Médio,Médio,Sim,8,93,Médio,Sim,2,Baixo,Alto,Público,Neutro,3,Não,Ensino Médio,Perto,Masculino,65,médio
6189,28,69,Baixo,Alto,Sim,6,93,Baixo,Sim,0,Alto,Baixo,Público,Negativo,3,Não,Faculdade,Perto,Masculino,67,médio
6190,26,79,Baixo,Alto,Sim,6,90,Baixo,Não,0,Alto,Médio,Privado,Negativo,2,Sim,Faculdade,Moderado,Masculino,66,médio
6191,14,62,Baixo,Médio,Não,8,87,Médio,Sim,1,Médio,Médio,Público,Positivo,1,Não,Ensino Médio,Moderado,Masculino,60,baixo
6192,16,79,Médio,Médio,Não,8,82,Baixo,Sim,2,Baixo,Médio,Privado,Neutro,3,Sim,Pós-Graduação,Moderado,Feminino,64,médio
6193,26,77,Médio,Médio,Sim,7,98,Baixo,Sim,0,Alto,Médio,Público,Neutro,1,Não,Pós-Graduação,Perto,Masculino,69,médio
6194,4,91,Médio,Médio,Não,4,86,Baixo,Sim,3,Baixo,Médio,Privado,Neutro,4,Sim,Faculdade,Moderado,Masculino,64,médio
6195,19,74,Médio,Alto,Não,9,82,Alto,Sim,2,Baixo,Médio,Privado,Neutro,3,Não,Ensino Médio,Moderado,Masculino,66,médio
6196,11,99,Alto,Médio,Sim,7,89,Alto,Sim,3,Baixo,Médio,Público,Positivo,3,Não,Faculdade,Perto,Masculino,72,médio
6197,17,67,Baixo,Baixo,Sim,7,62,Médio,Sim,0,Baixo,Médio,Público,Positivo,4,Não,Ensino Médio,Moderado,Feminino,60,baixo
6198,18,84,Baixo,Alto,Sim,6,98,Baixo,Sim,3,Médio,Médio,Público,Positivo,3,Não,Ensino Médio,Perto,Masculino,69,médio
6199,18,64,Médio,Médio,Sim,6,51,Médio,Sim,2,Baixo,Médio,Público,Positivo,1,Não,Ensino Médio,Perto,Feminino,62,médio
6200,17,89,Médio,Médio,Sim,6,82,Médio,Sim,3,Médio,Médio,Privado,Positivo,3,Não,Faculdade,Perto,Feminino,70,médio
6201,13,100,Baixo,Baixo,Sim,4,54,Baixo,Sim,3,Baixo,Baixo,Público,Positivo,2,Não,Ensino Médio,Perto,Feminino,65,médio
6202,34,93,Alto,Médio,Sim,6,93,Alto,Sim,2,Baixo,Alto,Público,Neutro,4,Não,Ensino Médio,Perto,Masculino,77,médio
6203,31,82,Médio,Alto,Sim,5,98,Médio,Sim,0,Baixo,Baixo,Público,Neutro,3,Não,Ensino Médio,Perto,Masculino,71,médio
6204,13,79,Médio,Alto,Não,7,70,Alto,Sim,4,Baixo,Médio,Público,Positivo,3,Sim,Ensino Médio,Perto,Feminino,66,médio
6205,29,93,Médio,Médio,Não,5,93,Médio,Sim,2,Baixo,Médio,Público,Positivo,3,Não,Pós-Graduação,Perto,Feminino,74,médio
6206,18,97,Médio,Alto,Não,8,67,Médio,Sim,1,Médio,Alto,Público,Neutro,3,Não,Ensino Médio,Perto,Masculino,70,médio
6207,21,100,Médio,Médio,Não,5,58,Médio,Sim,2,Médio,Médio,Privado,Neutro,2,Não,Ensino Médio,Moderado,Masculino,69,médio
6208,20,76,Médio,Médio,Não,9,64,Baixo,Sim,2,Baixo,Médio,Público,Negativo,2,Não,Faculdade,Moderado,Masculino,64,médio
6209,16,100,Médio,Médio,Sim,8,65,Alto,Sim,1,Alto,Médio,Público,Positivo,2,Sim,Faculdade,Moderado,Feminino,69,médio
6210,26,66,Alto,Alto,Sim,5,82,Médio,Sim,1,Baixo,Médio,Público,Neutro,3,Não,Ensino Médio,Perto,Feminino,68,médio
6211,21,70,Médio,Baixo,Sim,7,90,Médio,Não,1,Baixo,Médio,Público,Neutro,4,Não,Ensino Médio,Moderado,Masculino,63,médio
6212,17,64,Médio,Médio,Sim,6,60,Médio,Sim,1,Médio,Médio,Privado,Positivo,2,Sim,Ensino Médio,Perto,Masculino,61,médio
6213,12,71,Médio,Médio,Não,8,54,Médio,Sim,0,Baixo,Baixo,Público,Positivo,5,Não,Faculdade,Perto,Masculino,61,médio
6214,15,91,Médio,Baixo,Sim,10,61,Médio,Sim,0,Baixo,Alto,Público,Neutro,4,Não,Ensino Médio,Moderado,Masculino,65,médio
6215,10,94,Médio,Alto,Não,9,65,Médio,Sim,3,Baixo,Baixo,Privado,Negativo,2,Não,Ensino Médio,Moderado,Feminino,65,médio
6216,20,91,Alto,Médio,Sim,6,64,Alto,Sim,0,Alto,Médio,Privado,Positivo,3,Sim,Ensino Médio,Moderado,Feminino,69,médio
6217,13,85,Alto,Alto,Sim,7,61,Alto,Sim,3,Médio,Alto,Público,Positivo,2,Não,Ensino Médio,Moderado,Feminino,69,médio
6218,18,81,Baixo,Médio,Não,9,73,Médio,Sim,1,Alto,Médio,Público,Negativo,2,Não,Ensino Médio,Perto,Masculino,65,médio
6219,28,88,Baixo,Alto,Sim,8,93,Médio,Sim,3,Baixo,Médio,Público,Negativo,1,Não,Pós-Graduação,Moderado,Feminino,72,médio
6220,27,76,Alto,Alto,Sim,9,55,Médio,Sim,3,Baixo,Médio,Privado,Neutro,0,Não,Ensino Médio,Moderado,Feminino,69,médio
6221,20,94,Alto,Médio,Sim,8,93,Baixo,Sim,1,Médio,Médio,Público,Neutro,3,Não,Faculdade,Moderado,Feminino,71,médio
6222,19,87,Médio,Médio,Sim,7,75,Médio,Sim,2,Baixo,Baixo,Público,Negativo,3,Não,Ensino Médio,Moderado,Feminino,67,médio
6223,31,88,Médio,Alto,Não,7,83,Médio,Sim,0,Baixo,Médio,Privado,Neutro,2,Não,Ensino Médio,Perto,Masculino,72,médio
6224,23,81,Alto,Alto,Não,5,91,Baixo,Sim,0,Alto,Alto,Público,Positivo,3,Sim,Ensino Médio,Perto,Feminino,70,médio
6225,18,95,Baixo,Médio,Sim,6,65,Alto,Sim,1,Baixo,Alto,Público,Negativo,3,Não,Ensino Médio,Perto,Feminino,68,médio
6226,11,70,Médio,Médio,Não,6,98,Médio,Sim,3,Alto,Médio,Privado,Neutro,4,Não,Pós-Graduação,Perto,Feminino,66,médio
6227,22,75,Médio,Alto,Não,6,54,Baixo,Sim,4,Baixo,Alto,Público,Positivo,4,Não,Ensino Médio,Perto,Masculino,68,médio
6228,25,91,Alto,Baixo,Sim,7,76,Baixo,Sim,1,Baixo,Alto,Privado,Positivo,3,Não,Faculdade,Perto,Feminino,71,médio
6229,16,80,Baixo,Médio,Sim,7,63,Alto,Sim,2,Baixo,Médio,Privado,Neutro,3,Não,Ensino Médio,Longe,Masculino,63,médio
6230,22,96,Médio,Alto,Não,7,70,Médio,Não,2,Médio,Médio,Privado,Negativo,4,Não,Faculdade,Moderado,Masculino,70,médio
6231,18,74,Médio,Alto,Não,8,72,Alto,Sim,1,Baixo,Alto,Público,Negativo,2,Não,Faculdade,Moderado,Masculino,65,médio
6232,19,75,Alto,Alto,Sim,6,96,Médio,Sim,2,Médio,Médio,Público,Positivo,4,Não,Ensino Médio,Perto,Feminino,70,médio
6233,5,96,Médio,Baixo,Sim,8,72,Baixo,Sim,3,Médio,Médio,Público,Negativo,5,Não,Ensino Médio,Perto,Masculino,65,médio
6234,19,79,Alto,Alto,Sim,9,85,Médio,Sim,0,Médio,Médio,Público,Positivo,2,Não,Ensino Médio,Moderado,Masculino,68,médio
6235,26,81,Alto,Médio,Sim,8,98,Baixo,Sim,1,Médio,Baixo,Privado,Neutro,2,Sim,Ensino Médio,Perto,Feminino,69,médio
6236,16,73,Médio,Médio,Sim,6,75,Alto,Sim,3,Médio,Médio,Público,Positivo,3,Não,Ensino Médio,Moderado,Feminino,66,médio
6237,20,71,Baixo,Médio,Não,8,70,Médio,Sim,0,Médio,Alto,Privado,Neutro,3,Não,Ensino Médio,Longe,Feminino,62,médio
6238,15,86,Médio,Alto,Não,8,99,Alto,Sim,2,Médio,Médio,Público,Neutro,5,Não,Ensino Médio,Perto,Masculino,70,médio
6239,22,65,Alto,Baixo,Não,8,91,Médio,Sim,2,Alto,Médio,Público,Negativo,2,Não,Faculdade,Moderado,Feminino,65,médio
6240,19,95,Baixo,Alto,Sim,9,97,Baixo,Sim,0,Médio,Médio,Público,Neutro,2,Não,Pós-Graduação,Perto,Masculino,71,médio
6241,14,91,Médio,Alto,Sim,8,70,Médio,Sim,2,Baixo,Médio,Privado,Neutro,0,Não,Pós-Graduação,Moderado,Masculino,68,médio
6242,28,68,Baixo,Baixo,Sim,9,85,Médio,Sim,0,Médio,Médio,Público,Negativo,3,Não,Pós-Graduação,Perto,Masculino,65,médio
6243,26,88,Baixo,Alto,Sim,7,62,Alto,Não,1,Alto,Alto,Privado,Positivo,2,Não,Ensino Médio,Perto,Feminino,70,médio
6244,16,84,Médio,Alto,Sim,6,93,Médio,Sim,0,Alto,Médio,Público,Positivo,3,Não,Ensino Médio,Moderado,Masculino,69,médio
6245,23,67,Médio,Baixo,Sim,9,97,Médio,Sim,1,Médio,Médio,Privado,Positivo,3,Não,Faculdade,Moderado,Masculino,66,médio
6246,23,71,Médio,Médio,Sim,6,63,Baixo,Sim,1,Baixo,Alto,Público,Positivo,5,Não,Ensino Médio,Moderado,Masculino,66,médio
6247,24,76,Alto,Médio,Não,10,55,Baixo,Sim,2,Baixo,Médio,Público,Positivo,4,Não,Ensino Médio,Perto,Masculino,67,médio
6248,10,88,Baixo,Médio,Não,9,60,Médio,Sim,1,Baixo,Médio,Público,Positivo,3,Não,Ensino Médio,Moderado,Feminino,63,médio
6249,26,86,Baixo,Alto,Sim,7,82,Médio,Sim,2,Baixo,Médio,Privado,Positivo,3,Não,Ensino Médio,Moderado,Feminino,70,médio
6250,17,81,Alto,Médio,Não,9,64,Médio,Sim,0,Alto,Médio,Público,Positivo,3,Sim,Ensino Médio,Longe,Masculino,65,médio
6251,18,91,Médio,Alto,Não,8,82,Médio,Sim,3,Médio,Médio,Privado,Positivo,2,Não,Ensino Médio,Moderado,Masculino,70,médio
6252,36,90,Médio,Alto,Sim,5,68,Baixo,Sim,1,Baixo,Alto,Público,Positivo,2,Não,Ensino Médio,Moderado,Masculino,74,médio
6253,22,85,Alto,Médio,Sim,6,96,Médio,Sim,0,Baixo,Médio,Público,Neutro,3,Não,Ensino Médio,Moderado,Feminino,69,médio
6254,18,91,Alto,Médio,Não,7,73,Baixo,Sim,0,Baixo,Médio,Público,Negativo,4,Não,Faculdade,Perto,Masculino,68,médio
6255,7,73,Médio,Médio,Sim,7,75,Médio,Sim,1,Alto,Alto,Privado,Positivo,3,Não,Faculdade,Perto,Masculino,64,médio
6256,28,95,Alto,Médio,Não,9,67,Baixo,Sim,2,Médio,Médio,Público,Neutro,3,Não,Ensino Médio,Perto,Masculino,73,médio
6257,12,85,Médio,Médio,Sim,7,54,Médio,Sim,4,Baixo,Alto,Público,Positivo,3,Não,Faculdade,Moderado,Masculino,66,médio
6258,14,93,Médio,Baixo,Sim,5,75,Baixo,Sim,0,Médio,Alto,Público,Negativo,3,Não,Ensino Médio,Moderado,Masculino,65,médio
6259,18,82,Alto,Baixo,Sim,6,89,Alto,Sim,0,Médio,Médio,Privado,Positivo,1,Sim,Faculdade,Moderado,Masculino,66,médio
6260,28,69,Médio,Baixo,Não,8,98,Médio,Sim,0,Médio,Médio,Público,Positivo,5,Não,Ensino Médio,Perto,Masculino,67,médio
6261,25,82,Médio,Alto,Não,4,54,Médio,Sim,0,Médio,Médio,Público,Neutro,3,Não,Ensino Médio,Perto,Masculino,67,médio
6262,19,75,Médio,Médio,Sim,5,90,Alto,Sim,0,Médio,Médio,Privado,Negativo,3,Não,Pós-Graduação,Perto,Feminino,66,médio
6263,22,88,Médio,Baixo,Sim,6,63,Baixo,Sim,3,Baixo,Médio,Público,Positivo,3,Não,Pós-Graduação,Perto,Masculino,69,médio
6264,16,79,Médio,Médio,Sim,8,91,Médio,Sim,4,Alto,Médio,Privado,Positivo,1,Não,Pós-Graduação,Perto,Masculino,69,médio
6265,21,93,Médio,Baixo,Não,7,67,Alto,Sim,2,Baixo,Médio,Público,Neutro,3,Não,Faculdade,Longe,Feminino,68,médio
6266,20,87,Baixo,Baixo,Não,8,56,Médio,Não,1,Alto,Médio,Público,Negativo,1,Não,Faculdade,Perto,Feminino,64,médio
6267,26,87,Médio,Médio,Sim,7,81,Médio,Sim,1,Alto,Médio,Público,Negativo,2,Não,Ensino Médio,Perto,Masculino,70,médio
6268,26,69,Médio,Médio,Não,7,95,Médio,Sim,1,Baixo,Médio,Público,Negativo,4,Não,Pós-Graduação,Perto,Feminino,67,médio
6269,23,99,Baixo,Baixo,Não,6,59,Médio,Sim,1,Médio,Médio,Público,Positivo,3,Não,Ensino Médio,Longe,Masculino,68,médio
6270,18,94,Médio,Médio,Sim,8,51,Médio,Sim,0,Alto,Médio,Público,Positivo,3,Sim,Faculdade,Moderado,Feminino,67,médio
6271,24,92,Alto,Médio,Sim,5,94,Baixo,Sim,1,Médio,Médio,Público,Neutro,2,Não,Pós-Graduação,Perto,Feminino,73,médio
6272,19,73,Médio,Médio,Sim,7,85,Médio,Sim,1,Médio,Médio,Público,Neutro,3,Não,Ensino Médio,Longe,Masculino,65,médio
6273,14,81,Médio,Alto,Não,9,90,Médio,Sim,3,Alto,Alto,Público,Neutro,3,Não,Pós-Graduação,Perto,Masculino,69,médio
6274,18,65,Médio,Médio,Sim,6,53,Médio,Sim,1,Médio,Médio,Privado,Positivo,3,Sim,Pós-Graduação,Perto,Masculino,63,médio
6275,21,82,Médio,Médio,Não,5,95,Médio,Sim,3,Baixo,Baixo,Público,Positivo,4,Não,Ensino Médio,Perto,Feminino,68,médio
6276,25,66,Médio,Alto,Não,4,71,Alto,Sim,0,Médio,Médio,Público,Negativo,3,Sim,Ensino Médio,Perto,Feminino,64,médio
6277,19,82,Baixo,Alto,Não,8,95,Médio,Sim,2,Baixo,Alto,Público,Neutro,4,Sim,Pós-Graduação,Moderado,Feminino,68,médio
6278,13,86,Médio,Alto,Sim,8,53,Médio,Sim,2,Baixo,Alto,Público,Positivo,4,Não,Ensino Médio,Longe,Masculino,66,médio
6279,20,76,Médio,Médio,Não,6,94,Baixo,Sim,2,Baixo,Alto,Público,Neutro,3,Sim,Ensino Médio,Moderado,Masculino,65,médio
6280,21,80,Médio,Médio,Sim,5,84,Baixo,Sim,4,Baixo,Médio,Privado,Neutro,2,Não,Pós-Graduação,Perto,Feminino,69,médio
6281,21,95,Baixo,Médio,Não,7,78,Alto,Sim,2,Baixo,Alto,Público,Neutro,2,Sim,Ensino Médio,Perto,Masculino,69,médio
6282,26,64,Baixo,Alto,Sim,9,53,Médio,Não,2,Baixo,Alto,Público,Negativo,4,Não,Faculdade,Perto,Masculino,64,médio
6283,26,92,Alto,Alto,Não,5,84,Alto,Sim,0,Médio,Alto,Público,Neutro,2,Não,Pós-Graduação,Perto,Masculino,74,médio
6284,16,67,Alto,Médio,Não,9,80,Médio,Sim,1,Baixo,Alto,Público,Neutro,3,Não,Ensino Médio,Perto,Feminino,64,médio
6285,16,61,Médio,Baixo,Não,4,86,Médio,Sim,3,Médio,Alto,Público,Positivo,4,Não,Ensino Médio,Perto,Feminino,63,médio
6286,14,67,Alto,Médio,Sim,5,86,Médio,Não,0,Alto,Médio,Público,Positivo,4,Não,Faculdade,Moderado,Feminino,64,médio
6287,24,91,Médio,Médio,Sim,7,72,Médio,Sim,3,Médio,Alto,Público,Neutro,3,Não,Ensino Médio,Moderado,Masculino,71,médio
6288,29,76,Baixo,Alto,Sim,8,60,Médio,Sim,2,Médio,Médio,Público,Negativo,3,Não,Ensino Médio,Perto,Feminino,68,médio
6289,18,95,Médio,Médio,Sim,9,96,Baixo,Sim,4,Médio,Médio,Público,Negativo,4,Não,Faculdade,Perto,Feminino,72,médio
6290,19,81,Médio,Baixo,Sim,8,96,Alto,Sim,1,Baixo,Médio,Privado,Negativo,4,Não,Pós-Graduação,Perto,Masculino,67,médio
6291,29,61,Médio,Alto,Não,9,61,Médio,Sim,0,Baixo,Médio,Privado,Negativo,3,Não,Ensino Médio,Perto,Masculino,64,médio
6292,23,89,Médio,Baixo,Não,7,82,Médio,Sim,2,Alto,Alto,Público,Positivo,1,Não,Faculdade,Perto,Masculino,70,médio
6293,23,64,Alto,Médio,Sim,6,60,Baixo,Sim,2,Médio,Médio,Público,Negativo,3,Não,Faculdade,Perto,Feminino,65,médio
6294,13,92,Alto,Médio,Não,9,93,Alto,Sim,2,Alto,Médio,Público,Negativo,2,Não,Faculdade,Moderado,Masculino,69,médio
6295,24,67,Alto,Médio,Não,9,55,Alto,Sim,2,Baixo,Baixo,Público,Positivo,2,Não,Faculdade,Moderado,Masculino,65,médio
6296,14,74,Alto,Médio,Não,8,100,Médio,Sim,1,Baixo,Médio,Público,Neutro,3,Não,Faculdade,Perto,Masculino,66,médio
6297,13,90,Alto,Médio,Não,8,81,Médio,Sim,0,Médio,Médio,Público,Positivo,3,Não,Ensino Médio,Moderado,Feminino,67,médio
6298,18,98,Médio,Baixo,Não,9,51,Médio,Sim,1,Alto,Médio,Público,Neutro,4,Não,Faculdade,Perto,Masculino,68,médio
6299,16,75,Médio,Médio,Sim,8,94,Médio,Sim,0,Médio,Médio,Privado,Positivo,3,Não,Ensino Médio,Moderado,Masculino,65,médio
6300,19,93,Médio,Médio,Não,7,84,Alto,Não,0,Médio,Baixo,Público,Neutro,2,Não,Faculdade,Perto,Masculino,68,médio
6301,11,68,Médio,Alto,Sim,8,85,Alto,Não,2,Médio,Médio,Público,Negativo,2,Não,Faculdade,Perto,Masculino,63,médio
6302,26,92,Médio,Médio,Não,8,64,Médio,Sim,1,Médio,Médio,Privado,Positivo,5,Não,Ensino Médio,Perto,Masculino,71,médio
6303,27,86,Alto,Médio,Não,8,67,Médio,Sim,1,Baixo,Médio,Público,Positivo,4,Não,Faculdade,Perto,Masculino,71,médio
6304,8,68,Alto,Médio,Sim,7,96,Médio,Sim,2,Baixo,Alto,Público,Positivo,3,Não,Pós-Graduação,Perto,Feminino,65,médio
6305,26,72,Médio,Baixo,Não,8,82,Médio,Sim,2,Médio,Baixo,Público,Negativo,2,Não,Pós-Graduação,Longe,Feminino,65,médio
6306,15,65,Médio,Baixo,Sim,8,51,Médio,Sim,1,Alto,Médio,Público,Positivo,3,Não,Ensino Médio,Moderado,Feminino,61,médio
6307,25,75,Alto,Alto,Sim,7,66,Baixo,Sim,0,Baixo,Alto,Público,Negativo,4,Não,Ensino Médio,Perto,Masculino,68,médio
6308,20,68,Baixo,Médio,Sim,6,80,Baixo,Sim,4,Baixo,Médio,Privado,Neutro,4,Não,Faculdade,Perto,Feminino,65,médio
6309,20,86,Baixo,Médio,Não,9,57,Médio,Sim,0,Médio,Alto,Público,Positivo,4,Não,Ensino Médio,Moderado,Masculino,66,médio
6310,19,100,Alto,Baixo,Sim,5,55,Baixo,Sim,2,Baixo,Médio,Público,Positivo,4,Não,Ensino Médio,Moderado,Masculino,69,médio
6311,27,60,Alto,Alto,Não,6,53,Baixo,Sim,3,Baixo,Baixo,Privado,Positivo,2,Não,Ensino Médio,Moderado,Feminino,65,médio
6312,13,82,Médio,Alto,Não,7,82,Médio,Sim,1,Baixo,Baixo,Público,Positivo,3,Não,Ensino Médio,Perto,Feminino,65,médio
6313,24,83,Alto,Médio,Não,4,66,Alto,Sim,2,Médio,Alto,Privado,Positivo,4,Sim,Pós-Graduação,Moderado,Masculino,70,médio
6314,27,97,Médio,Médio,Não,9,69,Médio,Sim,1,Baixo,Médio,Privado,Neutro,2,Não,Ensino Médio,Moderado,Feminino,70,médio
6315,24,80,Médio,Médio,Sim,7,53,Médio,Sim,2,Baixo,Médio,Público,Positivo,4,Sim,Ensino Médio,Perto,Feminino,67,médio
6316,34,82,Médio,Alto,Sim,9,87,Alto,Sim,3,Baixo,Médio,Público,Positivo,4,Não,Ensino Médio,Perto,Feminino,75,médio
6317,17,79,Baixo,Baixo,Sim,10,88,Baixo,Sim,3,Médio,Alto,Privado,Neutro,3,Não,Ensino Médio,Moderado,Feminino,65,médio
6318,26,71,Médio,Médio,Sim,7,91,Médio,Não,2,Baixo,Médio,Privado,Neutro,3,Não,Ensino Médio,Moderado,Feminino,66,médio
6319,19,62,Alto,Médio,Sim,9,83,Alto,Sim,2,Médio,Médio,Público,Positivo,3,Não,Faculdade,Perto,Masculino,67,médio
6320,27,76,Baixo,Médio,Sim,5,89,Baixo,Sim,0,Baixo,Médio,Privado,Positivo,4,Não,Pós-Graduação,Longe,Masculino,67,médio
6321,20,62,Baixo,Médio,Não,8,79,Alto,Sim,2,Baixo,Médio,Público,Positivo,1,Não,Ensino Médio,Perto,Feminino,62,médio
6322,18,82,Médio,Médio,Sim,6,75,Médio,Sim,0,Baixo,Médio,Privado,Negativo,4,Não,Faculdade,Perto,Masculino,66,médio
6323,28,72,Baixo,Alto,Não,8,63,Baixo,Sim,1,Baixo,Alto,Público,Neutro,2,Não,Ensino Médio,Perto,Masculino,66,médio
6324,17,81,Alto,Baixo,Sim,8,53,Alto,Sim,0,Médio,Médio,Público,Neutro,2,Não,Ensino Médio,Longe,Masculino,64,médio
6325,12,65,Baixo,Médio,Não,7,65,Médio,Sim,2,Médio,Médio,Público,Neutro,2,Não,Ensino Médio,Perto,Masculino,60,baixo
6326,17,97,Médio,Médio,Sim,8,84,Médio,Não,3,Baixo,Baixo,Privado,Neutro,3,Não,Pós-Graduação,Perto,Feminino,70,médio
6327,24,96,Médio,Médio,Não,8,96,Médio,Sim,2,Baixo,Baixo,Público,Positivo,3,Não,Faculdade,Perto,Feminino,72,médio
6328,28,68,Alto,Médio,Sim,7,63,Médio,Sim,0,Baixo,Alto,Público,Negativo,2,Não,Faculdade,Perto,Masculino,67,médio
6329,21,74,Médio,Alto,Sim,10,83,Baixo,Sim,1,Alto,Médio,Público,Neutro,3,Não,Ensino Médio,Moderado,Feminino,67,médio
6330,28,85,Médio,Médio,Sim,7,74,Médio,Sim,1,Médio,Alto,Público,Positivo,3,Não,Pós-Graduação,Perto,Feminino,72,médio
6331,12,64,Alto,Alto,Sim,9,81,Médio,Não,1,Alto,Alto,Público,Neutro,3,Não,Ensino Médio,Moderado,Masculino,63,médio
6332,17,74,Baixo,Médio,Não,9,50,Médio,Sim,0,Baixo,Alto,Público,Negativo,2,Não,Ensino Médio,Longe,Feminino,60,baixo
6333,18,70,Médio,Médio,Sim,4,56,Médio,Sim,1,Alto,Alto,Público,Neutro,4,Não,Ensino Médio,Perto,Masculino,65,médio
6334,19,97,Alto,Médio,Sim,9,61,Alto,Sim,2,Médio,Alto,Público,Neutro,1,Não,Pós-Graduação,Moderado,Masculino,72,médio
6335,21,94,Médio,Alto,Não,9,95,Baixo,Sim,0,Médio,Alto,Privado,Negativo,3,Não,Ensino Médio,Perto,Masculino,70,médio
6336,24,83,Alto,Médio,Sim,7,52,Alto,Sim,1,Médio,Alto,Público,Positivo,4,Não,Faculdade,Perto,Feminino,71,médio
6337,17,81,Baixo,Médio,Sim,8,78,Baixo,Sim,1,Baixo,Alto,Privado,Positivo,4,Não,Faculdade,Moderado,Masculino,66,médio
6338,21,97,Baixo,Médio,Sim,8,96,Alto,Sim,2,Baixo,Alto,Público,Positivo,4,Não,Faculdade,Moderado,Feminino,72,médio
6339,20,97,Baixo,Médio,Sim,9,83,Alto,Sim,3,Médio,Alto,Público,Positivo,3,Não,Pós-Graduação,Perto,Feminino,73,médio
6340,14,99,Alto,Médio,Sim,6,74,Médio,Sim,2,Médio,Médio,Público,Neutro,3,Não,Faculdade,Perto,Masculino,71,médio
6341,19,65,Alto,Baixo,Não,9,69,Médio,Sim,4,Baixo,Alto,Público,Neutro,2,Não,Faculdade,Longe,Masculino,64,médio
6342,19,66,Médio,Alto,Sim,5,81,Médio,Sim,1,Alto,Médio,Privado,Positivo,3,Não,Faculdade,Moderado,Masculino,66,médio
6343,19,87,Médio,Médio,Não,4,74,Alto,Sim,1,Alto,Médio,Público,Positivo,3,Não,Faculdade,Perto,Masculino,69,médio
6344,20,82,Baixo,Médio,Não,8,85,Baixo,Sim,1,Médio,Alto,Privado,Neutro,3,Sim,Pós-Graduação,Perto,Feminino,66,médio
6345,20,61,Médio,Alto,Não,9,81,Médio,Sim,0,Alto,Alto,Público,Neutro,2,Sim,Ensino Médio,Perto,Masculino,63,médio
6346,17,62,Médio,Médio,Sim,7,78,Médio,Sim,0,Médio,Alto,Público,Negativo,3,Não,Ensino Médio,Perto,Masculino,62,médio
6347,28,96,Alto,Baixo,Sim,4,98,Alto,Sim,1,Alto,Alto,Público,Positivo,3,Não,Ensino Médio,Perto,Masculino,98,alto
6348,13,95,Alto,Alto,Sim,5,92,Baixo,Sim,1,Médio,Médio,Privado,Positivo,2,Não,Faculdade,Perto,Feminino,71,médio
6349,16,74,Alto,Médio,Não,8,80,Médio,Sim,0,Baixo,Médio,Público,Positivo,4,Não,Pós-Graduação,Perto,Feminino,66,médio
6350,37,96,Médio,Médio,Não,7,77,Médio,Sim,2,Médio,Médio,Público,Positivo,3,Não,Ensino Médio,Moderado,Feminino,75,médio
6351,14,84,Alto,Médio,Sim,9,86,Alto,Sim,1,Baixo,Médio,Privado,Positivo,4,Não,Ensino Médio,Perto,Feminino,68,médio
6352,12,92,Alto,Médio,Não,7,90,Médio,Sim,2,Médio,Alto,Público,Negativo,5,Não,Ensino Médio,Perto,Masculino,69,médio
6353,24,77,Médio,Baixo,Sim,6,65,Alto,Sim,2,Médio,Alto,Privado,Positivo,3,Não,Ensino Médio,Perto,Masculino,68,médio
6354,8,65,Médio,Médio,Não,7,83,Baixo,Sim,3,Médio,Médio,Público,Negativo,4,Não,Ensino Médio,Perto,Feminino,60,baixo
6355,19,77,Médio,Baixo,Não,9,57,Baixo,Sim,4,Médio,Médio,Público,Neutro,3,Sim,Ensino Médio,Perto,Feminino,64,médio
6356,33,78,Médio,Médio,Não,9,72,Médio,Sim,4,Médio,Médio,Público,Positivo,3,Não,Ensino Médio,Moderado,Masculino,71,médio
6357,11,82,Alto,Alto,Não,7,97,Baixo,Sim,2,Alto,Médio,Público,Positivo,3,Não,Faculdade,Perto,Masculino,69,médio
6358,8,64,Médio,Médio,Sim,7,66,Médio,Sim,1,Baixo,Médio,Privado,Positivo,3,Não,Faculdade,Perto,Masculino,60,baixo
6359,11,100,Alto,Alto,Sim,8,58,Alto,Sim,1,Baixo,Médio,Privado,Positivo,3,Não,Faculdade,Perto,Feminino,70,médio
6360,25,70,Baixo,Médio,Sim,6,57,Médio,Sim,4,Médio,Médio,Privado,Neutro,3,Não,Ensino Médio,Perto,Masculino,66,médio
6361,27,68,Alto,Médio,Não,8,70,Alto,Sim,0,Médio,Médio,Privado,Positivo,3,Não,Pós-Graduação,Perto,Masculino,68,médio
6362,17,81,Alto,Baixo,Não,7,61,Médio,Sim,2,Alto,Médio,Público,Positivo,2,Não,Faculdade,Perto,Feminino,67,médio
6363,24,81,Médio,Médio,Sim,7,71,Alto,Sim,1,Médio,Alto,Público,Neutro,3,Não,Faculdade,Perto,Masculino,70,médio
6364,28,78,Alto,Médio,Sim,7,86,Baixo,Sim,0,Baixo,Alto,Público,Neutro,2,Não,Faculdade,Moderado,Masculino,69,médio
6365,31,91,Médio,Alto,Sim,7,94,Alto,Sim,2,Alto,Alto,Público,Negativo,3,Não,Ensino Médio,Longe,Masculino,75,médio
6366,19,81,Médio,Baixo,Sim,10,56,Baixo,Sim,1,Médio,Alto,Público,Positivo,3,Não,Ensino Médio,Perto,Masculino,65,médio
6367,6,84,Médio,Médio,Sim,6,88,Médio,Sim,1,Baixo,Médio,Privado,Positivo,5,Não,Pós-Graduação,Moderado,Masculino,65,médio
6368,15,89,Médio,Baixo,Não,6,55,Médio,Sim,1,Médio,Médio,Público,Positivo,4,Não,Pós-Graduação,Moderado,Masculino,66,médio
6369,17,61,Alto,Médio,Sim,9,69,Alto,Sim,1,Médio,Alto,Público,Positivo,3,Não,Ensino Médio,Longe,Masculino,64,médio
6370,18,83,Baixo,Médio,Não,8,100,Médio,Sim,1,Baixo,Alto,Privado,Negativo,2,Não,Ensino Médio,Perto,Feminino,66,médio
6371,19,95,Médio,Alto,Sim,8,53,Médio,Sim,3,Baixo,Médio,Público,Positivo,1,Não,Ensino Médio,Moderado,Feminino,70,médio
6372,27,61,Alto,Baixo,Não,5,51,Alto,Sim,1,Baixo,Médio,Privado,Positivo,1,Não,Faculdade,Longe,Masculino,63,médio
6373,28,76,Baixo,Baixo,Não,7,67,Alto,Sim,1,Alto,Baixo,Público,Negativo,4,Não,Faculdade,Perto,Masculino,66,médio
6374,19,97,Baixo,Médio,Sim,8,98,Baixo,Sim,1,Médio,Médio,Público,Positivo,3,Não,Faculdade,Perto,Feminino,71,médio
6375,27,74,Médio,Alto,Não,6,51,Alto,Sim,2,Médio,Médio,Privado,Positivo,4,Não,Ensino Médio,Longe,Masculino,68,médio
6376,22,78,Médio,Médio,Sim,8,61,Médio,Sim,2,Alto,Médio,Público,Positivo,5,Não,Ensino Médio,Moderado,Masculino,68,médio
6377,20,99,Baixo,Médio,Não,7,80,Alto,Sim,0,Médio,Alto,Público,Negativo,3,Não,Pós-Graduação,Perto,Masculino,71,médio
6378,25,68,Baixo,Médio,Não,6,62,Baixo,Sim,1,Baixo,Alto,Privado,Negativo,4,Não,Faculdade,Moderado,Feminino,63,médio
6379,20,63,Baixo,Baixo,Não,9,53,Baixo,Sim,1,Médio,Médio,Público,Positivo,4,Não,Ensino Médio,Perto,Masculino,60,baixo
6380,32,94,Médio,Alto,Sim,9,53,Médio,Sim,1,Médio,Médio,Público,Neutro,3,Não,Ensino Médio,Perto,Feminino,73,médio
6381,11,95,Médio,Médio,Sim,7,78,Baixo,Sim,4,Médio,Médio,Privado,Negativo,4,Não,Ensino Médio,Perto,Feminino,68,médio
6382,17,79,Alto,Alto,Sim,8,78,Médio,Sim,2,Alto,Médio,Público,Positivo,5,Não,Ensino Médio,Perto,Feminino,70,médio
6383,19,81,Médio,Médio,Sim,9,85,Médio,Sim,1,Baixo,Médio,Público,Neutro,1,Não,Ensino Médio,Moderado,Masculino,66,médio
6384,23,93,Alto,Médio,Não,6,57,Médio,Sim,1,Alto,Médio,Público,Positivo,2,Não,Pós-Graduação,Perto,Feminino,72,médio
6385,28,90,Alto,Baixo,Sim,8,75,Médio,Sim,1,Baixo,Alto,Público,Neutro,3,Sim,Ensino Médio,Moderado,Masculino,70,médio
6386,20,71,Alto,Alto,Sim,6,80,Médio,Sim,2,Alto,Baixo,Público,Positivo,3,Não,Ensino Médio,Perto,Masculino,68,médio
6387,11,61,Médio,Médio,Sim,5,61,Médio,Sim,3,Médio,Alto,Público,Neutro,0,Sim,Pós-Graduação,Perto,Masculino,60,baixo
6388,25,79,Alto,Médio,Não,6,77,Baixo,Não,2,Baixo,Alto,Público,Neutro,3,Não,Ensino Médio,Perto,Masculino,68,médio
6389,25,94,Alto,Alto,Não,5,85,Alto,Sim,1,Médio,Médio,Público,Neutro,2,Não,Faculdade,Perto,Feminino,74,médio
6390,8,96,Médio,Médio,Sim,8,100,Alto,Sim,1,Alto,Médio,Público,Negativo,4,Não,Ensino Médio,Moderado,Masculino,68,médio
6391,20,98,Baixo,Médio,Sim,6,80,Baixo,Sim,4,Médio,Médio,Público,Positivo,4,Não,Faculdade,Perto,Masculino,72,médio
6392,10,95,Médio,Alto,Sim,5,93,Alto,Sim,0,Baixo,Alto,Público,Positivo,3,Não,Ensino Médio,Moderado,Masculino,69,médio
6393,16,83,Baixo,Médio,Sim,8,92,Baixo,Sim,2,Alto,Alto,Público,Positivo,4,Não,Pós-Graduação,Perto,Feminino,98,alto
6394,15,78,Médio,Alto,Não,8,97,Médio,Sim,1,Médio,Médio,Público,Neutro,4,Não,Pós-Graduação,Perto,Masculino,68,médio
6395,25,91,Médio,Baixo,Não,7,86,Médio,Sim,0,Médio,Médio,Público,Neutro,5,Não,Ensino Médio,Perto,Feminino,70,médio
6396,21,90,Médio,Médio,Não,8,61,Médio,Sim,1,Alto,Médio,Público,Positivo,4,Não,Pós-Graduação,Moderado,Feminino,69,médio
6397,12,82,Alto,Baixo,Não,6,65,Baixo,Sim,3,Médio,Médio,Privado,Negativo,3,Não,Ensino Médio,Perto,Feminino,64,médio
6398,25,63,Médio,Baixo,Não,6,89,Alto,Sim,1,Médio,Alto,Privado,Neutro,4,Não,Ensino Médio,Moderado,Masculino,65,médio
6399,11,97,Médio,Médio,Não,8,76,Alto,Sim,2,Médio,Alto,Público,Positivo,2,Não,Ensino Médio,Moderado,Feminino,69,médio
6400,22,78,Médio,Baixo,Não,9,63,Alto,Sim,2,Médio,Alto,Público,Neutro,4,Não,Ensino Médio,Perto,Masculino,67,médio
6401,15,75,Médio,Alto,Não,6,83,Baixo,Sim,1,Alto,Médio,Privado,Negativo,2,Não,Ensino Médio,Perto,Feminino,65,médio
6402,18,85,Médio,Alto,Sim,6,95,Alto,Sim,2,Baixo,Baixo,Privado,Positivo,4,Não,Faculdade,Perto,Feminino,70,médio
6403,23,87,Alto,Baixo,Não,8,68,Médio,Sim,0,Alto,Alto,Privado,Neutro,3,Não,Faculdade,Longe,Masculino,68,médio
6404,23,68,Médio,Médio,Sim,8,80,Médio,Sim,1,Médio,Baixo,Público,Neutro,1,Não,Ensino Médio,Perto,Feminino,65,médio
6405,28,93,Médio,Médio,Não,7,79,Alto,Sim,0,Médio,Médio,Público,Positivo,4,Não,Pós-Graduação,Perto,Masculino,74,médio
6406,20,72,Médio,Médio,Sim,9,56,Médio,Sim,4,Alto,Médio,Público,Negativo,2,Não,Ensino Médio,Perto,Masculino,65,médio
6407,22,67,Alto,Alto,Sim,10,55,Médio,Sim,1,Baixo,Médio,Público,Positivo,2,Não,Ensino Médio,Moderado,Masculino,65,médio
6408,17,76,Alto,Médio,Sim,8,94,Médio,Sim,3,Médio,Médio,Público,Neutro,4,Não,Ensino Médio,Moderado,Feminino,68,médio
6409,21,89,Médio,Médio,Não,6,97,Médio,Não,1,Baixo,Médio,Privado,Negativo,3,Não,Pós-Graduação,Longe,Feminino,68,médio
6410,23,99,Médio,Médio,Não,8,95,Alto,Sim,5,Médio,Médio,Público,Neutro,4,Não,Ensino Médio,Moderado,Feminino,74,médio
6411,19,92,Alto,Médio,Não,6,70,Alto,Sim,2,Médio,Médio,Privado,Negativo,3,Não,Ensino Médio,Perto,Feminino,71,médio
6412,9,98,Alto,Médio,Sim,9,64,Médio,Sim,1,Baixo,Médio,Privado,Negativo,3,Não,Ensino Médio,Perto,Masculino,67,médio
6413,22,66,Médio,Médio,Sim,6,97,Baixo,Sim,0,Alto,Baixo,Público,Neutro,3,Não,Ensino Médio,Moderado,Feminino,64,médio
6414,22,63,Baixo,Baixo,Sim,7,94,Médio,Sim,0,Médio,Médio,Público,Negativo,3,Sim,Ensino Médio,Longe,Masculino,61,médio
6415,16,82,Médio,Médio,Não,6,91,Médio,Sim,0,Baixo,Médio,Público,Positivo,3,Não,Ensino Médio,Perto,Feminino,66,médio
6416,12,72,Médio,Médio,Não,7,67,Baixo,Sim,0,Baixo,Médio,Público,Positivo,2,Não,Ensino Médio,Perto,Feminino,61,médio
6417,29,93,Médio,Alto,Não,7,82,Médio,Sim,5,Baixo,Médio,Público,Negativo,3,Não,Ensino Médio,Moderado,Masculino,73,médio
6418,23,87,Baixo,Médio,Não,8,88,Alto,Sim,2,Médio,Alto,Público,Neutro,3,Não,Ensino Médio,Perto,Masculino,70,médio
6419,19,99,Baixo,Médio,Não,7,79,Médio,Sim,2,Baixo,Médio,Privado,Neutro,2,Não,Pós-Graduação,Perto,Masculino,70,médio
6420,13,70,Médio,Baixo,Sim,7,80,Alto,Sim,1,Alto,Médio,Público,Positivo,4,Não,Faculdade,Longe,Feminino,63,médio
6421,15,79,Alto,Médio,Sim,6,88,Médio,Sim,3,Alto,Médio,Público,Neutro,3,Não,Pós-Graduação,Moderado,Masculino,69,médio
6422,28,80,Alto,Alto,Não,7,88,Médio,Sim,2,Alto,Médio,Público,Negativo,2,Não,Ensino Médio,Perto,Masculino,72,médio
6423,21,70,Médio,Alto,Sim,5,62,Médio,Sim,2,Baixo,Alto,Público,Neutro,2,Não,Ensino Médio,Perto,Feminino,66,médio
6424,17,84,Alto,Alto,Não,9,70,Médio,Sim,1,Alto,Médio,Público,Negativo,4,Não,Ensino Médio,Perto,Masculino,68,médio
6425,23,78,Médio,Alto,Não,7,89,Médio,Sim,1,Médio,Baixo,Público,Neutro,3,Não,Ensino Médio,Longe,Masculino,67,médio
6426,15,78,Médio,Alto,Sim,9,63,Médio,Não,2,Médio,Médio,Privado,Positivo,3,Não,Pós-Graduação,Longe,Feminino,65,médio
6427,29,75,Baixo,Médio,Sim,7,96,Baixo,Sim,2,Baixo,Médio,Público,Positivo,3,Não,Ensino Médio,Moderado,Masculino,68,médio
6428,28,61,Alto,Médio,Sim,4,92,Baixo,Sim,1,Médio,Alto,Privado,Neutro,4,Não,Faculdade,Perto,Feminino,68,médio
6429,17,81,Alto,Médio,Não,6,95,Alto,Sim,2,Médio,Médio,Privado,Positivo,3,Não,Ensino Médio,Perto,Masculino,69,médio
6430,16,73,Alto,Alto,Sim,7,65,Baixo,Sim,1,Médio,Médio,Privado,Positivo,4,Não,Faculdade,Moderado,Masculino,66,médio
6431,4,60,Médio,Médio,Sim,7,55,Médio,Sim,2,Baixo,Médio,Privado,Neutro,2,Não,Pós-Graduação,Perto,Masculino,58,baixo
6432,11,72,Alto,Baixo,Não,8,55,Alto,Sim,0,Médio,Baixo,Público,Neutro,3,Sim,Faculdade,Perto,Masculino,60,baixo
6433,12,71,Alto,Alto,Sim,7,78,Alto,Sim,3,Baixo,Médio,Público,Positivo,4,Não,Faculdade,Moderado,Feminino,67,médio
6434,21,76,Médio,Médio,Sim,6,65,Baixo,Sim,2,Baixo,Alto,Público,Negativo,2,Não,Ensino Médio,Perto,Feminino,65,médio
6435,18,65,Alto,Médio,Sim,6,63,Alto,Sim,1,Baixo,Médio,Público,Negativo,2,Não,Ensino Médio,Longe,Masculino,62,médio
6436,12,80,Médio,Alto,Sim,6,61,Médio,Sim,0,Alto,Alto,Privado,Neutro,2,Não,Ensino Médio,Perto,Masculino,65,médio
6437,18,88,Alto,Alto,Não,8,78,Médio,Sim,0,Médio,Médio,Público,Neutro,2,Não,Faculdade,Moderado,Masculino,69,médio
6438,23,85,Baixo,Alto,Não,8,77,Médio,Sim,0,Alto,Médio,Público,Positivo,4,Não,Faculdade,Perto,Masculino,70,médio
6439,23,92,Baixo,Alto,Sim,6,71,Alto,Sim,2,Baixo,Médio,Público,Positivo,2,Não,Ensino Médio,Moderado,Masculino,70,médio
6440,9,78,Alto,Médio,Não,9,57,Baixo,Sim,1,Baixo,Alto,Público,Positivo,5,Não,Ensino Médio,Moderado,Feminino,63,médio
6441,19,81,Baixo,Médio,Sim,8,96,Alto,Sim,0,Médio,Alto,Público,Neutro,4,Não,Pós-Graduação,Perto,Masculino,69,médio
6442,12,92,Baixo,Médio,Não,6,71,Baixo,Sim,0,Médio,Alto,Privado,Negativo,4,Não,Ensino Médio,Perto,Masculino,64,médio
6443,25,77,Médio,Alto,Não,7,56,Médio,Sim,1,Baixo,Médio,Público,Positivo,3,Não,Pós-Graduação,Perto,Masculino,69,médio
6444,25,88,Alto,Médio,Sim,8,52,Baixo,Sim,1,Médio,Médio,Público,Positivo,2,Não,Ensino Médio,Perto,Masculino,70,médio
6445,15,77,Médio,Médio,Sim,5,58,Médio,Sim,1,Baixo,Médio,Público,Positivo,3,Não,Faculdade,Moderado,Feminino,64,médio
6446,15,77,Alto,Médio,Sim,5,65,Baixo,Não,2,Baixo,Médio,Público,Positivo,4,Sim,Pós-Graduação,Perto,Masculino,65,médio
6447,17,90,Alto,Médio,Não,8,82,Médio,Sim,0,Médio,Alto,Público,Neutro,4,Não,Faculdade,Perto,Masculino,70,médio
6448,6,67,Médio,Baixo,Sim,6,99,Baixo,Sim,0,Médio,Médio,Privado,Neutro,2,Não,Faculdade,Perto,Masculino,60,baixo
6449,22,74,Médio,Alto,Sim,9,64,Alto,Sim,3,Médio,Médio,Público,Neutro,3,Não,Ensino Médio,Perto,Feminino,68,médio
6450,18,69,Baixo,Baixo,Sim,10,89,Baixo,Sim,2,Baixo,Alto,Público,Neutro,1,Sim,Ensino Médio,Moderado,Masculino,61,médio
6451,26,74,Médio,Baixo,Sim,8,96,Médio,Sim,2,Médio,Alto,Privado,Neutro,3,Não,Ensino Médio,Perto,Feminino,68,médio
6452,13,69,Médio,Baixo,Não,8,70,Médio,Sim,1,Alto,Alto,Privado,Neutro,3,Não,Ensino Médio,Moderado,Masculino,61,médio
6453,16,83,Baixo,Médio,Não,5,63,Baixo,Sim,2,Alto,Médio,Privado,Positivo,3,Sim,Ensino Médio,Moderado,Feminino,64,médio
6454,11,92,Médio,Médio,Não,5,75,Médio,Sim,2,Médio,Médio,Público,Negativo,3,Não,Ensino Médio,Perto,Feminino,66,médio
6455,14,91,Médio,Médio,Sim,7,95,Médio,Sim,2,Alto,Alto,Público,Positivo,2,Não,Ensino Médio,Moderado,Masculino,70,médio
6456,13,75,Alto,Alto,Sim,5,51,Médio,Sim,3,Médio,Médio,Privado,Negativo,3,Não,Ensino Médio,Perto,Feminino,65,médio
6457,26,100,Médio,Alto,Sim,7,74,Alto,Sim,1,Médio,Médio,Público,Neutro,2,Não,Ensino Médio,Perto,Feminino,74,médio
6458,16,84,Alto,Alto,Não,6,88,Baixo,Sim,1,Médio,Médio,Privado,Negativo,1,Sim,Ensino Médio,Perto,Masculino,66,médio
6459,21,76,Baixo,Médio,Sim,7,80,Alto,Sim,3,Baixo,Médio,Público,Negativo,2,Sim,Faculdade,Perto,Masculino,65,médio
6460,18,93,Baixo,Alto,Não,7,75,Alto,Sim,1,Alto,Médio,Privado,Positivo,1,Não,Faculdade,Moderado,Feminino,69,médio
6461,12,89,Médio,Alto,Sim,8,78,Baixo,Sim,4,Baixo,Médio,Público,Neutro,5,Não,Pós-Graduação,Perto,Feminino,69,médio
6462,19,90,Baixo,Alto,Não,7,81,Médio,Sim,2,Médio,Médio,Privado,Positivo,2,Não,Ensino Médio,Perto,Feminino,69,médio
6463,24,68,Alto,Baixo,Não,6,84,Médio,Sim,1,Baixo,Alto,Público,Positivo,4,Não,Ensino Médio,Perto,Feminino,66,médio
6464,13,79,Médio,Baixo,Não,5,68,Médio,Não,2,Alto,Médio,Privado,Positivo,3,Não,Ensino Médio,Perto,Feminino,63,médio
6465,25,94,Médio,Baixo,Sim,7,76,Médio,Sim,1,Baixo,Alto,Privado,Neutro,2,Sim,Ensino Médio,Moderado,Feminino,69,médio
6466,15,80,Médio,Alto,Sim,4,64,Médio,Sim,1,Médio,Médio,Público,Neutro,1,Não,Ensino Médio,Perto,Masculino,65,médio
6467,17,87,Médio,Médio,Não,9,99,Médio,Sim,1,Médio,Baixo,Privado,Neutro,3,Não,Ensino Médio,Moderado,Masculino,67,médio
6468,23,84,Médio,Médio,Não,8,59,Baixo,Sim,1,Baixo,Alto,Público,Positivo,4,Sim,Pós-Graduação,Longe,Feminino,66,médio
6469,16,94,Baixo,Médio,Sim,8,58,Médio,Sim,2,Baixo,Médio,Público,Positivo,3,Sim,Faculdade,Perto,Masculino,67,médio
6470,20,71,Baixo,Alto,Sim,6,63,Alto,Sim,1,Baixo,Médio,Público,Positivo,2,Não,Faculdade,Moderado,Masculino,65,médio
6471,18,83,Médio,Alto,Não,8,96,Baixo,Sim,0,Médio,Alto,Público,Positivo,4,Sim,Pós-Graduação,Perto,Feminino,69,médio
6472,21,65,Baixo,Alto,Não,6,83,Médio,Sim,3,Baixo,Alto,Público,Neutro,5,Não,Ensino Médio,Perto,Masculino,65,médio
6473,6,88,Alto,Alto,Sim,7,73,Médio,Sim,3,Baixo,Médio,Privado,Neutro,3,Não,Faculdade,Perto,Masculino,67,médio
6474,9,89,Médio,Médio,Sim,6,96,Médio,Sim,0,Alto,Baixo,Público,Negativo,4,Não,Ensino Médio,Perto,Masculino,66,médio
6475,24,62,Baixo,Médio,Não,7,95,Médio,Sim,1,Alto,Baixo,Público,Positivo,3,Não,Faculdade,Longe,Feminino,64,médio
6476,26,87,Médio,Alto,Não,5,70,Baixo,Sim,1,Baixo,Médio,Privado,Positivo,2,Não,Ensino Médio,Perto,Feminino,70,médio
6477,15,77,Médio,Alto,Sim,7,78,Médio,Sim,0,Baixo,Alto,Público,Neutro,3,Não,Ensino Médio,Moderado,Masculino,65,médio
6478,19,65,Baixo,Médio,Sim,5,95,Médio,Sim,2,Médio,Alto,Privado,Neutro,4,Não,Faculdade,Perto,Masculino,65,médio
6479,22,77,Baixo,Baixo,Não,10,66,Médio,Sim,2,Baixo,Médio,Público,Positivo,3,Não,Faculdade,Moderado,Masculino,64,médio
6480,24,68,Médio,Baixo,Sim,7,70,Baixo,Sim,1,Baixo,Baixo,Público,Neutro,3,Não,Faculdade,Perto,Masculino,64,médio
6481,8,77,Médio,Baixo,Sim,7,90,Baixo,Sim,1,Médio,Médio,Público,Neutro,0,Não,Ensino Médio,Moderado,Masculino,61,médio
6482,15,75,Alto,Médio,Não,8,85,Médio,Sim,1,Baixo,Alto,Público,Neutro,3,Não,Ensino Médio,Perto,Masculino,65,médio
6483,18,90,Alto,Médio,Sim,5,52,Baixo,Sim,5,Médio,Médio,Privado,Positivo,3,Sim,Ensino Médio,Moderado,Masculino,68,médio
6484,24,91,Baixo,Alto,Sim,6,56,Médio,Sim,1,Baixo,Alto,Público,Positivo,2,Não,Faculdade,Moderado,Masculino,70,médio
6485,35,84,Baixo,Médio,Sim,8,92,Alto,Sim,6,Baixo,Alto,Público,Negativo,4,Não,Ensino Médio,Moderado,Masculino,74,médio
6486,19,61,Médio,Médio,Não,7,51,Baixo,Sim,1,Baixo,Alto,Público,Neutro,1,Não,Ensino Médio,Perto,Feminino,60,baixo
6487,12,97,Alto,Baixo,Sim,6,96,Médio,Sim,2,Baixo,Alto,Público,Positivo,2,Não,Pós-Graduação,Perto,Feminino,71,médio
6488,22,87,Alto,Alto,Sim,8,64,Médio,Não,2,Médio,Alto,Público,Negativo,3,Não,Ensino Médio,Moderado,Feminino,70,médio
6489,28,61,Baixo,Médio,Sim,7,80,Baixo,Sim,2,Médio,Médio,Público,Positivo,4,Não,Pós-Graduação,Perto,Feminino,67,médio
6490,21,93,Médio,Médio,Sim,8,78,Médio,Não,0,Baixo,Médio,Privado,Neutro,3,Não,Ensino Médio,Perto,Masculino,68,médio
6491,15,68,Alto,Médio,Não,8,70,Médio,Sim,3,Médio,Alto,Público,Negativo,3,Não,Ensino Médio,Perto,Feminino,64,médio
6492,26,83,Alto,Baixo,Não,6,52,Médio,Sim,0,Baixo,Alto,Público,Negativo,3,Não,Ensino Médio,Perto,Masculino,67,médio
6493,24,79,Baixo,Baixo,Não,7,60,Baixo,Sim,0,Baixo,Alto,Público,Neutro,3,Não,Pós-Graduação,Perto,Feminino,65,médio
6494,14,77,Médio,Médio,Sim,4,81,Baixo,Sim,3,Médio,Médio,Privado,Neutro,3,Não,Faculdade,Perto,Feminino,66,médio
6495,22,96,Médio,Médio,Sim,6,72,Baixo,Sim,1,Alto,Médio,Público,Positivo,4,Não,Faculdade,Perto,Feminino,72,médio
6496,26,77,Baixo,Médio,Sim,7,71,Alto,Sim,3,Alto,Médio,Público,Neutro,3,Não,Ensino Médio,Perto,Feminino,69,médio
6497,27,63,Médio,Médio,Sim,8,55,Baixo,Sim,1,Médio,Médio,Privado,Neutro,3,Não,Pós-Graduação,Perto,Feminino,65,médio
6498,20,98,Baixo,Alto,Sim,8,67,Médio,Sim,0,Alto,Médio,Público,Positivo,3,Não,Ensino Médio,Perto,Feminino,71,médio
6499,18,97,Alto,Alto,Sim,6,76,Médio,Sim,0,Médio,Alto,Público,Neutro,5,Não,Ensino Médio,Moderado,Masculino,72,médio
6500,27,87,Alto,Médio,Não,6,54,Médio,Sim,0,Médio,Médio,Privado,Positivo,2,Não,Ensino Médio,Perto,Feminino,70,médio
6501,13,79,Alto,Médio,Não,9,53,Médio,Não,1,Médio,Médio,Privado,Positivo,2,Não,Faculdade,Moderado,Masculino,63,médio
6502,23,64,Médio,Médio,Não,7,75,Médio,Sim,2,Médio,Alto,Público,Positivo,2,Não,Ensino Médio,Perto,Feminino,66,médio
6503,12,92,Baixo,Baixo,Sim,7,78,Alto,Sim,3,Médio,Alto,Público,Negativo,2,Não,Faculdade,Perto,Masculino,67,médio
6504,26,63,Médio,Alto,Não,8,63,Baixo,Sim,1,Alto,Alto,Público,Neutro,3,Não,Pós-Graduação,Perto,Masculino,67,médio
6505,18,63,Médio,Médio,Sim,7,66,Baixo,Sim,2,Médio,Médio,Privado,Negativo,2,Não,Faculdade,Perto,Feminino,62,médio
6506,28,81,Médio,Alto,Sim,7,90,Alto,Sim,3,Médio,Médio,Privado,Negativo,3,Não,Ensino Médio,Moderado,Masculino,72,médio
6507,23,66,Médio,Alto,Sim,7,93,Alto,Sim,1,Alto,Alto,Público,Positivo,1,Não,Ensino Médio,Perto,Feminino,69,médio
6508,13,60,Médio,Médio,Sim,6,66,Médio,Sim,1,Médio,Alto,Público,Positivo,5,Sim,Faculdade,Moderado,Masculino,61,médio
6509,29,77,Médio,Baixo,Sim,7,68,Alto,Sim,1,Médio,Médio,Público,Positivo,3,Não,Ensino Médio,Longe,Feminino,67,médio
6510,29,65,Baixo,Médio,Sim,4,92,Médio,Não,0,Médio,Médio,Privado,Positivo,4,Não,Ensino Médio,Perto,Feminino,66,médio
6511,25,66,Médio,Médio,Sim,6,99,Médio,Sim,2,Médio,Médio,Público,Positivo,3,Não,Faculdade,Perto,Feminino,68,médio
6512,15,63,Médio,Alto,Não,8,66,Alto,Sim,1,Baixo,Médio,Privado,Negativo,4,Não,Faculdade,Perto,Masculino,62,médio
6513,18,68,Alto,Baixo,Sim,8,89,Médio,Sim,0,Médio,Baixo,Público,Negativo,3,Não,Faculdade,Longe,Masculino,63,médio
6514,21,89,Médio,Médio,Sim,9,74,Alto,Sim,3,Baixo,Médio,Privado,Positivo,4,Não,Ensino Médio,Moderado,Feminino,70,médio
6515,16,92,Baixo,Alto,Sim,8,63,Médio,Sim,2,Baixo,Médio,Público,Neutro,4,Não,Faculdade,Moderado,Masculino,68,médio
6516,30,78,Médio,Alto,Sim,8,84,Médio,Sim,1,Alto,Baixo,Privado,Negativo,1,Não,Faculdade,Perto,Masculino,71,médio
6517,21,80,Alto,Baixo,Não,7,73,Médio,Sim,0,Médio,Baixo,Privado,Neutro,2,Não,Ensino Médio,Moderado,Feminino,65,médio
6518,4,61,Baixo,Alto,Sim,6,63,Médio,Sim,4,Médio,Médio,Público,Neutro,3,Não,Ensino Médio,Moderado,Masculino,59,baixo
6519,22,63,Alto,Baixo,Sim,8,55,Médio,Sim,2,Médio,Médio,Privado,Neutro,4,Não,Ensino Médio,Perto,Masculino,64,médio
6520,18,70,Médio,Alto,Não,7,93,Médio,Sim,0,Médio,Alto,Público,Positivo,3,Não,Faculdade,Perto,Masculino,67,médio
6521,20,82,Médio,Médio,Não,6,94,Médio,Sim,3,Baixo,Médio,Privado,Positivo,2,Não,Ensino Médio,Perto,Masculino,68,médio
6522,18,90,Alto,Alto,Sim,6,54,Baixo,Sim,1,Médio,Alto,Público,Negativo,3,Não,Ensino Médio,Perto,Feminino,95,alto
6523,25,84,Médio,Médio,Sim,7,83,Alto,Sim,1,Baixo,Médio,Público,Positivo,3,Não,Ensino Médio,Moderado,Masculino,70,médio
6524,27,76,Médio,Médio,Não,9,58,Médio,Sim,1,Médio,Médio,Público,Positivo,3,Não,Faculdade,Perto,Feminino,68,médio
6525,22,65,Baixo,Médio,Não,7,82,Médio,Sim,2,Médio,Alto,Público,Positivo,4,Sim,Faculdade,Perto,Masculino,65,médio
6526,18,91,Baixo,Médio,Não,7,95,Médio,Sim,2,Baixo,Alto,Público,Positivo,2,Não,Pós-Graduação,Perto,Masculino,70,médio
6527,20,75,Médio,Médio,Não,8,63,Médio,Sim,4,Médio,Baixo,Público,Neutro,3,Não,Pós-Graduação,Perto,Masculino,67,médio
6528,20,89,Médio,Alto,Não,8,67,Médio,Sim,2,Baixo,Alto,Público,Neutro,2,Sim,Faculdade,Perto,Masculino,69,médio
6529,15,81,Médio,Alto,Sim,7,90,Alto,Sim,1,Baixo,Médio,Privado,Positivo,2,Não,Pós-Graduação,Longe,Feminino,68,médio
6530,23,90,Alto,Alto,Não,7,87,Alto,Sim,1,Baixo,Médio,Público,Neutro,2,Não,Ensino Médio,Perto,Feminino,72,médio
6531,23,96,Médio,Alto,Não,6,70,Médio,Sim,1,Médio,Médio,Público,Neutro,2,Não,Ensino Médio,Perto,Masculino,71,médio
6532,29,97,Médio,Alto,Sim,9,92,Médio,Sim,2,Baixo,Médio,Público,Positivo,4,Não,Ensino Médio,Moderado,Feminino,75,médio
6533,28,81,Médio,Alto,Não,6,96,Médio,Sim,0,Médio,Médio,Público,Neutro,2,Não,Ensino Médio,Perto,Masculino,70,médio
6534,16,80,Médio,Médio,Não,9,73,Médio,Sim,2,Médio,Médio,Privado,Negativo,4,Não,Faculdade,Perto,Masculino,66,médio
6535,25,71,Médio,Alto,Sim,7,52,Alto,Sim,3,Baixo,Médio,Privado,Neutro,3,Não,Ensino Médio,Perto,Masculino,67,médio
6536,14,97,Médio,Médio,Sim,7,75,Alto,Sim,1,Médio,Médio,Público,Positivo,4,Não,Faculdade,Perto,Feminino,70,médio
6537,24,78,Alto,Alto,Sim,8,87,Médio,Sim,2,Médio,Médio,Público,Neutro,3,Não,Ensino Médio,Perto,Masculino,71,médio
6538,17,65,Médio,Médio,Não,6,61,Médio,Sim,5,Baixo,Médio,Público,Positivo,4,Não,Ensino Médio,Perto,Feminino,64,médio
6539,14,77,Médio,Médio,Não,8,55,Alto,Sim,2,Alto,Alto,Privado,Neutro,4,Não,Ensino Médio,Perto,Masculino,65,médio
6540,22,65,Médio,Médio,Sim,7,64,Alto,Sim,1,Médio,Alto,Privado,Negativo,2,Não,Ensino Médio,Moderado,Masculino,64,médio
6541,4,80,Baixo,Médio,Sim,8,51,Médio,Sim,4,Médio,Alto,Público,Negativo,5,Não,Ensino Médio,Perto,Masculino,62,médio
6542,9,82,Alto,Baixo,Sim,6,86,Médio,Sim,2,Baixo,Alto,Privado,Negativo,2,Não,Faculdade,Longe,Feminino,64,médio
6543,19,74,Médio,Alto,Sim,6,57,Alto,Sim,1,Médio,Médio,Privado,Positivo,2,Não,Ensino Médio,Perto,Feminino,66,médio
6544,20,63,Médio,Médio,Sim,4,86,Baixo,Sim,0,Alto,Médio,Público,Neutro,3,Não,Faculdade,Perto,Masculino,64,médio
6545,18,98,Alto,Médio,Sim,6,62,Baixo,Sim,3,Médio,Alto,Público,Positivo,3,Não,Ensino Médio,Longe,Feminino,71,médio
6546,11,91,Alto,Baixo,Sim,6,100,Baixo,Sim,4,Baixo,Médio,Público,Negativo,2,Não,Pós-Graduação,Perto,Masculino,68,médio
6547,15,94,Médio,Médio,Sim,6,77,Baixo,Sim,3,Alto,Alto,Privado,Neutro,4,Não,Faculdade,Perto,Feminino,70,médio
6548,22,75,Alto,Médio,Não,7,52,Alto,Sim,0,Baixo,Médio,Privado,Neutro,3,Não,Faculdade,Perto,Feminino,66,médio
6549,23,90,Médio,Médio,Não,7,89,Baixo,Sim,2,Alto,Médio,Público,Positivo,4,Não,Faculdade,Moderado,Feminino,71,médio
6550,20,79,Médio,Médio,Sim,8,71,Médio,Sim,1,Médio,Alto,Público,Neutro,3,Não,Faculdade,Perto,Feminino,68,médio
6551,27,68,Baixo,Baixo,Sim,8,80,Alto,Sim,3,Médio,Médio,Público,Positivo,4,Sim,Ensino Médio,Perto,Masculino,66,médio
6552,22,65,Baixo,Médio,Não,8,98,Alto,Sim,4,Médio,Médio,Privado,Neutro,3,Não,Ensino Médio,Perto,Feminino,66,médio
6553,16,74,Baixo,Alto,Não,8,76,Médio,Sim,5,Baixo,Médio,Público,Negativo,3,Não,Faculdade,Moderado,Masculino,65,médio
6554,18,66,Médio,Médio,Sim,7,90,Médio,Sim,0,Médio,Médio,Público,Negativo,4,Não,Pós-Graduação,Perto,Masculino,64,médio
6555,12,100,Baixo,Médio,Sim,7,65,Médio,Sim,1,Baixo,Médio,Privado,Positivo,2,Não,Ensino Médio,Perto,Masculino,67,médio
6556,19,62,Médio,Médio,Sim,8,86,Baixo,Sim,1,Alto,Médio,Público,Positivo,3,Não,Faculdade,Perto,Masculino,65,médio
6557,27,78,Médio,Médio,Sim,8,55,Baixo,Sim,3,Alto,Médio,Público,Neutro,2,Não,Pós-Graduação,Moderado,Masculino,69,médio
6558,24,78,Alto,Médio,Sim,5,95,Baixo,Sim,1,Baixo,Médio,Privado,Positivo,2,Não,Faculdade,Perto,Masculino,69,médio
6559,28,72,Baixo,Médio,Sim,7,60,Médio,Sim,4,Alto,Médio,Público,Neutro,3,Não,Pós-Graduação,Perto,Masculino,69,médio
6560,18,83,Médio,Alto,Não,4,65,Baixo,Sim,3,Baixo,Médio,Público,Positivo,4,Não,Faculdade,Moderado,Masculino,68,médio
6561,28,66,Médio,Baixo,Sim,4,98,Médio,Sim,0,Médio,Alto,Público,Positivo,3,Não,Ensino Médio,Perto,Feminino,67,médio
6562,19,91,Médio,Baixo,Não,6,58,Alto,Sim,2,Baixo,Alto,Público,Positivo,3,Não,Faculdade,Moderado,Masculino,68,médio
6563,29,73,Baixo,Baixo,Sim,7,63,Médio,Sim,1,Baixo,Médio,Público,Negativo,4,Não,Pós-Graduação,Longe,Feminino,65,médio
6564,20,84,Alto,Médio,Sim,6,79,Médio,Sim,3,Médio,Médio,Público,Negativo,3,Não,Faculdade,Moderado,Masculino,69,médio
6565,24,89,Médio,Baixo,Não,4,99,Alto,Sim,1,Alto,Alto,Privado,Positivo,3,Não,Pós-Graduação,Perto,Masculino,73,médio
6566,29,96,Alto,Médio,Não,8,85,Baixo,Sim,3,Alto,Médio,Público,Neutro,3,Não,Pós-Graduação,Perto,Masculino,76,médio
6567,19,93,Médio,Alto,Sim,6,56,Médio,Sim,0,Baixo,Alto,Privado,Negativo,3,Não,Faculdade,Perto,Masculino,69,médio
6568,21,84,Alto,Baixo,Sim,8,87,Baixo,Sim,2,Alto,Médio,Público,Positivo,1,Não,Pós-Graduação,Longe,Feminino,69,médio
6569,28,76,Médio,Médio,Sim,6,71,Médio,Sim,3,Baixo,Médio,Privado,Positivo,2,Não,Ensino Médio,Longe,Feminino,68,médio
6570,19,80,Alto,Alto,Sim,6,100,Médio,Sim,1,Médio,Médio,Público,Positivo,3,Não,Ensino Médio,Perto,Masculino,70,médio
6571,12,91,Médio,Baixo,Sim,8,81,Baixo,Sim,0,Baixo,Baixo,Público,Positivo,4,Não,Ensino Médio,Moderado,Masculino,64,médio
6572,33,95,Baixo,Baixo,Sim,6,77,Baixo,Sim,2,Alto,Alto,Privado,Positivo,3,Não,Ensino Médio,Moderado,Feminino,73,médio
6573,17,64,Médio,Médio,Sim,7,78,Alto,Sim,1,Médio,Médio,Público,Positivo,3,Não,Ensino Médio,Perto,Masculino,64,médio
6574,21,75,Médio,Baixo,Sim,7,82,Médio,Sim,1,Médio,Médio,Público,Negativo,4,Não,Ensino Médio,Perto,Masculino,65,médio
6575,27,91,Baixo,Alto,Não,5,87,Médio,Não,0,Médio,Médio,Público,Negativo,3,Não,Ensino Médio,Perto,Feminino,69,médio
6576,16,77,Médio,Baixo,Sim,8,54,Médio,Não,0,Médio,Médio,Público,Negativo,3,Não,Pós-Graduação,Perto,Masculino,62,médio
6577,14,73,Alto,Médio,Sim,6,57,Alto,Sim,2,Médio,Médio,Público,Neutro,4,Não,Ensino Médio,Moderado,Feminino,64,médio
6578,22,76,Baixo,Alto,Não,5,65,Baixo,Sim,0,Médio,Alto,Público,Neutro,3,Não,Ensino Médio,Longe,Feminino,64,médio
6579,9,84,Médio,Médio,Não,6,74,Médio,Sim,5,Alto,Médio,Público,Neutro,2,Não,Ensino Médio,Perto,Masculino,67,médio
6580,18,100,Médio,Baixo,Sim,8,66,Alto,Não,3,Baixo,Médio,Público,Negativo,3,Não,Faculdade,Perto,Masculino,69,médio
6581,21,80,Médio,Baixo,Sim,5,61,Médio,Sim,2,Alto,Médio,Público,Positivo,3,Não,Ensino Médio,Perto,Masculino,67,médio
6582,18,68,Baixo,Alto,Não,8,96,Médio,Sim,1,Alto,Médio,Público,Neutro,3,Não,Ensino Médio,Moderado,Masculino,65,médio
6583,11,67,Médio,Alto,Não,8,52,Alto,Sim,3,Alto,Alto,Público,Negativo,3,Não,Faculdade,Moderado,Feminino,63,médio
6584,30,62,Baixo,Baixo,Sim,7,97,Médio,Sim,0,Alto,Médio,Privado,Neutro,5,Não,Faculdade,Perto,Feminino,66,médio
6585,21,82,Médio,Alto,Não,7,95,Alto,Sim,1,Alto,Médio,Público,Negativo,3,Não,Ensino Médio,Perto,Masculino,70,médio
6586,29,82,Médio,Alto,Não,7,84,Baixo,Sim,1,Baixo,Médio,Privado,Positivo,2,Não,Ensino Médio,Perto,Masculino,70,médio
6587,18,68,Alto,Alto,Sim,8,52,Alto,Sim,0,Alto,Alto,Público,Positivo,3,Não,Faculdade,Perto,Masculino,67,médio
6588,15,88,Baixo,Médio,Sim,6,61,Médio,Sim,0,Alto,Médio,Público,Neutro,4,Sim,Pós-Graduação,Longe,Masculino,65,médio
6589,22,90,Baixo,Alto,Não,5,99,Médio,Sim,1,Baixo,Baixo,Privado,Positivo,2,Não,Faculdade,Perto,Feminino,70,médio
6590,19,70,Médio,Médio,Sim,7,95,Alto,Não,0,Médio,Alto,Privado,Positivo,3,Não,Faculdade,Perto,Feminino,66,médio
6591,13,74,Médio,Alto,Sim,8,98,Alto,Sim,1,Alto,Alto,Público,Negativo,2,Não,Ensino Médio,Perto,Masculino,66,médio
6592,29,100,Médio,Baixo,Sim,8,100,Baixo,Sim,0,Baixo,Médio,Privado,Neutro,5,Sim,Ensino Médio,Perto,Masculino,72,médio
6593,16,75,Alto,Baixo,Sim,10,53,Alto,Sim,0,Baixo,Baixo,Público,Positivo,4,Não,Faculdade,Perto,Feminino,64,médio
6594,9,90,Alto,Alto,Sim,7,79,Baixo,Sim,4,Alto,Alto,Público,Positivo,4,Não,Ensino Médio,Perto,Masculino,70,médio
6595,28,78,Médio,Alto,Não,7,92,Baixo,Sim,1,Médio,Alto,Público,Positivo,3,Não,Pós-Graduação,Moderado,Feminino,71,médio
6596,17,92,Médio,Médio,Não,7,66,Baixo,Sim,2,Baixo,Médio,Público,Negativo,3,Não,Ensino Médio,Perto,Masculino,66,médio
6597,16,91,Alto,Médio,Sim,6,72,Alto,Sim,0,Alto,Alto,Público,Negativo,2,Não,Pós-Graduação,Perto,Feminino,70,médio
6598,9,87,Baixo,Médio,Sim,6,64,Médio,Sim,1,Alto,Médio,Público,Neutro,2,Não,Ensino Médio,Perto,Feminino,64,médio
6599,30,94,Médio,Baixo,Não,5,52,Baixo,Não,3,Alto,Médio,Privado,Neutro,2,Não,Pós-Graduação,Moderado,Feminino,70,médio
6600,12,98,Médio,Baixo,Sim,4,54,Médio,Sim,2,Médio,Alto,Privado,Neutro,3,Não,Ensino Médio,Perto,Feminino,67,médio
6601,20,83,Médio,Baixo,Não,6,51,Baixo,Sim,2,Médio,Médio,Público,Neutro,4,Não,Ensino Médio,Moderado,Feminino,65,médio
6602,25,69,Alto,Médio,Não,7,76,Médio,Sim,1,Alto,Médio,Público,Positivo,2,Não,Ensino Médio,Perto,Feminino,68,médio
6603,23,76,Alto,Médio,Não,8,81,Médio,Sim,3,Baixo,Alto,Público,Positivo,2,Não,Ensino Médio,Perto,Feminino,69,médio
6604,20,90,Médio,Baixo,Sim,6,65,Baixo,Sim,3,Baixo,Médio,Público,Negativo,2,Não,Pós-Graduação,Perto,Feminino,68,médio
6605,10,86,Alto,Alto,Sim,6,91,Alto,Sim,2,Baixo,Médio,Privado,Positivo,3,Não,Ensino Médio,Longe,Feminino,68,médio
6606,15,67,Médio,Baixo,Sim,9,94,Médio,Sim,0,Médio,Médio,Público,Positivo,4,Não,Pós-Graduação,Perto,Masculino,64,médio
